[11:54:59] [main/INFO] (cpw.mods.modlauncher.Launcher) ModLauncher running: args [--launchTarget, forgeclientuserdev, --version, 21.0.167, --assetIndex, 1.21-17, --assetsDir, F:\.gradle\caches\fabric-loom\assets, --gameDir, ., --fml.neoForgeVersion, 21.0.167, --fml.fmlVersion, 4.0.23, --fml.mcVersion, 1.21, --fml.neoFormVersion, 20240613.152323]
[11:54:59] [main/INFO] (cpw.mods.modlauncher.Launcher) JVM identified as Oracle Corporation OpenJDK 64-Bit Server VM 21.0.2+13-58
[11:54:59] [main/INFO] (cpw.mods.modlauncher.Launcher) ModLauncher 11.0.4+main.d2e20e43 starting: java version 21.0.2 by Oracle Corporation; OS Windows 10 arch amd64 version 10.0
[11:54:59] [main/DEBUG] (cpw.mods.modlauncher.LaunchServiceHandler) Found launch services [minecraft,forgeclient,forgedatauserdev,testharness,forgeserverdev,forgeserveruserdev,forgejunitdev,forgeclientdev,forgeclientuserdev,forgeserver,forgejunituserdev,forgedatadev]
[11:54:59] [main/DEBUG] (cpw.mods.modlauncher.LaunchPluginHandler) Found launch plugins: [mixin,slf4jfixer,runtime_enum_extender,unprotect,accesstransformer,runtimedistcleaner]
[11:54:59] [main/DEBUG] (cpw.mods.modlauncher.TransformationServicesHandler) Discovering transformation services
[11:54:59] [main/DEBUG] (net.neoforged.fml.loading.FMLPaths) Path GAMEDIR is F:\disc_jockey-1.21-fabric-quilt-neoforge-template\neoforge\run
[11:54:59] [main/DEBUG] (net.neoforged.fml.loading.FMLPaths) Path MODSDIR is F:\disc_jockey-1.21-fabric-quilt-neoforge-template\neoforge\run\mods
[11:54:59] [main/DEBUG] (net.neoforged.fml.loading.FMLPaths) Path CONFIGDIR is F:\disc_jockey-1.21-fabric-quilt-neoforge-template\neoforge\run\config
[11:54:59] [main/DEBUG] (net.neoforged.fml.loading.FMLPaths) Path FMLCONFIG is F:\disc_jockey-1.21-fabric-quilt-neoforge-template\neoforge\run\config\fml.toml
[11:54:59] [main/WARN] (net.neoforged.fml.loading.FMLConfig) Configuration file F:\disc_jockey-1.21-fabric-quilt-neoforge-template\neoforge\run\config\fml.toml is not correct. Correcting
[11:54:59] [main/INFO] (net.neoforged.fml.loading.FMLConfig) Incorrect key [disableConfigWatcher] was corrected from null to false
[11:54:59] [main/INFO] (net.neoforged.fml.loading.FMLConfig) Incorrect key [earlyWindowSkipGLVersions] was corrected from null to []
[11:54:59] [main/INFO] (net.neoforged.fml.loading.FMLConfig) Incorrect key [earlyWindowSquir] was corrected from null to false
[11:54:59] [main/DEBUG] (net.neoforged.fml.loading.targets.CommonLaunchHandler) Got mod coordinates main%%F:\disc_jockey-1.21-fabric-quilt-neoforge-template\neoforge\build\resources\main;main%%F:\disc_jockey-1.21-fabric-quilt-neoforge-template\neoforge\build\classes\java\main;main%%F:\disc_jockey-1.21-fabric-quilt-neoforge-template\neoforge\out\production\classes;main%%F:\disc_jockey-1.21-fabric-quilt-neoforge-template\neoforge\out\production\resources from env
[11:54:59] [main/DEBUG] (net.neoforged.fml.loading.targets.CommonLaunchHandler) Found supplied mod coordinates [{main=[F:\disc_jockey-1.21-fabric-quilt-neoforge-template\neoforge\build\resources\main, F:\disc_jockey-1.21-fabric-quilt-neoforge-template\neoforge\build\classes\java\main, F:\disc_jockey-1.21-fabric-quilt-neoforge-template\neoforge\out\production\classes, F:\disc_jockey-1.21-fabric-quilt-neoforge-template\neoforge\out\production\resources]}]
[11:54:59] [main/DEBUG] (cpw.mods.modlauncher.TransformationServicesHandler) Found additional transformation services from discovery services: 
[11:54:59] [main/INFO] (net.neoforged.fml.loading.ImmediateWindowHandler) Loading ImmediateWindowProvider fmlearlywindow
[11:54:59] [main/INFO] (EARLYDISPLAY) Trying GL version 4.6
[11:54:59] [main/INFO] (EARLYDISPLAY) Requested GL version 4.6 got version 4.6
[11:54:59] [main/DEBUG] (cpw.mods.modlauncher.TransformationServicesHandler) Found transformer services : [mixin,fml]
[11:54:59] [main/DEBUG] (cpw.mods.modlauncher.TransformationServicesHandler) Transformation services loading
[11:54:59] [main/DEBUG] (cpw.mods.modlauncher.TransformationServiceDecorator) Loading service mixin
[11:54:59] [main/DEBUG] (cpw.mods.modlauncher.TransformationServiceDecorator) Loaded service mixin
[11:54:59] [main/DEBUG] (cpw.mods.modlauncher.TransformationServiceDecorator) Loading service fml
[11:54:59] [main/DEBUG] (net.neoforged.fml.loading.FMLLoader) FML 4.0.23 loading
[11:54:59] [main/DEBUG] (net.neoforged.fml.loading.FMLLoader) FML found ModLauncher version : 11.0.4+main.d2e20e43
[11:54:59] [main/DEBUG] (net.neoforged.fml.loading.FMLLoader) FML found AccessTransformer version : 10.0.1+139da711
[11:54:59] [main/DEBUG] (net.neoforged.fml.loading.FMLLoader) FML found EventBus version : null
[11:54:59] [main/DEBUG] (net.neoforged.fml.loading.FMLLoader) Found Runtime Dist Cleaner
[11:54:59] [main/DEBUG] (cpw.mods.modlauncher.TransformationServiceDecorator) Loaded service fml
[11:54:59] [main/DEBUG] (cpw.mods.modlauncher.TransformationServicesHandler) Configuring option handling for services
[11:54:59] [main/DEBUG] (net.neoforged.fml.loading.FMLServiceProvider) Received command line version data  : VersionInfo[neoForgeVersion=21.0.167, fmlVersion=4.0.23, mcVersion=1.21, neoFormVersion=20240613.152323]
[11:54:59] [main/DEBUG] (cpw.mods.modlauncher.TransformationServicesHandler) Transformation services initializing
[11:54:59] [main/DEBUG] (cpw.mods.modlauncher.TransformationServiceDecorator) Initializing transformation service mixin
[11:54:59] [main/DEBUG] (mixin) MixinService [ModLauncher] was successfully booted in cpw.mods.cl.ModuleClassLoader@4a5eb613
[11:54:59] [main/INFO] (mixin) SpongePowered MIXIN Subsystem Version=0.8.6 Source=union:/F:/.gradle/caches/modules-2/files-2.1/net.fabricmc/sponge-mixin/0.14.0+mixin.0.8.6/c265173c84346e9e5d42a2384b2b02bd39a4a899/sponge-mixin-0.14.0+mixin.0.8.6.jar%23119!/ Service=ModLauncher Env=CLIENT
[11:54:59] [main/DEBUG] (mixin) Initialising Mixin Platform Manager
[11:54:59] [main/DEBUG] (mixin) Adding mixin platform agents for container ModLauncher Root Container(ModLauncher:4f56a0a2)
[11:54:59] [main/DEBUG] (mixin) Instancing new MixinPlatformAgentMinecraftForge for ModLauncher Root Container(ModLauncher:4f56a0a2)
[11:54:59] [main/DEBUG] (mixin) MixinPlatformAgentMinecraftForge rejected container ModLauncher Root Container(ModLauncher:4f56a0a2)
[11:54:59] [main/DEBUG] (mixin) Instancing new MixinPlatformAgentDefault for ModLauncher Root Container(ModLauncher:4f56a0a2)
[11:54:59] [main/DEBUG] (mixin) MixinPlatformAgentDefault accepted container ModLauncher Root Container(ModLauncher:4f56a0a2)
[11:54:59] [main/DEBUG] (cpw.mods.modlauncher.TransformationServiceDecorator) Initialized transformation service mixin
[11:54:59] [main/DEBUG] (cpw.mods.modlauncher.TransformationServiceDecorator) Initializing transformation service fml
[11:54:59] [main/DEBUG] (net.neoforged.fml.loading.FMLServiceProvider) Setting up basic FML game directories
[11:54:59] [main/DEBUG] (net.neoforged.fml.loading.FMLPaths) Path GAMEDIR is F:\disc_jockey-1.21-fabric-quilt-neoforge-template\neoforge\run
[11:54:59] [main/DEBUG] (net.neoforged.fml.loading.FMLPaths) Path MODSDIR is F:\disc_jockey-1.21-fabric-quilt-neoforge-template\neoforge\run\mods
[11:54:59] [main/DEBUG] (net.neoforged.fml.loading.FMLPaths) Path CONFIGDIR is F:\disc_jockey-1.21-fabric-quilt-neoforge-template\neoforge\run\config
[11:54:59] [main/DEBUG] (net.neoforged.fml.loading.FMLPaths) Path FMLCONFIG is F:\disc_jockey-1.21-fabric-quilt-neoforge-template\neoforge\run\config\fml.toml
[11:54:59] [main/DEBUG] (net.neoforged.fml.loading.FMLServiceProvider) Loading configuration
[11:54:59] [main/DEBUG] (net.neoforged.fml.loading.LaunchContext) Located paths when launch context was created: [F:\.gradle\caches\modules-2\files-2.1\commons-io\commons-io\2.15.1\f11560da189ab563a5c8e351941415430e9304ea\commons-io-2.15.1.jar, F:\.gradle\caches\modules-2\files-2.1\commons-logging\commons-logging\1.2\4bfc12adfe4842bf07b657f0369c4cb522955686\commons-logging-1.2.jar, F:\.gradle\caches\modules-2\files-2.1\org.antlr\antlr4-runtime\4.13.1\17125bae1d965624e265ef49552f6465a2bfa307\antlr4-runtime-4.13.1.jar, F:\.gradle\caches\modules-2\files-2.1\org.apache.commons\commons-compress\1.26.0\659feffdd12280201c8aacb8f7be94f9a883c824\commons-compress-1.26.0.jar, F:\.gradle\caches\modules-2\files-2.1\com.google.j2objc\j2objc-annotations\2.8\c85270e307e7b822f1086b93689124b89768e273\j2objc-annotations-2.8.jar, F:\.gradle\caches\modules-2\files-2.1\org.lwjgl\lwjgl\3.3.3\a5ed18a2b82fc91b81f40d717cb1f64c9dcb0540\lwjgl-3.3.3-natives-windows.jar, F:\.gradle\caches\modules-2\files-2.1\org.lwjgl\lwjgl-jemalloc\3.3.3\b543467b7ff3c6920539a88ee602d34098628be5\lwjgl-jemalloc-3.3.3.jar, F:\.gradle\caches\modules-2\files-2.1\net.neoforged\coremods\7.0.3\9147e6f638b4272b3bd5fc8f92ad37802512c6c\coremods-7.0.3.jar, F:\.gradle\caches\fabric-loom\forge\transformed-dependencies-v1\net\neoforged\fancymodloader\5390736cbbd01cc504f3cc1f0b6f041167630338fb4313e23efd7037ba0dc5ba\loader\4.0.23\loader-4.0.23.jar, F:\.gradle\caches\modules-2\files-2.1\it.unimi.dsi\fastutil\8.5.12\c24946d46824bd528054bface3231d2ecb7e95e8\fastutil-8.5.12.jar, F:\.gradle\caches\modules-2\files-2.1\org.lwjgl\lwjgl-openal\3.3.3\daada81ceb5fc0c291fbfdd4433cb8d9423577f2\lwjgl-openal-3.3.3.jar, F:\.gradle\caches\modules-2\files-2.1\org.lwjgl\lwjgl-tinyfd\3.3.3\a6697981b0449a5087c1d546fc08b4f73e8f98c9\lwjgl-tinyfd-3.3.3-natives-windows.jar, F:\.gradle\caches\modules-2\files-2.1\net.fabricmc\sponge-mixin\0.14.0+mixin.0.8.6\c265173c84346e9e5d42a2384b2b02bd39a4a899\sponge-mixin-0.14.0+mixin.0.8.6.jar, F:\.gradle\caches\modules-2\files-2.1\com.google.guava\failureaccess\1.0.1\1dcf1de382a0bf95a3d8b0849546c88bac1292c9\failureaccess-1.0.1.jar, F:\.gradle\caches\modules-2\files-2.1\org.codehaus.plexus\plexus-utils\3.3.0\cf43b5391de623b36fe066a21127baef82c64022\plexus-utils-3.3.0.jar, F:\.gradle\caches\modules-2\files-2.1\com.google.errorprone\error_prone_annotations\2.18.0\89b684257096f548fa39a7df9fdaa409d4d4df91\error_prone_annotations-2.18.0.jar, F:\.gradle\caches\modules-2\files-2.1\net.minecrell\terminalconsoleappender\1.3.0\b562e9bb61235c9520e26282cdee71f8f802d1fc\terminalconsoleappender-1.3.0.jar, F:\.gradle\caches\modules-2\files-2.1\org.checkerframework\checker-qual\3.33.0\de2b60b62da487644fc11f734e73c8b0b431238f\checker-qual-3.33.0.jar, F:\.gradle\caches\modules-2\files-2.1\org.lwjgl\lwjgl-jemalloc\3.3.3\426222fc027602a5f21b9c0fe79cde6a4c7a011f\lwjgl-jemalloc-3.3.3-natives-windows.jar, F:\.gradle\caches\modules-2\files-2.1\com.google.code.gson\gson\2.10.1\b3add478d4382b78ea20b1671390a858002feb6c\gson-2.10.1.jar, F:\.gradle\caches\modules-2\files-2.1\com.mojang\authlib\6.0.54\de8bc95660e1b2fe8793fd427a7a10dcec5b3ea7\authlib-6.0.54.jar, F:\.gradle\caches\modules-2\files-2.1\com.mojang\brigadier\1.2.9\73e324f2ee541493a5179abf367237faa782ed21\brigadier-1.2.9.jar, F:\.gradle\caches\modules-2\files-2.1\org.lwjgl\lwjgl\3.3.3\29589b5f87ed335a6c7e7ee6a5775f81f97ecb84\lwjgl-3.3.3.jar, F:\.gradle\caches\modules-2\files-2.1\io.netty\netty-handler\4.1.97.Final\abb86c6906bf512bf2b797a41cd7d2e8d3cd7c36\netty-handler-4.1.97.Final.jar, F:\.gradle\caches\modules-2\files-2.1\io.netty\netty-codec\4.1.97.Final\384ba4d75670befbedb45c4d3b497a93639c206d\netty-codec-4.1.97.Final.jar, F:\.gradle\caches\modules-2\files-2.1\org.joml\joml\1.10.5\22566d58af70ad3d72308bab63b8339906deb649\joml-1.10.5.jar, F:\.gradle\caches\modules-2\files-2.1\org.lz4\lz4-java\1.8.0\4b986a99445e49ea5fbf5d149c4b63f6ed6c6780\lz4-java-1.8.0.jar, F:\.gradle\caches\modules-2\files-2.1\net.neoforged\bus\8.0.1\9df0ed904cec279eb33ca6df420f6f82706ebb4c\bus-8.0.1.jar, F:\.gradle\caches\modules-2\files-2.1\com.electronwill.night-config\core\3.8.0\2498dd2b3120dd49e963e2feab8fa5d0c5f80e0a\core-3.8.0.jar, F:\.gradle\caches\modules-2\files-2.1\com.google.guava\guava\32.1.2-jre\5e64ec7e056456bef3a4bc4c6fdaef71e8ab6318\guava-32.1.2-jre.jar, F:\.gradle\caches\modules-2\files-2.1\net.neoforged\JarJarSelector\0.4.1\fb3cc7a58af22ad2880adb98af6d518128c47dae\JarJarSelector-0.4.1.jar, F:\.gradle\caches\modules-2\files-2.1\org.apache.logging.log4j\log4j-core\2.22.1\7183a25510a02ad00cc6a95d3b3d2a7d3c5a8dc4\log4j-core-2.22.1.jar, F:\.gradle\caches\modules-2\files-2.1\com.mojang\text2speech\1.17.9\3cad216e3a7f0c19b4b394388bc9ffc446f13b14\text2speech-1.17.9.jar, F:\.gradle\caches\modules-2\files-2.1\net.neoforged.fancymodloader\earlydisplay\4.0.23\c9491ed7df998cf229eae9c7364ee9ab6f26bcfe\earlydisplay-4.0.23.jar, F:\.gradle\caches\modules-2\files-2.1\net.java.dev.jna\jna\5.14.0\67bf3eaea4f0718cb376a181a629e5f88fa1c9dd\jna-5.14.0.jar, F:\.gradle\caches\modules-2\files-2.1\com.mojang\patchy\2.2.10\da05971b07cbb379d002cf7eaec6a2048211fefc\patchy-2.2.10.jar, F:\.gradle\caches\modules-2\files-2.1\net.neoforged.accesstransformers\at-modlauncher\10.0.1\5aba50202aceead086bc09fbc2751c9f05cb4890\at-modlauncher-10.0.1.jar, F:\.gradle\caches\modules-2\files-2.1\org.lwjgl\lwjgl-glfw\3.3.3\efa1eb78c5ccd840e9f329717109b5e892d72f8e\lwjgl-glfw-3.3.3.jar, F:\.gradle\caches\modules-2\files-2.1\org.jline\jline-reader\3.20.0\8f15415b022a25b473e8e16c28ae913186ffb9c4\jline-reader-3.20.0.jar, F:\.gradle\caches\modules-2\files-2.1\org.apache.commons\commons-lang3\3.14.0\1ed471194b02f2c6cb734a0cd6f6f107c673afae\commons-lang3-3.14.0.jar, F:\.gradle\caches\modules-2\files-2.1\net.java.dev.jna\jna-platform\5.14.0\28934d48aed814f11e4c584da55c49fa7032b31b\jna-platform-5.14.0.jar, F:\.gradle\caches\modules-2\files-2.1\io.netty\netty-common\4.1.97.Final\7cceacaf11df8dc63f23d0fb58e9d4640fc88404\netty-common-4.1.97.Final.jar, F:\.gradle\caches\modules-2\files-2.1\org.jline\jline-terminal\3.20.0\d0ddcc708ddf527a3454c941b7b9225cc83a15ff\jline-terminal-3.20.0.jar, F:\.gradle\caches\modules-2\files-2.1\com.google.code.findbugs\jsr305\3.0.2\25ea2e8b0c338a877313bd4672d3fe056ea78f0d\jsr305-3.0.2.jar, F:\.gradle\caches\modules-2\files-2.1\org.jcraft\jorbis\0.0.17\8872d22b293e8f5d7d56ff92be966e6dc28ebdc6\jorbis-0.0.17.jar, F:\.gradle\caches\modules-2\files-2.1\org.lwjgl\lwjgl-glfw\3.3.3\e449e28b4891fc423c54c85fbc5bb0b9efece67a\lwjgl-glfw-3.3.3-natives-windows.jar, F:\.gradle\caches\modules-2\files-2.1\org.lwjgl\lwjgl-opengl\3.3.3\2f6b0147078396a58979125a4c947664e98293a\lwjgl-opengl-3.3.3.jar, F:\.gradle\caches\modules-2\files-2.1\org.apache.httpcomponents\httpclient\4.5.13\e5f6cae5ca7ecaac1ec2827a9e2d65ae2869cada\httpclient-4.5.13.jar, F:\.gradle\caches\modules-2\files-2.1\net.sf.jopt-simple\jopt-simple\5.0.4\4fdac2fbe92dfad86aa6e9301736f6b4342a3f5c\jopt-simple-5.0.4.jar, F:\.gradle\caches\modules-2\files-2.1\org.lwjgl\lwjgl-opengl\3.3.3\e6c1eec8be8a71951b830a4d69efc01c6531900c\lwjgl-opengl-3.3.3-natives-windows.jar, F:\.gradle\caches\modules-2\files-2.1\org.apache.httpcomponents\httpcore\4.4.16\51cf043c87253c9f58b539c9f7e44c8894223850\httpcore-4.4.16.jar, F:\.gradle\caches\modules-2\files-2.1\net.fabricmc\dev-launch-injector\0.2.1+build.8\da8bef7e6e2f952da707f282bdb46882a0fce5e3\dev-launch-injector-0.2.1+build.8.jar, F:\.gradle\caches\modules-2\files-2.1\com.google.guava\listenablefuture\9999.0-empty-to-avoid-conflict-with-guava\b421526c5f297295adef1c886e5246c39d4ac629\listenablefuture-9999.0-empty-to-avoid-conflict-with-guava.jar, F:\.gradle\caches\modules-2\files-2.1\com.electronwill.night-config\toml\3.8.0\861dbcf2757dd6701c98b3949198549ccb5f62ff\toml-3.8.0.jar, F:\.gradle\caches\modules-2\files-2.1\org.lwjgl\lwjgl-stb\3.3.3\1d9facdf6541de114b0f963be33505b7679c78cb\lwjgl-stb-3.3.3-natives-windows.jar, F:\.gradle\caches\modules-2\files-2.1\org.lwjgl\lwjgl-openal\3.3.3\cf83862ae95d98496b26915024c7e666d8ab1c8f\lwjgl-openal-3.3.3-natives-windows.jar, F:\.gradle\caches\modules-2\files-2.1\commons-codec\commons-codec\1.16.0\4e3eb3d79888d76b54e28b350915b5dc3919c9de\commons-codec-1.16.0.jar, F:\.gradle\caches\modules-2\files-2.1\com.github.oshi\oshi-core\6.4.10\b1d8ab82d11d92fd639b56d639f8f46f739dd5fa\oshi-core-6.4.10.jar, F:\.gradle\caches\modules-2\files-2.1\org.lwjgl\lwjgl-freetype\3.3.3\81091b006dbb43fab04c8c638e9ac87c51b4096d\lwjgl-freetype-3.3.3-natives-windows.jar, F:\.gradle\caches\modules-2\files-2.1\net.neoforged\neoform\1.21-20240613.152323\6293c1a6b9b053ea4e41ac2fe03a3342486d45b1\neoform-1.21-20240613.152323.zip, F:\.gradle\caches\modules-2\files-2.1\net.neoforged\mergetool\2.0.3\1275202cbbb248f49345cf6787ce299afd9a02fb\mergetool-2.0.3-api.jar, F:\.gradle\caches\modules-2\files-2.1\org.slf4j\slf4j-api\2.0.9\7cf2726fdcfbc8610f9a71fb3ed639871f315340\slf4j-api-2.0.9.jar, F:\.gradle\caches\modules-2\files-2.1\org.lwjgl\lwjgl-tinyfd\3.3.3\82d755ca94b102e9ca77283b9e2dc46d1b15fbe5\lwjgl-tinyfd-3.3.3.jar, F:\.gradle\caches\modules-2\files-2.1\io.netty\netty-transport\4.1.97.Final\f37380d23c9bb079bc702910833b2fd532c9abd0\netty-transport-4.1.97.Final.jar, F:\.gradle\caches\modules-2\files-2.1\org.apache.logging.log4j\log4j-api\2.22.1\bea6fede6328fabafd7e68363161a7ea6605abd1\log4j-api-2.22.1.jar, F:\.gradle\caches\modules-2\files-2.1\net.neoforged\JarJarMetadata\0.4.1\f8da03683dc81694556dc3e177c5e3bb77ae6fcb\JarJarMetadata-0.4.1.jar, F:\.gradle\caches\modules-2\files-2.1\org.lwjgl\lwjgl-stb\3.3.3\25dd6161988d7e65f71d5065c99902402ee32746\lwjgl-stb-3.3.3.jar, F:\.gradle\caches\modules-2\files-2.1\io.netty\netty-transport-classes-epoll\4.1.97.Final\795da37ded759e862457a82d9d92c4d39ce8ecee\netty-transport-classes-epoll-4.1.97.Final.jar, F:\.gradle\caches\modules-2\files-2.1\com.mojang\blocklist\1.0.10\5c685c5ffa94c4cd39496c7184c1d122e515ecef\blocklist-1.0.10.jar, F:\.gradle\caches\modules-2\files-2.1\org.apache.maven\maven-artifact\3.8.5\4433f50c07debefaed0553bd0068f4f48d449313\maven-artifact-3.8.5.jar, F:\.gradle\caches\modules-2\files-2.1\io.netty\netty-transport-native-unix-common\4.1.97.Final\d469d84265ab70095b01b40886cabdd433b6e664\netty-transport-native-unix-common-4.1.97.Final.jar, F:\.gradle\caches\modules-2\files-2.1\cpw.mods\modlauncher\11.0.4\6619d4812a3c092310d521ebc4c9503727563df7\modlauncher-11.0.4.jar, F:\.gradle\caches\modules-2\files-2.1\com.mojang\datafixerupper\8.0.16\67d4de6d7f95d89bcf5862995fb854ebaec02a34\datafixerupper-8.0.16.jar, F:\.gradle\caches\modules-2\files-2.1\io.netty\netty-transport-native-epoll\4.1.97.Final\5514744c588190ffda076b35a9b8c9f24946a960\netty-transport-native-epoll-4.1.97.Final-linux-aarch_64.jar, F:\.gradle\caches\modules-2\files-2.1\com.ibm.icu\icu4j\73.2\61ad4ef7f9131fcf6d25c34b817f90d6da06c9e9\icu4j-73.2.jar, F:\.gradle\caches\modules-2\files-2.1\io.netty\netty-transport-native-epoll\4.1.97.Final\54188f271e388e7f313aea995e82f58ce2cdb809\netty-transport-native-epoll-4.1.97.Final-linux-x86_64.jar, F:\.gradle\caches\modules-2\files-2.1\net.neoforged\accesstransformers\10.0.1\fd83b5725f76eae9115e9355fa1c456a6a441400\accesstransformers-10.0.1.jar, F:\.gradle\caches\modules-2\files-2.1\io.github.juuxel\unprotect\1.3.1\432f07e4f647aa3c33aba0b7e630dd3948f65bae\unprotect-1.3.1.jar, F:\.gradle\caches\modules-2\files-2.1\net.minecraftforge\srgutils\0.4.15\ca408b131759478f164e010fae0d73997e125fb5\srgutils-0.4.15.jar, F:\.gradle\caches\modules-2\files-2.1\io.netty\netty-resolver\4.1.97.Final\cec8348108dc76c47cf87c669d514be52c922144\netty-resolver-4.1.97.Final.jar, F:\.gradle\caches\modules-2\files-2.1\org.openjdk.nashorn\nashorn-core\15.4\f67f5ffaa5f5130cf6fb9b133da00c7df3b532a5\nashorn-core-15.4.jar, F:\.gradle\caches\modules-2\files-2.1\io.netty\netty-buffer\4.1.97.Final\f8f3d8644afa5e6e1a40a3a6aeb9d9aa970ecb4f\netty-buffer-4.1.97.Final.jar, F:\.gradle\caches\modules-2\files-2.1\com.machinezoo.noexception\noexception\1.7.1\b65330c98e38a1f915fa54a6e5eca496505e3f0a\noexception-1.7.1.jar, F:\.gradle\caches\modules-2\files-2.1\com.mojang\logging\1.2.7\24cb95ffb0e3433fd6e844c04e68009e504ca1c0\logging-1.2.7.jar, F:\.gradle\caches\modules-2\files-2.1\org.lwjgl\lwjgl-freetype\3.3.3\a0db6c84a8becc8ca05f9dbfa985edc348a824c7\lwjgl-freetype-3.3.3.jar, F:\.gradle\caches\modules-2\files-2.1\net.jodah\typetools\0.6.3\a01aaa6ddaea9ec07ec4f209487b7a46a526283a\typetools-0.6.3.jar, F:\.gradle\caches\modules-2\files-2.1\org.apache.logging.log4j\log4j-slf4j2-impl\2.22.1\d7e6693c2606cb7e7335047d7bb96dec52db5665\log4j-slf4j2-impl-2.22.1.jar]
[11:54:59] [main/DEBUG] (net.neoforged.fml.loading.FMLServiceProvider) Preparing launch handler
[11:54:59] [main/DEBUG] (net.neoforged.fml.loading.FMLLoader) Using forgeclientuserdev as launch service
[11:54:59] [main/DEBUG] (net.neoforged.fml.common.asm.RuntimeDistCleaner) Configuring for Dist CLIENT
[11:54:59] [main/DEBUG] (cpw.mods.modlauncher.TransformationServiceDecorator) Initialized transformation service fml
[11:54:59] [main/DEBUG] (cpw.mods.modlauncher.TransformationServicesHandler) Transformation services begin scanning
[11:54:59] [main/DEBUG] (cpw.mods.modlauncher.TransformationServiceDecorator) Beginning scan trigger - transformation service mixin
[11:54:59] [main/DEBUG] (cpw.mods.modlauncher.TransformationServiceDecorator) End scan trigger - transformation service mixin
[11:54:59] [main/DEBUG] (cpw.mods.modlauncher.TransformationServiceDecorator) Beginning scan trigger - transformation service fml
[11:54:59] [main/DEBUG] (net.neoforged.fml.loading.FMLServiceProvider) Initiating mod scan
[11:54:59] [main/DEBUG] (net.neoforged.fml.loading.targets.CommonLaunchHandler) Got mod coordinates main%%F:\disc_jockey-1.21-fabric-quilt-neoforge-template\neoforge\build\resources\main;main%%F:\disc_jockey-1.21-fabric-quilt-neoforge-template\neoforge\build\classes\java\main;main%%F:\disc_jockey-1.21-fabric-quilt-neoforge-template\neoforge\out\production\classes;main%%F:\disc_jockey-1.21-fabric-quilt-neoforge-template\neoforge\out\production\resources from env
[11:54:59] [main/DEBUG] (net.neoforged.fml.loading.targets.CommonLaunchHandler) Found supplied mod coordinates [{main=[F:\disc_jockey-1.21-fabric-quilt-neoforge-template\neoforge\build\resources\main, F:\disc_jockey-1.21-fabric-quilt-neoforge-template\neoforge\build\classes\java\main, F:\disc_jockey-1.21-fabric-quilt-neoforge-template\neoforge\out\production\classes, F:\disc_jockey-1.21-fabric-quilt-neoforge-template\neoforge\out\production\resources]}]
[11:54:59] [main/DEBUG] (net.neoforged.fml.util.ServiceLoaderUtil) Found 4 implementations of IModFileCandidateLocator:
[11:54:59] [main/DEBUG] (net.neoforged.fml.util.ServiceLoaderUtil) 	       0 - [built-in] net.neoforged.fml.loading.moddiscovery.locators.NeoForgeDevProvider from loader-4.0.23.jar
[11:54:59] [main/DEBUG] (net.neoforged.fml.util.ServiceLoaderUtil) 	       0 - net.neoforged.fml.loading.moddiscovery.locators.ModsFolderLocator from loader-4.0.23.jar
[11:54:59] [main/DEBUG] (net.neoforged.fml.util.ServiceLoaderUtil) 	       0 - net.neoforged.fml.loading.moddiscovery.locators.MavenDirectoryLocator from loader-4.0.23.jar
[11:54:59] [main/DEBUG] (net.neoforged.fml.util.ServiceLoaderUtil) 	   -1000 - [built-in] net.neoforged.fml.loading.moddiscovery.locators.UserdevLocator from loader-4.0.23.jar
[11:54:59] [main/DEBUG] (net.neoforged.fml.util.ServiceLoaderUtil) Found 2 implementations of IModFileReader:
[11:54:59] [main/DEBUG] (net.neoforged.fml.util.ServiceLoaderUtil) 	       0 - net.neoforged.fml.loading.moddiscovery.readers.JarModsDotTomlModFileReader from loader-4.0.23.jar
[11:54:59] [main/DEBUG] (net.neoforged.fml.util.ServiceLoaderUtil) 	   -1000 - net.neoforged.fml.loading.moddiscovery.readers.NestedLibraryModReader from loader-4.0.23.jar
[11:54:59] [main/DEBUG] (net.neoforged.fml.util.ServiceLoaderUtil) Found 1 implementations of IDependencyLocator:
[11:54:59] [main/DEBUG] (net.neoforged.fml.util.ServiceLoaderUtil) 	       0 - net.neoforged.fml.loading.moddiscovery.locators.JarInJarDependencyLocator from loader-4.0.23.jar
[11:54:59] [main/DEBUG] (net.neoforged.fml.loading.moddiscovery.ModDiscoverer) Scanning for mods and other resources to load. We know 4 ways to find mods
[11:54:59] [main/DEBUG] (net.neoforged.fml.loading.moddiscovery.ModDiscoverer) Trying locator neoforge devenv provider ([F:\.gradle\caches\fabric-loom\minecraftMaven\net\minecraft\neoforge-21.0.167-minecraft-merged\1.21-loom.mappings.1_21.layered+hash.426444933-v2-neoforge-21.0.167\neoforge-21.0.167-minecraft-merged-1.21-loom.mappings.1_21.layered+hash.426444933-v2-neoforge-21.0.167.jar])
[11:54:59] [main/DEBUG] (net.neoforged.fml.loading.moddiscovery.ModFileInfo) Found valid mod file neoforge-21.0.167-minecraft-merged-1.21-loom.mappings.1_21.layered+hash.426444933-v2-neoforge-21.0.167.jar with {minecraft} mods - versions {1.21}
[11:54:59] [main/INFO] (net.neoforged.fml.loading.moddiscovery.ModDiscoverer) Found mod file "neoforge-21.0.167-minecraft-merged-1.21-loom.mappings.1_21.layered+hash.426444933-v2-neoforge-21.0.167.jar" [locator: neoforge devenv provider ([F:\.gradle\caches\fabric-loom\minecraftMaven\net\minecraft\neoforge-21.0.167-minecraft-merged\1.21-loom.mappings.1_21.layered+hash.426444933-v2-neoforge-21.0.167\neoforge-21.0.167-minecraft-merged-1.21-loom.mappings.1_21.layered+hash.426444933-v2-neoforge-21.0.167.jar])]
[11:54:59] [main/DEBUG] (net.neoforged.fml.loading.moddiscovery.readers.JarModsDotTomlModFileReader) Found META-INF/neoforge.mods.toml mod of type null: F:\.gradle\caches\fabric-loom\minecraftMaven\net\minecraft\neoforge-21.0.167-minecraft-merged\1.21-loom.mappings.1_21.layered+hash.426444933-v2-neoforge-21.0.167\neoforge-21.0.167-minecraft-merged-1.21-loom.mappings.1_21.layered+hash.426444933-v2-neoforge-21.0.167.jar
[11:54:59] [main/DEBUG] (net.neoforged.fml.loading.moddiscovery.ModFileParser) Considering mod file candidate F:\.gradle\caches\fabric-loom\minecraftMaven\net\minecraft\neoforge-21.0.167-minecraft-merged\1.21-loom.mappings.1_21.layered+hash.426444933-v2-neoforge-21.0.167\neoforge-21.0.167-minecraft-merged-1.21-loom.mappings.1_21.layered+hash.426444933-v2-neoforge-21.0.167.jar
[11:54:59] [main/DEBUG] (net.neoforged.fml.loading.moddiscovery.ModFileInfo) Found valid mod file neoforge-21.0.167-minecraft-merged-1.21-loom.mappings.1_21.layered+hash.426444933-v2-neoforge-21.0.167.jar with {neoforge} mods - versions {21.0.167}
[11:54:59] [main/INFO] (net.neoforged.fml.loading.moddiscovery.ModDiscoverer) Found mod file "neoforge-21.0.167-minecraft-merged-1.21-loom.mappings.1_21.layered+hash.426444933-v2-neoforge-21.0.167.jar" [locator: neoforge devenv provider ([F:\.gradle\caches\fabric-loom\minecraftMaven\net\minecraft\neoforge-21.0.167-minecraft-merged\1.21-loom.mappings.1_21.layered+hash.426444933-v2-neoforge-21.0.167\neoforge-21.0.167-minecraft-merged-1.21-loom.mappings.1_21.layered+hash.426444933-v2-neoforge-21.0.167.jar])]
[11:54:59] [main/DEBUG] (net.neoforged.fml.loading.moddiscovery.ModDiscoverer) Locator neoforge devenv provider ([F:\.gradle\caches\fabric-loom\minecraftMaven\net\minecraft\neoforge-21.0.167-minecraft-merged\1.21-loom.mappings.1_21.layered+hash.426444933-v2-neoforge-21.0.167\neoforge-21.0.167-minecraft-merged-1.21-loom.mappings.1_21.layered+hash.426444933-v2-neoforge-21.0.167.jar]) found 2 mods, 0 warnings, 0 errors and skipped 0 candidates
[11:54:59] [main/DEBUG] (net.neoforged.fml.loading.moddiscovery.ModDiscoverer) Trying locator {mods folder locator at F:\disc_jockey-1.21-fabric-quilt-neoforge-template\neoforge\run\mods}
[11:54:59] [main/DEBUG] (net.neoforged.fml.loading.moddiscovery.locators.ModsFolderLocator) Scanning mods dir F:\disc_jockey-1.21-fabric-quilt-neoforge-template\neoforge\run\mods for mods
[11:54:59] [main/DEBUG] (net.neoforged.fml.loading.moddiscovery.ModDiscoverer) Locator {mods folder locator at F:\disc_jockey-1.21-fabric-quilt-neoforge-template\neoforge\run\mods} found 0 mods, 0 warnings, 0 errors and skipped 0 candidates
[11:54:59] [main/DEBUG] (net.neoforged.fml.loading.moddiscovery.ModDiscoverer) Trying locator maven libs
[11:54:59] [main/DEBUG] (net.neoforged.fml.loading.moddiscovery.ModListHandler) Found mod coordinates from lists: []
[11:54:59] [main/DEBUG] (net.neoforged.fml.loading.moddiscovery.ModDiscoverer) Locator maven libs found 0 mods, 0 warnings, 0 errors and skipped 0 candidates
[11:54:59] [main/DEBUG] (net.neoforged.fml.loading.moddiscovery.ModDiscoverer) Trying locator userdev mods and services
[11:54:59] [main/DEBUG] (net.neoforged.fml.loading.moddiscovery.readers.JarModsDotTomlModFileReader) Found META-INF/neoforge.mods.toml mod of type null: F:\disc_jockey-1.21-fabric-quilt-neoforge-template\neoforge\build\resources\main
[11:54:59] [main/DEBUG] (net.neoforged.fml.loading.moddiscovery.ModFileParser) Considering mod file candidate F:\disc_jockey-1.21-fabric-quilt-neoforge-template\neoforge\build\resources\main
[11:54:59] [main/DEBUG] (net.neoforged.fml.loading.moddiscovery.ModFileInfo) Found valid mod file main with {disc_jockey} mods - versions {1.0.0}
[11:54:59] [main/INFO] (net.neoforged.fml.loading.moddiscovery.ModDiscoverer) Found mod file "main" [locator: userdev mods and services, reader: mod manifest]
[11:54:59] [main/DEBUG] (net.neoforged.fml.loading.moddiscovery.readers.JarModsDotTomlModFileReader) Found META-INF/neoforge.mods.toml mod of type null: F:\.gradle\caches\fabric-loom\minecraftMaven\net\minecraft\neoforge-21.0.167-minecraft-merged\1.21-loom.mappings.1_21.layered+hash.426444933-v2-neoforge-21.0.167\neoforge-21.0.167-minecraft-merged-1.21-loom.mappings.1_21.layered+hash.426444933-v2-neoforge-21.0.167.jar
[11:54:59] [main/DEBUG] (net.neoforged.fml.loading.moddiscovery.ModFileParser) Considering mod file candidate F:\.gradle\caches\fabric-loom\minecraftMaven\net\minecraft\neoforge-21.0.167-minecraft-merged\1.21-loom.mappings.1_21.layered+hash.426444933-v2-neoforge-21.0.167\neoforge-21.0.167-minecraft-merged-1.21-loom.mappings.1_21.layered+hash.426444933-v2-neoforge-21.0.167.jar
[11:54:59] [main/DEBUG] (net.neoforged.fml.loading.moddiscovery.ModFileInfo) Found valid mod file neoforge-21.0.167-minecraft-merged-1.21-loom.mappings.1_21.layered+hash.426444933-v2-neoforge-21.0.167.jar with {neoforge} mods - versions {21.0.167}
[11:54:59] [main/INFO] (net.neoforged.fml.loading.moddiscovery.ModDiscoverer) Found mod file "neoforge-21.0.167-minecraft-merged-1.21-loom.mappings.1_21.layered+hash.426444933-v2-neoforge-21.0.167.jar" [locator: userdev mods and services, reader: mod manifest]
[11:54:59] [main/DEBUG] (net.neoforged.fml.loading.moddiscovery.readers.JarModsDotTomlModFileReader) Found META-INF/neoforge.mods.toml mod of type null: F:\disc_jockey-1.21-fabric-quilt-neoforge-template\.gradle\loom-cache\remapped_mods\remapped\dev\architectury\architectury-neoforge-e2a04d24\13.0.8\architectury-neoforge-e2a04d24-13.0.8.jar
[11:54:59] [main/DEBUG] (net.neoforged.fml.loading.moddiscovery.ModFileParser) Considering mod file candidate F:\disc_jockey-1.21-fabric-quilt-neoforge-template\.gradle\loom-cache\remapped_mods\remapped\dev\architectury\architectury-neoforge-e2a04d24\13.0.8\architectury-neoforge-e2a04d24-13.0.8.jar
[11:54:59] [main/DEBUG] (net.neoforged.fml.loading.moddiscovery.ModFileInfo) Found valid mod file architectury-neoforge-e2a04d24-13.0.8.jar with {architectury} mods - versions {13.0.8}
[11:54:59] [pool-5-thread-1/INFO] (EARLYDISPLAY) GL info: NVIDIA GeForce GTX 750 Ti/PCIe/SSE2 GL version 4.6.0 NVIDIA 537.58, NVIDIA Corporation
[11:54:59] [main/INFO] (net.neoforged.fml.loading.moddiscovery.ModDiscoverer) Found mod file "architectury-neoforge-e2a04d24-13.0.8.jar" [locator: userdev mods and services, reader: mod manifest]
[11:54:59] [main/DEBUG] (net.neoforged.fml.loading.moddiscovery.readers.JarModsDotTomlModFileReader) Found META-INF/neoforge.mods.toml mod of type null: F:\disc_jockey-1.21-fabric-quilt-neoforge-template\.gradle\loom-cache\remapped_mods\remapped\me\shedaniel\cloth\cloth-config-neoforge-e2a04d24\15.0.140\cloth-config-neoforge-e2a04d24-15.0.140-neoforge.jar
[11:54:59] [main/DEBUG] (net.neoforged.fml.loading.moddiscovery.ModFileParser) Considering mod file candidate F:\disc_jockey-1.21-fabric-quilt-neoforge-template\.gradle\loom-cache\remapped_mods\remapped\me\shedaniel\cloth\cloth-config-neoforge-e2a04d24\15.0.140\cloth-config-neoforge-e2a04d24-15.0.140-neoforge.jar
[11:54:59] [main/DEBUG] (net.neoforged.fml.loading.moddiscovery.ModFileInfo) Found valid mod file cloth-config-neoforge-e2a04d24-15.0.140-neoforge.jar with {cloth_config} mods - versions {15.0.140}
[11:54:59] [main/INFO] (net.neoforged.fml.loading.moddiscovery.ModDiscoverer) Found mod file "cloth-config-neoforge-e2a04d24-15.0.140-neoforge.jar" [locator: userdev mods and services, reader: mod manifest]
[11:54:59] [main/DEBUG] (net.neoforged.fml.loading.moddiscovery.readers.JarModsDotTomlModFileReader) Found META-INF/neoforge.mods.toml mod of type null: C:\Users\Administrator\AppData\Local\Temp\12381585097589492952.jar
[11:54:59] [main/DEBUG] (net.neoforged.fml.loading.moddiscovery.ModFileParser) Considering mod file candidate C:\Users\Administrator\AppData\Local\Temp\12381585097589492952.jar
[11:54:59] [main/DEBUG] (net.neoforged.fml.loading.moddiscovery.ModFileInfo) Found valid mod file 12381585097589492952.jar with {generated_3b4e93c} mods - versions {1}
[11:54:59] [main/INFO] (net.neoforged.fml.loading.moddiscovery.ModDiscoverer) Found mod file "12381585097589492952.jar" [locator: userdev mods and services, reader: mod manifest]
[11:54:59] [main/DEBUG] (net.neoforged.fml.loading.moddiscovery.ModDiscoverer) Skipping F:\.gradle\caches\modules-2\files-2.1\net.neoforged.fancymodloader\earlydisplay\4.0.23\c9491ed7df998cf229eae9c7364ee9ab6f26bcfe\earlydisplay-4.0.23.jar because it was already located earlier
[11:54:59] [main/DEBUG] (net.neoforged.fml.loading.moddiscovery.ModDiscoverer) Skipping F:\.gradle\caches\fabric-loom\forge\transformed-dependencies-v1\net\neoforged\fancymodloader\5390736cbbd01cc504f3cc1f0b6f041167630338fb4313e23efd7037ba0dc5ba\loader\4.0.23\loader-4.0.23.jar because it was already located earlier
[11:54:59] [main/DEBUG] (net.neoforged.fml.loading.moddiscovery.ModDiscoverer) Skipping F:\.gradle\caches\modules-2\files-2.1\net.neoforged\coremods\7.0.3\9147e6f638b4272b3bd5fc8f92ad37802512c6c\coremods-7.0.3.jar because it was already located earlier
[11:54:59] [main/DEBUG] (net.neoforged.fml.loading.moddiscovery.ModDiscoverer) Skipping F:\.gradle\caches\modules-2\files-2.1\cpw.mods\modlauncher\11.0.4\6619d4812a3c092310d521ebc4c9503727563df7\modlauncher-11.0.4.jar because it was already located earlier
[11:54:59] [main/DEBUG] (net.neoforged.fml.loading.moddiscovery.ModDiscoverer) Skipping F:\.gradle\caches\modules-2\files-2.1\net.neoforged.accesstransformers\at-modlauncher\10.0.1\5aba50202aceead086bc09fbc2751c9f05cb4890\at-modlauncher-10.0.1.jar because it was already located earlier
[11:54:59] [main/DEBUG] (net.neoforged.fml.loading.moddiscovery.ModDiscoverer) Skipping F:\.gradle\caches\modules-2\files-2.1\net.neoforged\accesstransformers\10.0.1\fd83b5725f76eae9115e9355fa1c456a6a441400\accesstransformers-10.0.1.jar because it was already located earlier
[11:54:59] [main/DEBUG] (net.neoforged.fml.loading.moddiscovery.ModDiscoverer) Skipping F:\.gradle\caches\modules-2\files-2.1\org.openjdk.nashorn\nashorn-core\15.4\f67f5ffaa5f5130cf6fb9b133da00c7df3b532a5\nashorn-core-15.4.jar because it was already located earlier
[11:54:59] [main/DEBUG] (net.neoforged.fml.loading.moddiscovery.ModDiscoverer) Skipping F:\.gradle\caches\modules-2\files-2.1\net.neoforged\mergetool\2.0.3\1275202cbbb248f49345cf6787ce299afd9a02fb\mergetool-2.0.3-api.jar because it was already located earlier
[11:54:59] [main/DEBUG] (net.neoforged.fml.loading.moddiscovery.ModDiscoverer) Skipping F:\.gradle\caches\modules-2\files-2.1\net.neoforged\bus\8.0.1\9df0ed904cec279eb33ca6df420f6f82706ebb4c\bus-8.0.1.jar because it was already located earlier
[11:54:59] [main/DEBUG] (net.neoforged.fml.loading.moddiscovery.ModDiscoverer) Skipping F:\.gradle\caches\modules-2\files-2.1\com.electronwill.night-config\toml\3.8.0\861dbcf2757dd6701c98b3949198549ccb5f62ff\toml-3.8.0.jar because it was already located earlier
[11:54:59] [main/DEBUG] (net.neoforged.fml.loading.moddiscovery.ModDiscoverer) Skipping F:\.gradle\caches\modules-2\files-2.1\com.electronwill.night-config\core\3.8.0\2498dd2b3120dd49e963e2feab8fa5d0c5f80e0a\core-3.8.0.jar because it was already located earlier
[11:54:59] [main/DEBUG] (net.neoforged.fml.loading.moddiscovery.ModDiscoverer) Skipping F:\.gradle\caches\modules-2\files-2.1\net.neoforged\JarJarSelector\0.4.1\fb3cc7a58af22ad2880adb98af6d518128c47dae\JarJarSelector-0.4.1.jar because it was already located earlier
[11:54:59] [main/DEBUG] (net.neoforged.fml.loading.moddiscovery.ModDiscoverer) Skipping F:\.gradle\caches\modules-2\files-2.1\net.neoforged\JarJarMetadata\0.4.1\f8da03683dc81694556dc3e177c5e3bb77ae6fcb\JarJarMetadata-0.4.1.jar because it was already located earlier
[11:54:59] [main/DEBUG] (net.neoforged.fml.loading.moddiscovery.ModDiscoverer) Skipping F:\.gradle\caches\modules-2\files-2.1\org.apache.maven\maven-artifact\3.8.5\4433f50c07debefaed0553bd0068f4f48d449313\maven-artifact-3.8.5.jar because it was already located earlier
[11:54:59] [main/DEBUG] (net.neoforged.fml.loading.moddiscovery.ModDiscoverer) Skipping F:\.gradle\caches\modules-2\files-2.1\net.jodah\typetools\0.6.3\a01aaa6ddaea9ec07ec4f209487b7a46a526283a\typetools-0.6.3.jar because it was already located earlier
[11:54:59] [main/DEBUG] (net.neoforged.fml.loading.moddiscovery.ModDiscoverer) Skipping F:\.gradle\caches\modules-2\files-2.1\net.minecrell\terminalconsoleappender\1.3.0\b562e9bb61235c9520e26282cdee71f8f802d1fc\terminalconsoleappender-1.3.0.jar because it was already located earlier
[11:54:59] [main/DEBUG] (net.neoforged.fml.loading.moddiscovery.ModDiscoverer) Skipping F:\.gradle\caches\modules-2\files-2.1\net.fabricmc\sponge-mixin\0.14.0+mixin.0.8.6\c265173c84346e9e5d42a2384b2b02bd39a4a899\sponge-mixin-0.14.0+mixin.0.8.6.jar because it was already located earlier
[11:54:59] [main/DEBUG] (net.neoforged.fml.loading.moddiscovery.ModDiscoverer) Skipping F:\.gradle\caches\modules-2\files-2.1\org.apache.commons\commons-lang3\3.14.0\1ed471194b02f2c6cb734a0cd6f6f107c673afae\commons-lang3-3.14.0.jar because it was already located earlier
[11:54:59] [main/DEBUG] (net.neoforged.fml.loading.moddiscovery.ModDiscoverer) Skipping F:\.gradle\caches\modules-2\files-2.1\com.mojang\logging\1.2.7\24cb95ffb0e3433fd6e844c04e68009e504ca1c0\logging-1.2.7.jar because it was already located earlier
[11:54:59] [main/DEBUG] (net.neoforged.fml.loading.moddiscovery.ModDiscoverer) Skipping F:\.gradle\caches\modules-2\files-2.1\org.apache.logging.log4j\log4j-slf4j2-impl\2.22.1\d7e6693c2606cb7e7335047d7bb96dec52db5665\log4j-slf4j2-impl-2.22.1.jar because it was already located earlier
[11:54:59] [main/DEBUG] (net.neoforged.fml.loading.moddiscovery.ModDiscoverer) Skipping F:\.gradle\caches\modules-2\files-2.1\org.apache.logging.log4j\log4j-core\2.22.1\7183a25510a02ad00cc6a95d3b3d2a7d3c5a8dc4\log4j-core-2.22.1.jar because it was already located earlier
[11:54:59] [main/DEBUG] (net.neoforged.fml.loading.moddiscovery.ModDiscoverer) Skipping F:\.gradle\caches\modules-2\files-2.1\io.github.juuxel\unprotect\1.3.1\432f07e4f647aa3c33aba0b7e630dd3948f65bae\unprotect-1.3.1.jar because it was already located earlier
[11:54:59] [main/DEBUG] (net.neoforged.fml.loading.moddiscovery.ModDiscoverer) Skipping F:\.gradle\caches\modules-2\files-2.1\org.apache.logging.log4j\log4j-api\2.22.1\bea6fede6328fabafd7e68363161a7ea6605abd1\log4j-api-2.22.1.jar because it was already located earlier
[11:54:59] [main/DEBUG] (net.neoforged.fml.loading.moddiscovery.readers.JarModsDotTomlModFileReader) Found META-INF/MANIFEST.MF mod of type GAMELIBRARY: F:\.gradle\caches\modules-2\files-2.1\io.github.llamalad7\mixinextras-neoforge\0.3.5\ef3ffcf309dae656517b2f120189b1c9b21737dd\mixinextras-neoforge-0.3.5.jar
[11:54:59] [main/INFO] (net.neoforged.fml.loading.moddiscovery.ModDiscoverer) Found gamelibrary file "mixinextras-neoforge-0.3.5.jar" [locator: userdev mods and services, reader: mod manifest]
[11:54:59] [main/DEBUG] (net.neoforged.fml.loading.moddiscovery.ModDiscoverer) Skipping F:\.gradle\caches\modules-2\files-2.1\org.slf4j\slf4j-api\2.0.9\7cf2726fdcfbc8610f9a71fb3ed639871f315340\slf4j-api-2.0.9.jar because it was already located earlier
[11:54:59] [main/DEBUG] (net.neoforged.fml.loading.moddiscovery.ModDiscoverer) Skipping F:\.gradle\caches\modules-2\files-2.1\com.google.code.gson\gson\2.10.1\b3add478d4382b78ea20b1671390a858002feb6c\gson-2.10.1.jar because it was already located earlier
[11:54:59] [main/DEBUG] (net.neoforged.fml.loading.moddiscovery.ModDiscoverer) Skipping F:\.gradle\caches\modules-2\files-2.1\com.google.guava\guava\32.1.2-jre\5e64ec7e056456bef3a4bc4c6fdaef71e8ab6318\guava-32.1.2-jre.jar because it was already located earlier
[11:54:59] [main/DEBUG] (net.neoforged.fml.loading.moddiscovery.ModDiscoverer) Skipping F:\.gradle\caches\modules-2\files-2.1\com.google.guava\failureaccess\1.0.1\1dcf1de382a0bf95a3d8b0849546c88bac1292c9\failureaccess-1.0.1.jar because it was already located earlier
[11:54:59] [main/DEBUG] (net.neoforged.fml.loading.moddiscovery.ModDiscoverer) Skipping F:\.gradle\caches\modules-2\files-2.1\com.google.guava\listenablefuture\9999.0-empty-to-avoid-conflict-with-guava\b421526c5f297295adef1c886e5246c39d4ac629\listenablefuture-9999.0-empty-to-avoid-conflict-with-guava.jar because it was already located earlier
[11:54:59] [main/DEBUG] (net.neoforged.fml.loading.moddiscovery.ModDiscoverer) Skipping F:\.gradle\caches\modules-2\files-2.1\com.google.code.findbugs\jsr305\3.0.2\25ea2e8b0c338a877313bd4672d3fe056ea78f0d\jsr305-3.0.2.jar because it was already located earlier
[11:54:59] [main/DEBUG] (net.neoforged.fml.loading.moddiscovery.ModDiscoverer) Skipping F:\.gradle\caches\modules-2\files-2.1\org.checkerframework\checker-qual\3.33.0\de2b60b62da487644fc11f734e73c8b0b431238f\checker-qual-3.33.0.jar because it was already located earlier
[11:54:59] [main/DEBUG] (net.neoforged.fml.loading.moddiscovery.ModDiscoverer) Skipping F:\.gradle\caches\modules-2\files-2.1\com.google.errorprone\error_prone_annotations\2.18.0\89b684257096f548fa39a7df9fdaa409d4d4df91\error_prone_annotations-2.18.0.jar because it was already located earlier
[11:54:59] [main/DEBUG] (net.neoforged.fml.loading.moddiscovery.ModDiscoverer) Skipping F:\.gradle\caches\modules-2\files-2.1\com.google.j2objc\j2objc-annotations\2.8\c85270e307e7b822f1086b93689124b89768e273\j2objc-annotations-2.8.jar because it was already located earlier
[11:54:59] [main/DEBUG] (net.neoforged.fml.loading.moddiscovery.ModDiscoverer) Skipping F:\.gradle\caches\modules-2\files-2.1\commons-io\commons-io\2.15.1\f11560da189ab563a5c8e351941415430e9304ea\commons-io-2.15.1.jar because it was already located earlier
[11:54:59] [main/DEBUG] (net.neoforged.fml.loading.moddiscovery.ModDiscoverer) Skipping F:\.gradle\caches\modules-2\files-2.1\net.sf.jopt-simple\jopt-simple\5.0.4\4fdac2fbe92dfad86aa6e9301736f6b4342a3f5c\jopt-simple-5.0.4.jar because it was already located earlier
[11:54:59] [main/DEBUG] (net.neoforged.fml.loading.moddiscovery.ModDiscoverer) Skipping F:\.gradle\caches\modules-2\files-2.1\net.minecraftforge\srgutils\0.4.15\ca408b131759478f164e010fae0d73997e125fb5\srgutils-0.4.15.jar because it was already located earlier
[11:54:59] [main/DEBUG] (net.neoforged.fml.loading.moddiscovery.ModDiscoverer) Skipping F:\.gradle\caches\modules-2\files-2.1\org.antlr\antlr4-runtime\4.13.1\17125bae1d965624e265ef49552f6465a2bfa307\antlr4-runtime-4.13.1.jar because it was already located earlier
[11:54:59] [main/DEBUG] (net.neoforged.fml.loading.moddiscovery.ModDiscoverer) Skipping F:\.gradle\caches\modules-2\files-2.1\org.jline\jline-reader\3.20.0\8f15415b022a25b473e8e16c28ae913186ffb9c4\jline-reader-3.20.0.jar because it was already located earlier
[11:54:59] [main/DEBUG] (net.neoforged.fml.loading.moddiscovery.ModDiscoverer) Skipping F:\.gradle\caches\modules-2\files-2.1\org.jline\jline-terminal\3.20.0\d0ddcc708ddf527a3454c941b7b9225cc83a15ff\jline-terminal-3.20.0.jar because it was already located earlier
[11:54:59] [main/DEBUG] (net.neoforged.fml.loading.moddiscovery.ModDiscoverer) Skipping F:\.gradle\caches\modules-2\files-2.1\org.codehaus.plexus\plexus-utils\3.3.0\cf43b5391de623b36fe066a21127baef82c64022\plexus-utils-3.3.0.jar because it was already located earlier
[11:54:59] [main/DEBUG] (net.neoforged.fml.loading.moddiscovery.ModDiscoverer) Skipping F:\.gradle\caches\modules-2\files-2.1\com.machinezoo.noexception\noexception\1.7.1\b65330c98e38a1f915fa54a6e5eca496505e3f0a\noexception-1.7.1.jar because it was already located earlier
[11:54:59] [main/DEBUG] (net.neoforged.fml.loading.moddiscovery.ModDiscoverer) Skipping F:\.gradle\caches\modules-2\files-2.1\net.fabricmc\dev-launch-injector\0.2.1+build.8\da8bef7e6e2f952da707f282bdb46882a0fce5e3\dev-launch-injector-0.2.1+build.8.jar because it was already located earlier
[11:54:59] [main/DEBUG] (net.neoforged.fml.loading.moddiscovery.ModDiscoverer) Skipping F:\.gradle\caches\modules-2\files-2.1\com.github.oshi\oshi-core\6.4.10\b1d8ab82d11d92fd639b56d639f8f46f739dd5fa\oshi-core-6.4.10.jar because it was already located earlier
[11:54:59] [main/DEBUG] (net.neoforged.fml.loading.moddiscovery.ModDiscoverer) Skipping F:\.gradle\caches\modules-2\files-2.1\com.ibm.icu\icu4j\73.2\61ad4ef7f9131fcf6d25c34b817f90d6da06c9e9\icu4j-73.2.jar because it was already located earlier
[11:54:59] [main/DEBUG] (net.neoforged.fml.loading.moddiscovery.ModDiscoverer) Skipping F:\.gradle\caches\modules-2\files-2.1\com.mojang\authlib\6.0.54\de8bc95660e1b2fe8793fd427a7a10dcec5b3ea7\authlib-6.0.54.jar because it was already located earlier
[11:54:59] [main/DEBUG] (net.neoforged.fml.loading.moddiscovery.ModDiscoverer) Skipping F:\.gradle\caches\modules-2\files-2.1\com.mojang\blocklist\1.0.10\5c685c5ffa94c4cd39496c7184c1d122e515ecef\blocklist-1.0.10.jar because it was already located earlier
[11:54:59] [main/DEBUG] (net.neoforged.fml.loading.moddiscovery.ModDiscoverer) Skipping F:\.gradle\caches\modules-2\files-2.1\com.mojang\brigadier\1.2.9\73e324f2ee541493a5179abf367237faa782ed21\brigadier-1.2.9.jar because it was already located earlier
[11:54:59] [main/DEBUG] (net.neoforged.fml.loading.moddiscovery.ModDiscoverer) Skipping F:\.gradle\caches\modules-2\files-2.1\com.mojang\datafixerupper\8.0.16\67d4de6d7f95d89bcf5862995fb854ebaec02a34\datafixerupper-8.0.16.jar because it was already located earlier
[11:54:59] [main/DEBUG] (net.neoforged.fml.loading.moddiscovery.ModDiscoverer) Skipping F:\.gradle\caches\modules-2\files-2.1\com.mojang\patchy\2.2.10\da05971b07cbb379d002cf7eaec6a2048211fefc\patchy-2.2.10.jar because it was already located earlier
[11:54:59] [main/DEBUG] (net.neoforged.fml.loading.moddiscovery.ModDiscoverer) Skipping F:\.gradle\caches\modules-2\files-2.1\com.mojang\text2speech\1.17.9\3cad216e3a7f0c19b4b394388bc9ffc446f13b14\text2speech-1.17.9.jar because it was already located earlier
[11:54:59] [main/DEBUG] (net.neoforged.fml.loading.moddiscovery.ModDiscoverer) Skipping F:\.gradle\caches\modules-2\files-2.1\commons-codec\commons-codec\1.16.0\4e3eb3d79888d76b54e28b350915b5dc3919c9de\commons-codec-1.16.0.jar because it was already located earlier
[11:54:59] [main/DEBUG] (net.neoforged.fml.loading.moddiscovery.ModDiscoverer) Skipping F:\.gradle\caches\modules-2\files-2.1\commons-logging\commons-logging\1.2\4bfc12adfe4842bf07b657f0369c4cb522955686\commons-logging-1.2.jar because it was already located earlier
[11:54:59] [main/DEBUG] (net.neoforged.fml.loading.moddiscovery.ModDiscoverer) Skipping F:\.gradle\caches\modules-2\files-2.1\io.netty\netty-buffer\4.1.97.Final\f8f3d8644afa5e6e1a40a3a6aeb9d9aa970ecb4f\netty-buffer-4.1.97.Final.jar because it was already located earlier
[11:54:59] [main/DEBUG] (net.neoforged.fml.loading.moddiscovery.ModDiscoverer) Skipping F:\.gradle\caches\modules-2\files-2.1\io.netty\netty-codec\4.1.97.Final\384ba4d75670befbedb45c4d3b497a93639c206d\netty-codec-4.1.97.Final.jar because it was already located earlier
[11:54:59] [main/DEBUG] (net.neoforged.fml.loading.moddiscovery.ModDiscoverer) Skipping F:\.gradle\caches\modules-2\files-2.1\io.netty\netty-common\4.1.97.Final\7cceacaf11df8dc63f23d0fb58e9d4640fc88404\netty-common-4.1.97.Final.jar because it was already located earlier
[11:54:59] [main/DEBUG] (net.neoforged.fml.loading.moddiscovery.ModDiscoverer) Skipping F:\.gradle\caches\modules-2\files-2.1\io.netty\netty-handler\4.1.97.Final\abb86c6906bf512bf2b797a41cd7d2e8d3cd7c36\netty-handler-4.1.97.Final.jar because it was already located earlier
[11:54:59] [main/DEBUG] (net.neoforged.fml.loading.moddiscovery.ModDiscoverer) Skipping F:\.gradle\caches\modules-2\files-2.1\io.netty\netty-resolver\4.1.97.Final\cec8348108dc76c47cf87c669d514be52c922144\netty-resolver-4.1.97.Final.jar because it was already located earlier
[11:54:59] [main/DEBUG] (net.neoforged.fml.loading.moddiscovery.ModDiscoverer) Skipping F:\.gradle\caches\modules-2\files-2.1\io.netty\netty-transport-classes-epoll\4.1.97.Final\795da37ded759e862457a82d9d92c4d39ce8ecee\netty-transport-classes-epoll-4.1.97.Final.jar because it was already located earlier
[11:54:59] [main/DEBUG] (net.neoforged.fml.loading.moddiscovery.ModDiscoverer) Skipping F:\.gradle\caches\modules-2\files-2.1\io.netty\netty-transport-native-unix-common\4.1.97.Final\d469d84265ab70095b01b40886cabdd433b6e664\netty-transport-native-unix-common-4.1.97.Final.jar because it was already located earlier
[11:54:59] [main/DEBUG] (net.neoforged.fml.loading.moddiscovery.ModDiscoverer) Skipping F:\.gradle\caches\modules-2\files-2.1\io.netty\netty-transport\4.1.97.Final\f37380d23c9bb079bc702910833b2fd532c9abd0\netty-transport-4.1.97.Final.jar because it was already located earlier
[11:54:59] [main/DEBUG] (net.neoforged.fml.loading.moddiscovery.ModDiscoverer) Skipping F:\.gradle\caches\modules-2\files-2.1\it.unimi.dsi\fastutil\8.5.12\c24946d46824bd528054bface3231d2ecb7e95e8\fastutil-8.5.12.jar because it was already located earlier
[11:54:59] [main/DEBUG] (net.neoforged.fml.loading.moddiscovery.ModDiscoverer) Skipping F:\.gradle\caches\modules-2\files-2.1\net.java.dev.jna\jna-platform\5.14.0\28934d48aed814f11e4c584da55c49fa7032b31b\jna-platform-5.14.0.jar because it was already located earlier
[11:54:59] [main/DEBUG] (net.neoforged.fml.loading.moddiscovery.ModDiscoverer) Skipping F:\.gradle\caches\modules-2\files-2.1\net.java.dev.jna\jna\5.14.0\67bf3eaea4f0718cb376a181a629e5f88fa1c9dd\jna-5.14.0.jar because it was already located earlier
[11:54:59] [main/DEBUG] (net.neoforged.fml.loading.moddiscovery.ModDiscoverer) Skipping F:\.gradle\caches\modules-2\files-2.1\org.apache.commons\commons-compress\1.26.0\659feffdd12280201c8aacb8f7be94f9a883c824\commons-compress-1.26.0.jar because it was already located earlier
[11:54:59] [main/DEBUG] (net.neoforged.fml.loading.moddiscovery.ModDiscoverer) Skipping F:\.gradle\caches\modules-2\files-2.1\org.apache.httpcomponents\httpclient\4.5.13\e5f6cae5ca7ecaac1ec2827a9e2d65ae2869cada\httpclient-4.5.13.jar because it was already located earlier
[11:54:59] [main/DEBUG] (net.neoforged.fml.loading.moddiscovery.ModDiscoverer) Skipping F:\.gradle\caches\modules-2\files-2.1\org.apache.httpcomponents\httpcore\4.4.16\51cf043c87253c9f58b539c9f7e44c8894223850\httpcore-4.4.16.jar because it was already located earlier
[11:54:59] [main/DEBUG] (net.neoforged.fml.loading.moddiscovery.ModDiscoverer) Skipping F:\.gradle\caches\modules-2\files-2.1\org.jcraft\jorbis\0.0.17\8872d22b293e8f5d7d56ff92be966e6dc28ebdc6\jorbis-0.0.17.jar because it was already located earlier
[11:54:59] [main/DEBUG] (net.neoforged.fml.loading.moddiscovery.ModDiscoverer) Skipping F:\.gradle\caches\modules-2\files-2.1\org.joml\joml\1.10.5\22566d58af70ad3d72308bab63b8339906deb649\joml-1.10.5.jar because it was already located earlier
[11:54:59] [main/DEBUG] (net.neoforged.fml.loading.moddiscovery.ModDiscoverer) Skipping F:\.gradle\caches\modules-2\files-2.1\org.lwjgl\lwjgl-freetype\3.3.3\a0db6c84a8becc8ca05f9dbfa985edc348a824c7\lwjgl-freetype-3.3.3.jar because it was already located earlier
[11:54:59] [main/DEBUG] (net.neoforged.fml.loading.moddiscovery.ModDiscoverer) Skipping F:\.gradle\caches\modules-2\files-2.1\org.lwjgl\lwjgl-freetype\3.3.3\81091b006dbb43fab04c8c638e9ac87c51b4096d\lwjgl-freetype-3.3.3-natives-windows.jar because it was already located earlier
[11:54:59] [main/DEBUG] (net.neoforged.fml.loading.moddiscovery.ModDiscoverer) Skipping F:\.gradle\caches\modules-2\files-2.1\org.lwjgl\lwjgl-glfw\3.3.3\efa1eb78c5ccd840e9f329717109b5e892d72f8e\lwjgl-glfw-3.3.3.jar because it was already located earlier
[11:54:59] [main/DEBUG] (net.neoforged.fml.loading.moddiscovery.ModDiscoverer) Skipping F:\.gradle\caches\modules-2\files-2.1\org.lwjgl\lwjgl-glfw\3.3.3\e449e28b4891fc423c54c85fbc5bb0b9efece67a\lwjgl-glfw-3.3.3-natives-windows.jar because it was already located earlier
[11:54:59] [main/DEBUG] (net.neoforged.fml.loading.moddiscovery.ModDiscoverer) Skipping F:\.gradle\caches\modules-2\files-2.1\org.lwjgl\lwjgl-jemalloc\3.3.3\b543467b7ff3c6920539a88ee602d34098628be5\lwjgl-jemalloc-3.3.3.jar because it was already located earlier
[11:54:59] [main/DEBUG] (net.neoforged.fml.loading.moddiscovery.ModDiscoverer) Skipping F:\.gradle\caches\modules-2\files-2.1\org.lwjgl\lwjgl-jemalloc\3.3.3\426222fc027602a5f21b9c0fe79cde6a4c7a011f\lwjgl-jemalloc-3.3.3-natives-windows.jar because it was already located earlier
[11:54:59] [main/DEBUG] (net.neoforged.fml.loading.moddiscovery.ModDiscoverer) Skipping F:\.gradle\caches\modules-2\files-2.1\org.lwjgl\lwjgl-openal\3.3.3\daada81ceb5fc0c291fbfdd4433cb8d9423577f2\lwjgl-openal-3.3.3.jar because it was already located earlier
[11:54:59] [main/DEBUG] (net.neoforged.fml.loading.moddiscovery.ModDiscoverer) Skipping F:\.gradle\caches\modules-2\files-2.1\org.lwjgl\lwjgl-openal\3.3.3\cf83862ae95d98496b26915024c7e666d8ab1c8f\lwjgl-openal-3.3.3-natives-windows.jar because it was already located earlier
[11:54:59] [main/DEBUG] (net.neoforged.fml.loading.moddiscovery.ModDiscoverer) Skipping F:\.gradle\caches\modules-2\files-2.1\org.lwjgl\lwjgl-opengl\3.3.3\2f6b0147078396a58979125a4c947664e98293a\lwjgl-opengl-3.3.3.jar because it was already located earlier
[11:54:59] [main/DEBUG] (net.neoforged.fml.loading.moddiscovery.ModDiscoverer) Skipping F:\.gradle\caches\modules-2\files-2.1\org.lwjgl\lwjgl-opengl\3.3.3\e6c1eec8be8a71951b830a4d69efc01c6531900c\lwjgl-opengl-3.3.3-natives-windows.jar because it was already located earlier
[11:54:59] [main/DEBUG] (net.neoforged.fml.loading.moddiscovery.ModDiscoverer) Skipping F:\.gradle\caches\modules-2\files-2.1\org.lwjgl\lwjgl-stb\3.3.3\25dd6161988d7e65f71d5065c99902402ee32746\lwjgl-stb-3.3.3.jar because it was already located earlier
[11:54:59] [main/DEBUG] (net.neoforged.fml.loading.moddiscovery.ModDiscoverer) Skipping F:\.gradle\caches\modules-2\files-2.1\org.lwjgl\lwjgl-stb\3.3.3\1d9facdf6541de114b0f963be33505b7679c78cb\lwjgl-stb-3.3.3-natives-windows.jar because it was already located earlier
[11:54:59] [main/DEBUG] (net.neoforged.fml.loading.moddiscovery.ModDiscoverer) Skipping F:\.gradle\caches\modules-2\files-2.1\org.lwjgl\lwjgl-tinyfd\3.3.3\82d755ca94b102e9ca77283b9e2dc46d1b15fbe5\lwjgl-tinyfd-3.3.3.jar because it was already located earlier
[11:54:59] [main/DEBUG] (net.neoforged.fml.loading.moddiscovery.ModDiscoverer) Skipping F:\.gradle\caches\modules-2\files-2.1\org.lwjgl\lwjgl-tinyfd\3.3.3\a6697981b0449a5087c1d546fc08b4f73e8f98c9\lwjgl-tinyfd-3.3.3-natives-windows.jar because it was already located earlier
[11:54:59] [main/DEBUG] (net.neoforged.fml.loading.moddiscovery.ModDiscoverer) Skipping F:\.gradle\caches\modules-2\files-2.1\org.lwjgl\lwjgl\3.3.3\29589b5f87ed335a6c7e7ee6a5775f81f97ecb84\lwjgl-3.3.3.jar because it was already located earlier
[11:54:59] [main/DEBUG] (net.neoforged.fml.loading.moddiscovery.ModDiscoverer) Skipping F:\.gradle\caches\modules-2\files-2.1\org.lwjgl\lwjgl\3.3.3\a5ed18a2b82fc91b81f40d717cb1f64c9dcb0540\lwjgl-3.3.3-natives-windows.jar because it was already located earlier
[11:54:59] [main/DEBUG] (net.neoforged.fml.loading.moddiscovery.ModDiscoverer) Skipping F:\.gradle\caches\modules-2\files-2.1\org.lz4\lz4-java\1.8.0\4b986a99445e49ea5fbf5d149c4b63f6ed6c6780\lz4-java-1.8.0.jar because it was already located earlier
[11:54:59] [main/DEBUG] (net.neoforged.fml.loading.moddiscovery.ModDiscoverer) Skipping F:\.gradle\caches\modules-2\files-2.1\io.netty\netty-transport-native-epoll\4.1.97.Final\54188f271e388e7f313aea995e82f58ce2cdb809\netty-transport-native-epoll-4.1.97.Final-linux-x86_64.jar because it was already located earlier
[11:54:59] [main/DEBUG] (net.neoforged.fml.loading.moddiscovery.ModDiscoverer) Skipping F:\.gradle\caches\modules-2\files-2.1\io.netty\netty-transport-native-epoll\4.1.97.Final\5514744c588190ffda076b35a9b8c9f24946a960\netty-transport-native-epoll-4.1.97.Final-linux-aarch_64.jar because it was already located earlier
[11:54:59] [main/DEBUG] (net.neoforged.fml.loading.moddiscovery.ModDiscoverer) Locator userdev mods and services found 6 mods, 0 warnings, 0 errors and skipped 86 candidates
[11:54:59] [main/DEBUG] (net.neoforged.fml.loading.UniqueModListBuilder) Found 2 mods for first modid neoforge, selecting most recent based on version data
[11:54:59] [main/DEBUG] (net.neoforged.fml.loading.UniqueModListBuilder) Selected file neoforge-21.0.167-minecraft-merged-1.21-loom.mappings.1_21.layered+hash.426444933-v2-neoforge-21.0.167.jar for modid neoforge with version 21.0.167
[11:54:59] [main/DEBUG] (net.neoforged.fml.loading.moddiscovery.ModDiscoverer) Successfully Loaded 7 mods. Attempting to load dependencies...
[11:54:59] [main/DEBUG] (net.neoforged.fml.loading.moddiscovery.ModDiscoverer) Trying locator jarinjar
[11:55:00] [main/DEBUG] (net.neoforged.fml.loading.moddiscovery.readers.JarModsDotTomlModFileReader) Found META-INF/MANIFEST.MF mod of type GAMELIBRARY: 
[11:55:00] [main/DEBUG] (net.neoforged.fml.loading.moddiscovery.readers.JarModsDotTomlModFileReader) Found META-INF/MANIFEST.MF mod of type GAMELIBRARY: 
[11:55:00] [main/WARN] (net.neoforged.jarjar.selection.JarSelector) Attempted to select a dependency jar for JarJar which was passed in as source: mixinextras-neoforge-0.3.5.jar. Using Mod File: F:\.gradle\caches\modules-2\files-2.1\io.github.llamalad7\mixinextras-neoforge\0.3.5\ef3ffcf309dae656517b2f120189b1c9b21737dd\mixinextras-neoforge-0.3.5.jar
[11:55:00] [main/INFO] (net.neoforged.fml.loading.moddiscovery.locators.JarInJarDependencyLocator) No dependencies to load found. Skipping!
[11:55:00] [main/DEBUG] (net.neoforged.fml.loading.moddiscovery.ModFileInfo) Found valid mod file neoforge-21.0.167-minecraft-merged-1.21-loom.mappings.1_21.layered+hash.426444933-v2-neoforge-21.0.167.jar with {minecraft} mods - versions {1.21}
[11:55:00] [main/DEBUG] (net.neoforged.fml.loading.moddiscovery.ModFile) Loading mod file F:\.gradle\caches\fabric-loom\minecraftMaven\net\minecraft\neoforge-21.0.167-minecraft-merged\1.21-loom.mappings.1_21.layered+hash.426444933-v2-neoforge-21.0.167\neoforge-21.0.167-minecraft-merged-1.21-loom.mappings.1_21.layered+hash.426444933-v2-neoforge-21.0.167.jar with languages [LanguageSpec[languageName=minecraft, acceptedVersions=1]]
[11:55:00] [main/DEBUG] (net.neoforged.fml.loading.moddiscovery.ModFileParser) Considering mod file candidate F:\disc_jockey-1.21-fabric-quilt-neoforge-template\.gradle\loom-cache\remapped_mods\remapped\me\shedaniel\cloth\cloth-config-neoforge-e2a04d24\15.0.140\cloth-config-neoforge-e2a04d24-15.0.140-neoforge.jar
[11:55:00] [main/DEBUG] (net.neoforged.fml.loading.moddiscovery.ModFileInfo) Found valid mod file cloth-config-neoforge-e2a04d24-15.0.140-neoforge.jar with {cloth_config} mods - versions {15.0.140}
[11:55:00] [main/DEBUG] (net.neoforged.fml.loading.moddiscovery.ModFile) Loading mod file F:\disc_jockey-1.21-fabric-quilt-neoforge-template\.gradle\loom-cache\remapped_mods\remapped\me\shedaniel\cloth\cloth-config-neoforge-e2a04d24\15.0.140\cloth-config-neoforge-e2a04d24-15.0.140-neoforge.jar with languages [LanguageSpec[languageName=javafml, acceptedVersions=[1,)]]
[11:55:00] [main/DEBUG] (net.neoforged.fml.loading.moddiscovery.ModFileParser) Considering mod file candidate C:\Users\Administrator\AppData\Local\Temp\12381585097589492952.jar
[11:55:00] [main/DEBUG] (net.neoforged.fml.loading.moddiscovery.ModFileInfo) Found valid mod file 12381585097589492952.jar with {generated_3b4e93c} mods - versions {1}
[11:55:00] [main/DEBUG] (net.neoforged.fml.loading.moddiscovery.ModFile) Loading mod file C:\Users\Administrator\AppData\Local\Temp\12381585097589492952.jar with languages [LanguageSpec[languageName=javafml, acceptedVersions=[1,)]]
[11:55:00] [main/DEBUG] (net.neoforged.fml.loading.moddiscovery.ModFileParser) Considering mod file candidate F:\disc_jockey-1.21-fabric-quilt-neoforge-template\neoforge\build\resources\main
[11:55:00] [main/DEBUG] (net.neoforged.fml.loading.moddiscovery.ModFileInfo) Found valid mod file main with {disc_jockey} mods - versions {1.0.0}
[11:55:00] [main/DEBUG] (net.neoforged.fml.loading.moddiscovery.ModFile) Loading mod file F:\disc_jockey-1.21-fabric-quilt-neoforge-template\neoforge\build\resources\main with languages [LanguageSpec[languageName=javafml, acceptedVersions=[4,)]]
[11:55:00] [main/DEBUG] (net.neoforged.fml.loading.moddiscovery.ModFile) Found mixin config disc_jockey.mixins.json
[11:55:00] [main/DEBUG] (net.neoforged.fml.loading.moddiscovery.ModFileParser) Considering mod file candidate F:\disc_jockey-1.21-fabric-quilt-neoforge-template\.gradle\loom-cache\remapped_mods\remapped\dev\architectury\architectury-neoforge-e2a04d24\13.0.8\architectury-neoforge-e2a04d24-13.0.8.jar
[11:55:00] [main/DEBUG] (net.neoforged.fml.loading.moddiscovery.ModFileInfo) Found valid mod file architectury-neoforge-e2a04d24-13.0.8.jar with {architectury} mods - versions {13.0.8}
[11:55:00] [main/DEBUG] (net.neoforged.fml.loading.moddiscovery.ModFile) Loading mod file F:\disc_jockey-1.21-fabric-quilt-neoforge-template\.gradle\loom-cache\remapped_mods\remapped\dev\architectury\architectury-neoforge-e2a04d24\13.0.8\architectury-neoforge-e2a04d24-13.0.8.jar with languages [LanguageSpec[languageName=javafml, acceptedVersions=[1,)]]
[11:55:00] [main/DEBUG] (net.neoforged.fml.loading.moddiscovery.ModFile) Found mixin config architectury.mixins.json
[11:55:00] [main/DEBUG] (net.neoforged.fml.loading.moddiscovery.ModFile) Found mixin config architectury-common.mixins.json
[11:55:00] [main/DEBUG] (net.neoforged.fml.loading.moddiscovery.ModFileParser) Considering mod file candidate F:\.gradle\caches\fabric-loom\minecraftMaven\net\minecraft\neoforge-21.0.167-minecraft-merged\1.21-loom.mappings.1_21.layered+hash.426444933-v2-neoforge-21.0.167\neoforge-21.0.167-minecraft-merged-1.21-loom.mappings.1_21.layered+hash.426444933-v2-neoforge-21.0.167.jar
[11:55:00] [main/DEBUG] (net.neoforged.fml.loading.moddiscovery.ModFileInfo) Found valid mod file neoforge-21.0.167-minecraft-merged-1.21-loom.mappings.1_21.layered+hash.426444933-v2-neoforge-21.0.167.jar with {neoforge} mods - versions {21.0.167}
[11:55:00] [main/DEBUG] (net.neoforged.fml.loading.moddiscovery.ModFile) Loading mod file F:\.gradle\caches\fabric-loom\minecraftMaven\net\minecraft\neoforge-21.0.167-minecraft-merged\1.21-loom.mappings.1_21.layered+hash.426444933-v2-neoforge-21.0.167\neoforge-21.0.167-minecraft-merged-1.21-loom.mappings.1_21.layered+hash.426444933-v2-neoforge-21.0.167.jar with languages [LanguageSpec[languageName=javafml, acceptedVersions=[3,]]]
[11:55:00] [main/DEBUG] (net.neoforged.fml.loading.moddiscovery.ModFileParser) Found coremod field_to_method with Javascript path coremods/field_to_method.js
[11:55:00] [main/DEBUG] (net.neoforged.fml.loading.moddiscovery.ModFileParser) Found coremod field_to_instanceof with Javascript path coremods/field_to_instanceof.js
[11:55:00] [main/DEBUG] (net.neoforged.fml.loading.moddiscovery.ModFileParser) Found coremod add_bouncer_method with Javascript path coremods/add_bouncer_method.js
[11:55:00] [main/DEBUG] (net.neoforged.fml.loading.moddiscovery.ModFileParser) Found coremod method_redirector with Javascript path coremods/method_redirector.js
[11:55:00] [main/DEBUG] (net.neoforged.fml.loading.moddiscovery.ModFile) Found mixin config neoforge.mixins.json
[11:55:00] [main/DEBUG] (net.neoforged.fml.loading.moddiscovery.ModFile) Loading mod file F:\.gradle\caches\modules-2\files-2.1\io.github.llamalad7\mixinextras-neoforge\0.3.5\ef3ffcf309dae656517b2f120189b1c9b21737dd\mixinextras-neoforge-0.3.5.jar with languages []
[11:55:00] [main/DEBUG] (net.neoforged.fml.loading.moddiscovery.ModValidator) Found 7 mod files with 6 mods
[11:55:00] [main/DEBUG] (cpw.mods.modlauncher.TransformationServiceDecorator) End scan trigger - transformation service fml
[11:55:00] [main/DEBUG] (net.neoforged.fml.util.ServiceLoaderUtil) Found 3 implementations of IModLanguageLoader:
[11:55:00] [main/DEBUG] (net.neoforged.fml.util.ServiceLoaderUtil) 	net.neoforged.fml.javafmlmod.FMLJavaModLanguageProvider from loader-4.0.23.jar
[11:55:00] [main/DEBUG] (net.neoforged.fml.util.ServiceLoaderUtil) 	net.neoforged.fml.lowcodemod.LowCodeModLanguageProvider from loader-4.0.23.jar
[11:55:00] [main/DEBUG] (net.neoforged.fml.util.ServiceLoaderUtil) 	net.neoforged.fml.mclanguageprovider.MinecraftModLanguageProvider from loader-4.0.23.jar
[11:55:00] [main/DEBUG] (net.neoforged.fml.loading.LanguageProviderLoader) Found language provider javafml, version 4.0.23
[11:55:00] [main/DEBUG] (net.neoforged.fml.loading.LanguageProviderLoader) Found language provider lowcodefml, version 4.0.23
[11:55:00] [main/DEBUG] (net.neoforged.fml.loading.LanguageProviderLoader) Found language provider minecraft, version 4.0.23
[11:55:00] [main/DEBUG] (net.neoforged.fml.loading.ModSorter) Configured system mods: [minecraft, neoforge]
[11:55:00] [main/DEBUG] (net.neoforged.fml.loading.ModSorter) Found system mod: minecraft
[11:55:00] [main/DEBUG] (net.neoforged.fml.loading.ModSorter) Found system mod: neoforge
[11:55:00] [main/DEBUG] (net.neoforged.fml.loading.ModSorter) Found 6 mod requirements (6 mandatory, 0 optional)
[11:55:00] [main/DEBUG] (net.neoforged.fml.loading.ModSorter) Found 0 mod requirements missing (0 mandatory, 0 optional)
[11:55:00] [main/DEBUG] (net.neoforged.fml.loading.FMLLoader) Adding Access Transformer in F:\disc_jockey-1.21-fabric-quilt-neoforge-template\.gradle\loom-cache\remapped_mods\remapped\me\shedaniel\cloth\cloth-config-neoforge-e2a04d24\15.0.140\cloth-config-neoforge-e2a04d24-15.0.140-neoforge.jar
[11:55:00] [main/DEBUG] (AXFORM) Loading access transformer accesstransformer.cfg
[11:55:00] [main/DEBUG] (AXFORM) Loaded access transformer accesstransformer.cfg
[11:55:00] [main/DEBUG] (net.neoforged.fml.loading.FMLLoader) Adding Access Transformer in F:\disc_jockey-1.21-fabric-quilt-neoforge-template\.gradle\loom-cache\remapped_mods\remapped\dev\architectury\architectury-neoforge-e2a04d24\13.0.8\architectury-neoforge-e2a04d24-13.0.8.jar
[11:55:00] [main/DEBUG] (AXFORM) Loading access transformer accesstransformer.cfg
[11:55:00] [main/DEBUG] (AXFORM) Loaded access transformer accesstransformer.cfg
[11:55:00] [main/DEBUG] (net.neoforged.fml.loading.FMLLoader) Adding Access Transformer in F:\.gradle\caches\fabric-loom\minecraftMaven\net\minecraft\neoforge-21.0.167-minecraft-merged\1.21-loom.mappings.1_21.layered+hash.426444933-v2-neoforge-21.0.167\neoforge-21.0.167-minecraft-merged-1.21-loom.mappings.1_21.layered+hash.426444933-v2-neoforge-21.0.167.jar
[11:55:00] [main/DEBUG] (AXFORM) Loading access transformer accesstransformer.cfg
[11:55:00] [main/DEBUG] (AXFORM) Loaded access transformer accesstransformer.cfg
[11:55:00] [main/DEBUG] (mixin) Adding mixin platform agents for container net.neoforged.fml.loading.mixin.FMLMixinContainerHandle@495c3d15
[11:55:00] [main/DEBUG] (mixin) Instancing new MixinPlatformAgentMinecraftForge for net.neoforged.fml.loading.mixin.FMLMixinContainerHandle@495c3d15
[11:55:00] [main/DEBUG] (mixin) MixinPlatformAgentMinecraftForge rejected container net.neoforged.fml.loading.mixin.FMLMixinContainerHandle@495c3d15
[11:55:00] [main/DEBUG] (mixin) Instancing new MixinPlatformAgentDefault for net.neoforged.fml.loading.mixin.FMLMixinContainerHandle@495c3d15
[11:55:00] [main/DEBUG] (mixin) MixinPlatformAgentDefault accepted container net.neoforged.fml.loading.mixin.FMLMixinContainerHandle@495c3d15
[11:55:00] [main/DEBUG] (mixin) Instancing new FMLMixinPlatformAgent for net.neoforged.fml.loading.mixin.FMLMixinContainerHandle@495c3d15
[11:55:00] [main/DEBUG] (mixin) FMLMixinPlatformAgent accepted container net.neoforged.fml.loading.mixin.FMLMixinContainerHandle@495c3d15
[11:55:00] [main/DEBUG] (cpw.mods.modlauncher.TransformationServicesHandler) Transformation services loading transformers
[11:55:00] [main/DEBUG] (cpw.mods.modlauncher.TransformationServiceDecorator) Initializing transformers for transformation service mixin
[11:55:00] [main/DEBUG] (cpw.mods.modlauncher.TransformationServiceDecorator) Initialized transformers for transformation service mixin
[11:55:00] [main/DEBUG] (cpw.mods.modlauncher.TransformationServiceDecorator) Initializing transformers for transformation service fml
[11:55:00] [main/DEBUG] (net.neoforged.fml.loading.FMLServiceProvider) Loading coremod transformers
[11:55:00] [main/INFO] (net.neoforged.fml.loading.FMLServiceProvider) Loading coremod script-engine for [neoforge]
[11:55:00] [main/DEBUG] (net.neoforged.fml.loading.CoreModScriptLoader) Loading coremod scripts
[11:55:00] [main/DEBUG] (net.neoforged.coremod.CoreModScriptingEngine) Loading CoreMod from coremods/field_to_method.js
[11:55:00] [main/DEBUG] (net.neoforged.coremod.CoreModScriptingEngine) CoreMod loaded successfully
[11:55:00] [main/DEBUG] (net.neoforged.coremod.CoreModScriptingEngine) Loading CoreMod from coremods/field_to_instanceof.js
[11:55:00] [main/DEBUG] (net.neoforged.coremod.CoreModScriptingEngine) CoreMod loaded successfully
[11:55:00] [main/DEBUG] (net.neoforged.coremod.CoreModScriptingEngine) Loading CoreMod from coremods/add_bouncer_method.js
[11:55:00] [main/DEBUG] (net.neoforged.coremod.CoreModScriptingEngine) CoreMod loaded successfully
[11:55:00] [main/DEBUG] (net.neoforged.coremod.CoreModScriptingEngine) Loading CoreMod from coremods/method_redirector.js
[11:55:00] [main/DEBUG] (net.neoforged.coremod.CoreModScriptingEngine) CoreMod loaded successfully
[11:55:00] [main/DEBUG] (net.neoforged.fml.util.ServiceLoaderUtil) Found 0 implementations of ICoreMod:
[11:55:00] [main/DEBUG] (cpw.mods.modlauncher.TransformStore) Adding transformer net.neoforged.coremod.transformer.CoreModClassTransformer@7b9e4a2a to Target : cpw.mods.modlauncher.api.TargetType@6c7f3af6 {Lnet/minecraft/world/biome/Biome;} {} {V}
[11:55:00] [main/DEBUG] (cpw.mods.modlauncher.TransformStore) Adding transformer net.neoforged.coremod.transformer.CoreModClassTransformer@a929b6 to Target : cpw.mods.modlauncher.api.TargetType@6c7f3af6 {Lnet/minecraft/world/gen/structure/Structure;} {} {V}
[11:55:00] [main/DEBUG] (cpw.mods.modlauncher.TransformStore) Adding transformer net.neoforged.coremod.transformer.CoreModClassTransformer@66ade539 to Target : cpw.mods.modlauncher.api.TargetType@6c7f3af6 {Lnet/minecraft/block/FlowerPotBlock;} {} {V}
[11:55:00] [main/DEBUG] (cpw.mods.modlauncher.TransformStore) Adding transformer net.neoforged.coremod.transformer.CoreModClassTransformer@3f07eede to Target : cpw.mods.modlauncher.api.TargetType@6c7f3af6 {Lnet/minecraft/network/play/client/CClientSettingsPacket;} {} {V}
[11:55:00] [main/DEBUG] (cpw.mods.modlauncher.TransformStore) Adding transformer net.neoforged.coremod.transformer.CoreModClassTransformer@7b276a08 to Target : cpw.mods.modlauncher.api.TargetType@6c7f3af6 {Lnet/minecraft/world/entity/npc/CatSpawner;} {} {V}
[11:55:00] [main/DEBUG] (cpw.mods.modlauncher.TransformStore) Adding transformer net.neoforged.coremod.transformer.CoreModClassTransformer@7b276a08 to Target : cpw.mods.modlauncher.api.TargetType@6c7f3af6 {Lnet/minecraft/world/level/levelgen/PhantomSpawner;} {} {V}
[11:55:00] [main/DEBUG] (cpw.mods.modlauncher.TransformStore) Adding transformer net.neoforged.coremod.transformer.CoreModClassTransformer@7b276a08 to Target : cpw.mods.modlauncher.api.TargetType@6c7f3af6 {Lnet/minecraft/world/entity/npc/Villager;} {} {V}
[11:55:00] [main/DEBUG] (cpw.mods.modlauncher.TransformStore) Adding transformer net.neoforged.coremod.transformer.CoreModClassTransformer@7b276a08 to Target : cpw.mods.modlauncher.api.TargetType@6c7f3af6 {Lnet/minecraft/world/level/levelgen/structure/structures/WoodlandMansionPieces$WoodlandMansionPiece;} {} {V}
[11:55:00] [main/DEBUG] (cpw.mods.modlauncher.TransformStore) Adding transformer net.neoforged.coremod.transformer.CoreModClassTransformer@7b276a08 to Target : cpw.mods.modlauncher.api.TargetType@6c7f3af6 {Lnet/minecraft/server/commands/SummonCommand;} {} {V}
[11:55:00] [main/DEBUG] (cpw.mods.modlauncher.TransformStore) Adding transformer net.neoforged.coremod.transformer.CoreModClassTransformer@7b276a08 to Target : cpw.mods.modlauncher.api.TargetType@6c7f3af6 {Lnet/minecraft/world/level/levelgen/structure/templatesystem/StructureTemplate;} {} {V}
[11:55:00] [main/DEBUG] (cpw.mods.modlauncher.TransformStore) Adding transformer net.neoforged.coremod.transformer.CoreModClassTransformer@7b276a08 to Target : cpw.mods.modlauncher.api.TargetType@6c7f3af6 {Lnet/minecraft/world/entity/EntityType;} {} {V}
[11:55:00] [main/DEBUG] (cpw.mods.modlauncher.TransformStore) Adding transformer net.neoforged.coremod.transformer.CoreModClassTransformer@7b276a08 to Target : cpw.mods.modlauncher.api.TargetType@6c7f3af6 {Lnet/minecraft/world/entity/animal/horse/SkeletonTrapGoal;} {} {V}
[11:55:00] [main/DEBUG] (cpw.mods.modlauncher.TransformStore) Adding transformer net.neoforged.coremod.transformer.CoreModClassTransformer@7b276a08 to Target : cpw.mods.modlauncher.api.TargetType@6c7f3af6 {Lnet/minecraft/world/entity/ai/village/VillageSiege;} {} {V}
[11:55:00] [main/DEBUG] (cpw.mods.modlauncher.TransformStore) Adding transformer net.neoforged.coremod.transformer.CoreModClassTransformer@7b276a08 to Target : cpw.mods.modlauncher.api.TargetType@6c7f3af6 {Lnet/minecraft/world/entity/monster/Strider;} {} {V}
[11:55:00] [main/DEBUG] (cpw.mods.modlauncher.TransformStore) Adding transformer net.neoforged.coremod.transformer.CoreModClassTransformer@7b276a08 to Target : cpw.mods.modlauncher.api.TargetType@6c7f3af6 {Lnet/minecraft/world/level/levelgen/structure/structures/SwampHutPiece;} {} {V}
[11:55:00] [main/DEBUG] (cpw.mods.modlauncher.TransformStore) Adding transformer net.neoforged.coremod.transformer.CoreModClassTransformer@7b276a08 to Target : cpw.mods.modlauncher.api.TargetType@6c7f3af6 {Lnet/minecraft/world/level/levelgen/structure/structures/OceanRuinPieces$OceanRuinPiece;} {} {V}
[11:55:00] [main/DEBUG] (cpw.mods.modlauncher.TransformStore) Adding transformer net.neoforged.coremod.transformer.CoreModClassTransformer@7b276a08 to Target : cpw.mods.modlauncher.api.TargetType@6c7f3af6 {Lnet/minecraft/world/level/levelgen/PatrolSpawner;} {} {V}
[11:55:00] [main/DEBUG] (cpw.mods.modlauncher.TransformStore) Adding transformer net.neoforged.coremod.transformer.CoreModClassTransformer@7b276a08 to Target : cpw.mods.modlauncher.api.TargetType@6c7f3af6 {Lnet/minecraft/world/entity/monster/Evoker$EvokerSummonSpellGoal;} {} {V}
[11:55:00] [main/DEBUG] (cpw.mods.modlauncher.TransformStore) Adding transformer net.neoforged.coremod.transformer.CoreModClassTransformer@7b276a08 to Target : cpw.mods.modlauncher.api.TargetType@6c7f3af6 {Lnet/minecraft/server/commands/RaidCommand;} {} {V}
[11:55:00] [main/DEBUG] (cpw.mods.modlauncher.TransformStore) Adding transformer net.neoforged.coremod.transformer.CoreModClassTransformer@7b276a08 to Target : cpw.mods.modlauncher.api.TargetType@6c7f3af6 {Lnet/minecraft/world/entity/animal/frog/Tadpole;} {} {V}
[11:55:00] [main/DEBUG] (cpw.mods.modlauncher.TransformStore) Adding transformer net.neoforged.coremod.transformer.CoreModClassTransformer@7b276a08 to Target : cpw.mods.modlauncher.api.TargetType@6c7f3af6 {Lnet/minecraft/world/entity/raid/Raid;} {} {V}
[11:55:00] [main/DEBUG] (cpw.mods.modlauncher.TransformStore) Adding transformer net.neoforged.coremod.transformer.CoreModClassTransformer@7b276a08 to Target : cpw.mods.modlauncher.api.TargetType@6c7f3af6 {Lnet/minecraft/world/level/NaturalSpawner;} {} {V}
[11:55:00] [main/DEBUG] (cpw.mods.modlauncher.TransformStore) Adding transformer net.neoforged.coremod.transformer.CoreModClassTransformer@7b276a08 to Target : cpw.mods.modlauncher.api.TargetType@6c7f3af6 {Lnet/minecraft/world/entity/monster/Spider;} {} {V}
[11:55:00] [main/DEBUG] (cpw.mods.modlauncher.TransformStore) Adding transformer net.neoforged.coremod.transformer.CoreModClassTransformer@7b276a08 to Target : cpw.mods.modlauncher.api.TargetType@6c7f3af6 {Lnet/minecraft/world/entity/monster/Zombie;} {} {V}
[11:55:00] [main/DEBUG] (cpw.mods.modlauncher.TransformStore) Adding transformer net.neoforged.coremod.transformer.CoreModClassTransformer@7b276a08 to Target : cpw.mods.modlauncher.api.TargetType@6c7f3af6 {Lnet/minecraft/world/entity/monster/ZombieVillager;} {} {V}
[11:55:00] [main/DEBUG] (cpw.mods.modlauncher.TransformStore) Adding transformer net.neoforged.coremod.transformer.CoreModClassTransformer@7b276a08 to Target : cpw.mods.modlauncher.api.TargetType@6c7f3af6 {Lnet/minecraft/world/level/levelgen/structure/structures/OceanMonumentPieces$OceanMonumentPiece;} {} {V}
[11:55:00] [main/DEBUG] (cpw.mods.modlauncher.TransformationServiceDecorator) Initialized transformers for transformation service fml
[11:55:01] [main/DEBUG] (mixin) Processing prepare() for PlatformAgent[MixinPlatformAgentDefault:ModLauncher Root Container(ModLauncher:4f56a0a2)]
[11:55:01] [main/DEBUG] (mixin) Processing prepare() for PlatformAgent[MixinPlatformAgentDefault:net.neoforged.fml.loading.mixin.FMLMixinContainerHandle@495c3d15]
[11:55:01] [main/DEBUG] (mixin) Processing prepare() for PlatformAgent[FMLMixinPlatformAgent:null]
[11:55:01] [main/DEBUG] (mixin) Compatibility level JAVA_21 specified by disc_jockey.mixins.json is higher than the maximum level supported by this version of mixin (JAVA_13).
[11:55:01] [main/INFO] (mixin) Compatibility level set to JAVA_21
[11:55:01] [main/DEBUG] (mixin) Processing launch tasks for PlatformAgent[MixinPlatformAgentDefault:ModLauncher Root Container(ModLauncher:4f56a0a2)]
[11:55:01] [main/DEBUG] (mixin) Adding mixin platform agents for container SecureJarResource(mixin_synthetic)
[11:55:01] [main/DEBUG] (mixin) Instancing new MixinPlatformAgentMinecraftForge for SecureJarResource(mixin_synthetic)
[11:55:01] [main/DEBUG] (mixin) MixinPlatformAgentMinecraftForge rejected container SecureJarResource(mixin_synthetic)
[11:55:01] [main/DEBUG] (mixin) Instancing new MixinPlatformAgentDefault for SecureJarResource(mixin_synthetic)
[11:55:01] [main/DEBUG] (mixin) MixinPlatformAgentDefault accepted container SecureJarResource(mixin_synthetic)
[11:55:01] [main/DEBUG] (mixin) Instancing new FMLMixinPlatformAgent for SecureJarResource(mixin_synthetic)
[11:55:01] [main/DEBUG] (mixin) FMLMixinPlatformAgent rejected container SecureJarResource(mixin_synthetic)
[11:55:01] [main/DEBUG] (mixin) Processing prepare() for PlatformAgent[MixinPlatformAgentDefault:SecureJarResource(mixin_synthetic)]
[11:55:01] [main/DEBUG] (mixin) Adding mixin platform agents for container SecureJarResource(minecraft)
[11:55:01] [main/DEBUG] (mixin) Instancing new MixinPlatformAgentMinecraftForge for SecureJarResource(minecraft)
[11:55:01] [main/DEBUG] (mixin) MixinPlatformAgentMinecraftForge rejected container SecureJarResource(minecraft)
[11:55:01] [main/DEBUG] (mixin) Instancing new MixinPlatformAgentDefault for SecureJarResource(minecraft)
[11:55:01] [main/DEBUG] (mixin) MixinPlatformAgentDefault accepted container SecureJarResource(minecraft)
[11:55:01] [main/DEBUG] (mixin) Instancing new FMLMixinPlatformAgent for SecureJarResource(minecraft)
[11:55:01] [main/DEBUG] (mixin) FMLMixinPlatformAgent rejected container SecureJarResource(minecraft)
[11:55:01] [main/DEBUG] (mixin) Processing prepare() for PlatformAgent[MixinPlatformAgentDefault:SecureJarResource(minecraft)]
[11:55:01] [main/DEBUG] (mixin) Adding mixin platform agents for container SecureJarResource(cloth_config)
[11:55:01] [main/DEBUG] (mixin) Instancing new MixinPlatformAgentMinecraftForge for SecureJarResource(cloth_config)
[11:55:01] [main/DEBUG] (mixin) MixinPlatformAgentMinecraftForge rejected container SecureJarResource(cloth_config)
[11:55:01] [main/DEBUG] (mixin) Instancing new MixinPlatformAgentDefault for SecureJarResource(cloth_config)
[11:55:01] [main/DEBUG] (mixin) MixinPlatformAgentDefault accepted container SecureJarResource(cloth_config)
[11:55:01] [main/DEBUG] (mixin) Instancing new FMLMixinPlatformAgent for SecureJarResource(cloth_config)
[11:55:01] [main/DEBUG] (mixin) FMLMixinPlatformAgent rejected container SecureJarResource(cloth_config)
[11:55:01] [main/DEBUG] (mixin) Processing prepare() for PlatformAgent[MixinPlatformAgentDefault:SecureJarResource(cloth_config)]
[11:55:01] [main/DEBUG] (mixin) Adding mixin platform agents for container SecureJarResource(generated_3b4e93c)
[11:55:01] [main/DEBUG] (mixin) Instancing new MixinPlatformAgentMinecraftForge for SecureJarResource(generated_3b4e93c)
[11:55:01] [main/DEBUG] (mixin) MixinPlatformAgentMinecraftForge rejected container SecureJarResource(generated_3b4e93c)
[11:55:01] [main/DEBUG] (mixin) Instancing new MixinPlatformAgentDefault for SecureJarResource(generated_3b4e93c)
[11:55:01] [main/DEBUG] (mixin) MixinPlatformAgentDefault accepted container SecureJarResource(generated_3b4e93c)
[11:55:01] [main/DEBUG] (mixin) Instancing new FMLMixinPlatformAgent for SecureJarResource(generated_3b4e93c)
[11:55:01] [main/DEBUG] (mixin) FMLMixinPlatformAgent rejected container SecureJarResource(generated_3b4e93c)
[11:55:01] [main/DEBUG] (mixin) Processing prepare() for PlatformAgent[MixinPlatformAgentDefault:SecureJarResource(generated_3b4e93c)]
[11:55:01] [main/DEBUG] (mixin) Adding mixin platform agents for container SecureJarResource(architectury)
[11:55:01] [main/DEBUG] (mixin) Instancing new MixinPlatformAgentMinecraftForge for SecureJarResource(architectury)
[11:55:01] [main/DEBUG] (mixin) MixinPlatformAgentMinecraftForge rejected container SecureJarResource(architectury)
[11:55:01] [main/DEBUG] (mixin) Instancing new MixinPlatformAgentDefault for SecureJarResource(architectury)
[11:55:01] [main/DEBUG] (mixin) MixinPlatformAgentDefault accepted container SecureJarResource(architectury)
[11:55:01] [main/DEBUG] (mixin) Instancing new FMLMixinPlatformAgent for SecureJarResource(architectury)
[11:55:01] [main/DEBUG] (mixin) FMLMixinPlatformAgent rejected container SecureJarResource(architectury)
[11:55:01] [main/DEBUG] (mixin) Processing prepare() for PlatformAgent[MixinPlatformAgentDefault:SecureJarResource(architectury)]
[11:55:01] [main/DEBUG] (mixin) Adding mixin platform agents for container SecureJarResource(disc_jockey)
[11:55:01] [main/DEBUG] (mixin) Instancing new MixinPlatformAgentMinecraftForge for SecureJarResource(disc_jockey)
[11:55:01] [main/DEBUG] (mixin) MixinPlatformAgentMinecraftForge rejected container SecureJarResource(disc_jockey)
[11:55:01] [main/DEBUG] (mixin) Instancing new MixinPlatformAgentDefault for SecureJarResource(disc_jockey)
[11:55:01] [main/DEBUG] (mixin) MixinPlatformAgentDefault accepted container SecureJarResource(disc_jockey)
[11:55:01] [main/DEBUG] (mixin) Instancing new FMLMixinPlatformAgent for SecureJarResource(disc_jockey)
[11:55:01] [main/DEBUG] (mixin) FMLMixinPlatformAgent rejected container SecureJarResource(disc_jockey)
[11:55:01] [main/DEBUG] (mixin) Processing prepare() for PlatformAgent[MixinPlatformAgentDefault:SecureJarResource(disc_jockey)]
[11:55:01] [main/DEBUG] (mixin) Adding mixin platform agents for container SecureJarResource(mixinextras.neoforge)
[11:55:01] [main/DEBUG] (mixin) Instancing new MixinPlatformAgentMinecraftForge for SecureJarResource(mixinextras.neoforge)
[11:55:01] [main/DEBUG] (mixin) MixinPlatformAgentMinecraftForge rejected container SecureJarResource(mixinextras.neoforge)
[11:55:01] [main/DEBUG] (mixin) Instancing new MixinPlatformAgentDefault for SecureJarResource(mixinextras.neoforge)
[11:55:01] [main/DEBUG] (mixin) MixinPlatformAgentDefault accepted container SecureJarResource(mixinextras.neoforge)
[11:55:01] [main/DEBUG] (mixin) Instancing new FMLMixinPlatformAgent for SecureJarResource(mixinextras.neoforge)
[11:55:01] [main/DEBUG] (mixin) FMLMixinPlatformAgent rejected container SecureJarResource(mixinextras.neoforge)
[11:55:01] [main/DEBUG] (mixin) Processing prepare() for PlatformAgent[MixinPlatformAgentDefault:SecureJarResource(mixinextras.neoforge)]
[11:55:01] [main/DEBUG] (mixin) Registering mixin config: mixinextras.init.mixins.json source=SecureJarResource(mixinextras.neoforge)
[11:55:01] [main/DEBUG] (mixin) inject() running with 9 agents
[11:55:01] [main/DEBUG] (mixin) Processing inject() for PlatformAgent[MixinPlatformAgentDefault:ModLauncher Root Container(ModLauncher:4f56a0a2)]
[11:55:01] [main/DEBUG] (mixin) Processing inject() for PlatformAgent[MixinPlatformAgentDefault:net.neoforged.fml.loading.mixin.FMLMixinContainerHandle@495c3d15]
[11:55:01] [main/DEBUG] (mixin) Processing inject() for PlatformAgent[FMLMixinPlatformAgent:null]
[11:55:01] [main/DEBUG] (mixin) Processing inject() for PlatformAgent[MixinPlatformAgentDefault:SecureJarResource(mixin_synthetic)]
[11:55:01] [main/DEBUG] (mixin) Processing inject() for PlatformAgent[MixinPlatformAgentDefault:SecureJarResource(minecraft)]
[11:55:01] [main/DEBUG] (mixin) Processing inject() for PlatformAgent[MixinPlatformAgentDefault:SecureJarResource(cloth_config)]
[11:55:01] [main/DEBUG] (mixin) Processing inject() for PlatformAgent[MixinPlatformAgentDefault:SecureJarResource(generated_3b4e93c)]
[11:55:01] [main/DEBUG] (mixin) Processing inject() for PlatformAgent[MixinPlatformAgentDefault:SecureJarResource(architectury)]
[11:55:01] [main/DEBUG] (mixin) Processing inject() for PlatformAgent[MixinPlatformAgentDefault:SecureJarResource(disc_jockey)]
[11:55:01] [main/DEBUG] (mixin) Processing inject() for PlatformAgent[MixinPlatformAgentDefault:SecureJarResource(mixinextras.neoforge)]
[11:55:01] [main/INFO] (cpw.mods.modlauncher.LaunchServiceHandler) Launching target 'forgeclientuserdev' with arguments [--version, 21.0.167, --gameDir, ., --assetsDir, F:\.gradle\caches\fabric-loom\assets, --assetIndex, 1.21-17]
[11:55:01] [main/INFO] (unprotect) Found 8262 Minecraft classes
[11:55:01] [main/DEBUG] (cpw.mods.modlauncher.LaunchPluginHandler) LaunchPluginService {AFTER=[org.spongepowered.asm.launch.MixinLaunchPlugin@1a5df070, net.neoforged.fml.common.asm.RuntimeDistCleaner@10cae98c]}
[11:55:01] [main/DEBUG] (cpw.mods.modlauncher.LaunchPluginHandler) Final flags state for net.neoforged.neoforge.client.loading.NeoForgeLoadingOverlay is 0
[11:55:01] [main/DEBUG] (cpw.mods.modlauncher.LaunchPluginHandler) LauncherPluginService mixin offering transform net.neoforged.neoforge.client.loading.NeoForgeLoadingOverlay
[11:55:01] [main/DEBUG] (mixin) Preparing mixins for MixinEnvironment[DEFAULT]
[11:55:01] [main/DEBUG] (mixin) Selecting config architectury.mixins.json
[11:55:01] [main/DEBUG] (cpw.mods.modlauncher.LaunchPluginHandler) LaunchPluginService {AFTER=[org.spongepowered.asm.launch.MixinLaunchPlugin@1a5df070, net.neoforged.fml.common.asm.RuntimeDistCleaner@10cae98c]}
[11:55:01] [main/DEBUG] (cpw.mods.modlauncher.LaunchPluginHandler) Final flags state for dev.architectury.plugin.forge.ArchitecturyMixinPlugin is 0
[11:55:01] [main/DEBUG] (cpw.mods.modlauncher.LaunchPluginHandler) LauncherPluginService mixin offering transform dev.architectury.plugin.forge.ArchitecturyMixinPlugin
[11:55:01] [main/DEBUG] (cpw.mods.modlauncher.LaunchPluginHandler) LauncherPluginService runtimedistcleaner offering transform dev.architectury.plugin.forge.ArchitecturyMixinPlugin
[11:55:01] [main/DEBUG] (cpw.mods.modlauncher.LaunchPluginHandler) Final flags state for dev.architectury.plugin.forge.ArchitecturyMixinPlugin is 0
[11:55:01] [main/DEBUG] (mixin) Selecting config architectury-common.mixins.json
[11:55:01] [main/DEBUG] (mixin) Selecting config disc_jockey.mixins.json
[11:55:01] [main/DEBUG] (mixin) Selecting config neoforge.mixins.json
[11:55:01] [main/DEBUG] (mixin) Selecting config mixinextras.init.mixins.json
[11:55:01] [main/DEBUG] (cpw.mods.modlauncher.LaunchPluginHandler) LaunchPluginService {AFTER=[org.spongepowered.asm.launch.MixinLaunchPlugin@1a5df070, net.neoforged.fml.common.asm.RuntimeDistCleaner@10cae98c]}
[11:55:01] [main/DEBUG] (cpw.mods.modlauncher.LaunchPluginHandler) Final flags state for com.llamalad7.mixinextras.platform.neoforge.MixinExtrasConfigPlugin is 0
[11:55:01] [main/DEBUG] (cpw.mods.modlauncher.LaunchPluginHandler) LauncherPluginService mixin offering transform com.llamalad7.mixinextras.platform.neoforge.MixinExtrasConfigPlugin
[11:55:01] [main/DEBUG] (cpw.mods.modlauncher.LaunchPluginHandler) LauncherPluginService runtimedistcleaner offering transform com.llamalad7.mixinextras.platform.neoforge.MixinExtrasConfigPlugin
[11:55:01] [main/DEBUG] (cpw.mods.modlauncher.LaunchPluginHandler) Final flags state for com.llamalad7.mixinextras.platform.neoforge.MixinExtrasConfigPlugin is 0
[11:55:01] [main/DEBUG] (cpw.mods.modlauncher.LaunchPluginHandler) LaunchPluginService {AFTER=[org.spongepowered.asm.launch.MixinLaunchPlugin@1a5df070, net.neoforged.fml.common.asm.RuntimeDistCleaner@10cae98c]}
[11:55:01] [main/DEBUG] (cpw.mods.modlauncher.LaunchPluginHandler) Final flags state for com.llamalad7.mixinextras.MixinExtrasBootstrap is 0
[11:55:01] [main/DEBUG] (cpw.mods.modlauncher.LaunchPluginHandler) LauncherPluginService mixin offering transform com.llamalad7.mixinextras.MixinExtrasBootstrap
[11:55:01] [main/DEBUG] (cpw.mods.modlauncher.LaunchPluginHandler) LauncherPluginService runtimedistcleaner offering transform com.llamalad7.mixinextras.MixinExtrasBootstrap
[11:55:01] [main/DEBUG] (cpw.mods.modlauncher.LaunchPluginHandler) Final flags state for com.llamalad7.mixinextras.MixinExtrasBootstrap is 0
[11:55:01] [main/DEBUG] (cpw.mods.modlauncher.LaunchPluginHandler) LaunchPluginService {AFTER=[org.spongepowered.asm.launch.MixinLaunchPlugin@1a5df070, net.neoforged.fml.common.asm.RuntimeDistCleaner@10cae98c]}
[11:55:01] [main/DEBUG] (cpw.mods.modlauncher.LaunchPluginHandler) Final flags state for com.llamalad7.mixinextras.service.MixinExtrasService is 0
[11:55:01] [main/DEBUG] (cpw.mods.modlauncher.LaunchPluginHandler) LauncherPluginService mixin offering transform com.llamalad7.mixinextras.service.MixinExtrasService
[11:55:01] [main/DEBUG] (cpw.mods.modlauncher.LaunchPluginHandler) LauncherPluginService runtimedistcleaner offering transform com.llamalad7.mixinextras.service.MixinExtrasService
[11:55:01] [main/DEBUG] (cpw.mods.modlauncher.LaunchPluginHandler) Final flags state for com.llamalad7.mixinextras.service.MixinExtrasService is 0
[11:55:01] [main/DEBUG] (cpw.mods.modlauncher.LaunchPluginHandler) LaunchPluginService {AFTER=[org.spongepowered.asm.launch.MixinLaunchPlugin@1a5df070, net.neoforged.fml.common.asm.RuntimeDistCleaner@10cae98c]}
[11:55:01] [main/DEBUG] (cpw.mods.modlauncher.LaunchPluginHandler) Final flags state for com.llamalad7.mixinextras.utils.Blackboard is 0
[11:55:01] [main/DEBUG] (cpw.mods.modlauncher.LaunchPluginHandler) LauncherPluginService mixin offering transform com.llamalad7.mixinextras.utils.Blackboard
[11:55:01] [main/DEBUG] (cpw.mods.modlauncher.LaunchPluginHandler) LauncherPluginService runtimedistcleaner offering transform com.llamalad7.mixinextras.utils.Blackboard
[11:55:01] [main/DEBUG] (cpw.mods.modlauncher.LaunchPluginHandler) Final flags state for com.llamalad7.mixinextras.utils.Blackboard is 0
[11:55:01] [main/DEBUG] (cpw.mods.modlauncher.LaunchPluginHandler) LaunchPluginService {AFTER=[org.spongepowered.asm.launch.MixinLaunchPlugin@1a5df070, net.neoforged.fml.common.asm.RuntimeDistCleaner@10cae98c]}
[11:55:01] [main/DEBUG] (cpw.mods.modlauncher.LaunchPluginHandler) Final flags state for com.llamalad7.mixinextras.service.MixinExtrasServiceImpl is 0
[11:55:01] [main/DEBUG] (cpw.mods.modlauncher.LaunchPluginHandler) LauncherPluginService mixin offering transform com.llamalad7.mixinextras.service.MixinExtrasServiceImpl
[11:55:01] [main/DEBUG] (cpw.mods.modlauncher.LaunchPluginHandler) LauncherPluginService runtimedistcleaner offering transform com.llamalad7.mixinextras.service.MixinExtrasServiceImpl
[11:55:01] [main/DEBUG] (cpw.mods.modlauncher.LaunchPluginHandler) Final flags state for com.llamalad7.mixinextras.service.MixinExtrasServiceImpl is 0
[11:55:01] [main/DEBUG] (cpw.mods.modlauncher.LaunchPluginHandler) LaunchPluginService {AFTER=[org.spongepowered.asm.launch.MixinLaunchPlugin@1a5df070, net.neoforged.fml.common.asm.RuntimeDistCleaner@10cae98c]}
[11:55:01] [main/DEBUG] (cpw.mods.modlauncher.LaunchPluginHandler) Final flags state for com.llamalad7.mixinextras.utils.MixinExtrasLogger is 0
[11:55:01] [main/DEBUG] (cpw.mods.modlauncher.LaunchPluginHandler) LauncherPluginService mixin offering transform com.llamalad7.mixinextras.utils.MixinExtrasLogger
[11:55:01] [main/DEBUG] (cpw.mods.modlauncher.LaunchPluginHandler) LauncherPluginService runtimedistcleaner offering transform com.llamalad7.mixinextras.utils.MixinExtrasLogger
[11:55:01] [main/DEBUG] (cpw.mods.modlauncher.LaunchPluginHandler) Final flags state for com.llamalad7.mixinextras.utils.MixinExtrasLogger is 0
[11:55:01] [main/DEBUG] (cpw.mods.modlauncher.LaunchPluginHandler) LaunchPluginService {AFTER=[org.spongepowered.asm.launch.MixinLaunchPlugin@1a5df070, net.neoforged.fml.common.asm.RuntimeDistCleaner@10cae98c]}
[11:55:01] [main/DEBUG] (cpw.mods.modlauncher.LaunchPluginHandler) Final flags state for com.llamalad7.mixinextras.lib.apache.commons.StringUtils is 0
[11:55:01] [main/DEBUG] (cpw.mods.modlauncher.LaunchPluginHandler) LauncherPluginService mixin offering transform com.llamalad7.mixinextras.lib.apache.commons.StringUtils
[11:55:01] [main/DEBUG] (cpw.mods.modlauncher.LaunchPluginHandler) LauncherPluginService runtimedistcleaner offering transform com.llamalad7.mixinextras.lib.apache.commons.StringUtils
[11:55:01] [main/DEBUG] (cpw.mods.modlauncher.LaunchPluginHandler) Final flags state for com.llamalad7.mixinextras.lib.apache.commons.StringUtils is 0
[11:55:01] [main/DEBUG] (cpw.mods.modlauncher.LaunchPluginHandler) LaunchPluginService {AFTER=[org.spongepowered.asm.launch.MixinLaunchPlugin@1a5df070, net.neoforged.fml.common.asm.RuntimeDistCleaner@10cae98c]}
[11:55:01] [main/DEBUG] (cpw.mods.modlauncher.LaunchPluginHandler) Final flags state for com.llamalad7.mixinextras.service.Versioned is 0
[11:55:01] [main/DEBUG] (cpw.mods.modlauncher.LaunchPluginHandler) LauncherPluginService mixin offering transform com.llamalad7.mixinextras.service.Versioned
[11:55:01] [main/DEBUG] (cpw.mods.modlauncher.LaunchPluginHandler) LauncherPluginService runtimedistcleaner offering transform com.llamalad7.mixinextras.service.Versioned
[11:55:01] [main/DEBUG] (cpw.mods.modlauncher.LaunchPluginHandler) Final flags state for com.llamalad7.mixinextras.service.Versioned is 0
[11:55:01] [main/DEBUG] (cpw.mods.modlauncher.LaunchPluginHandler) LaunchPluginService {AFTER=[org.spongepowered.asm.launch.MixinLaunchPlugin@1a5df070, net.neoforged.fml.common.asm.RuntimeDistCleaner@10cae98c]}
[11:55:01] [main/DEBUG] (cpw.mods.modlauncher.LaunchPluginHandler) Final flags state for com.llamalad7.mixinextras.service.MixinExtrasVersion is 0
[11:55:01] [main/DEBUG] (cpw.mods.modlauncher.LaunchPluginHandler) LauncherPluginService mixin offering transform com.llamalad7.mixinextras.service.MixinExtrasVersion
[11:55:01] [main/DEBUG] (cpw.mods.modlauncher.LaunchPluginHandler) LauncherPluginService runtimedistcleaner offering transform com.llamalad7.mixinextras.service.MixinExtrasVersion
[11:55:01] [main/DEBUG] (cpw.mods.modlauncher.LaunchPluginHandler) Final flags state for com.llamalad7.mixinextras.service.MixinExtrasVersion is 0
[11:55:01] [main/DEBUG] (cpw.mods.modlauncher.LaunchPluginHandler) LaunchPluginService {AFTER=[org.spongepowered.asm.launch.MixinLaunchPlugin@1a5df070, net.neoforged.fml.common.asm.RuntimeDistCleaner@10cae98c]}
[11:55:01] [main/DEBUG] (cpw.mods.modlauncher.LaunchPluginHandler) Final flags state for com.llamalad7.mixinextras.transformer.MixinTransformerExtension is 0
[11:55:01] [main/DEBUG] (cpw.mods.modlauncher.LaunchPluginHandler) LauncherPluginService mixin offering transform com.llamalad7.mixinextras.transformer.MixinTransformerExtension
[11:55:01] [main/DEBUG] (cpw.mods.modlauncher.LaunchPluginHandler) LauncherPluginService runtimedistcleaner offering transform com.llamalad7.mixinextras.transformer.MixinTransformerExtension
[11:55:01] [main/DEBUG] (cpw.mods.modlauncher.LaunchPluginHandler) Final flags state for com.llamalad7.mixinextras.transformer.MixinTransformerExtension is 0
[11:55:01] [main/DEBUG] (cpw.mods.modlauncher.LaunchPluginHandler) LaunchPluginService {AFTER=[org.spongepowered.asm.launch.MixinLaunchPlugin@1a5df070, net.neoforged.fml.common.asm.RuntimeDistCleaner@10cae98c]}
[11:55:01] [main/DEBUG] (cpw.mods.modlauncher.LaunchPluginHandler) Final flags state for com.llamalad7.mixinextras.transformer.MixinTransformer is 0
[11:55:01] [main/DEBUG] (cpw.mods.modlauncher.LaunchPluginHandler) LauncherPluginService mixin offering transform com.llamalad7.mixinextras.transformer.MixinTransformer
[11:55:01] [main/DEBUG] (cpw.mods.modlauncher.LaunchPluginHandler) LauncherPluginService runtimedistcleaner offering transform com.llamalad7.mixinextras.transformer.MixinTransformer
[11:55:01] [main/DEBUG] (cpw.mods.modlauncher.LaunchPluginHandler) Final flags state for com.llamalad7.mixinextras.transformer.MixinTransformer is 0
[11:55:01] [main/DEBUG] (cpw.mods.modlauncher.LaunchPluginHandler) LaunchPluginService {AFTER=[org.spongepowered.asm.launch.MixinLaunchPlugin@1a5df070, net.neoforged.fml.common.asm.RuntimeDistCleaner@10cae98c]}
[11:55:01] [main/DEBUG] (cpw.mods.modlauncher.LaunchPluginHandler) Final flags state for com.llamalad7.mixinextras.wrapper.factory.FactoryRedirectWrapperMixinTransformer is 0
[11:55:01] [main/DEBUG] (cpw.mods.modlauncher.LaunchPluginHandler) LauncherPluginService mixin offering transform com.llamalad7.mixinextras.wrapper.factory.FactoryRedirectWrapperMixinTransformer
[11:55:01] [main/DEBUG] (cpw.mods.modlauncher.LaunchPluginHandler) LauncherPluginService runtimedistcleaner offering transform com.llamalad7.mixinextras.wrapper.factory.FactoryRedirectWrapperMixinTransformer
[11:55:01] [main/DEBUG] (cpw.mods.modlauncher.LaunchPluginHandler) Final flags state for com.llamalad7.mixinextras.wrapper.factory.FactoryRedirectWrapperMixinTransformer is 0
[11:55:01] [main/DEBUG] (cpw.mods.modlauncher.LaunchPluginHandler) LaunchPluginService {AFTER=[org.spongepowered.asm.launch.MixinLaunchPlugin@1a5df070, net.neoforged.fml.common.asm.RuntimeDistCleaner@10cae98c]}
[11:55:01] [main/DEBUG] (cpw.mods.modlauncher.LaunchPluginHandler) Final flags state for com.llamalad7.mixinextras.sugar.impl.SugarMixinTransformer is 0
[11:55:01] [main/DEBUG] (cpw.mods.modlauncher.LaunchPluginHandler) LauncherPluginService mixin offering transform com.llamalad7.mixinextras.sugar.impl.SugarMixinTransformer
[11:55:01] [main/DEBUG] (cpw.mods.modlauncher.LaunchPluginHandler) LauncherPluginService runtimedistcleaner offering transform com.llamalad7.mixinextras.sugar.impl.SugarMixinTransformer
[11:55:01] [main/DEBUG] (cpw.mods.modlauncher.LaunchPluginHandler) Final flags state for com.llamalad7.mixinextras.sugar.impl.SugarMixinTransformer is 0
[11:55:01] [main/DEBUG] (cpw.mods.modlauncher.LaunchPluginHandler) LaunchPluginService {AFTER=[org.spongepowered.asm.launch.MixinLaunchPlugin@1a5df070, net.neoforged.fml.common.asm.RuntimeDistCleaner@10cae98c]}
[11:55:01] [main/DEBUG] (cpw.mods.modlauncher.LaunchPluginHandler) Final flags state for com.llamalad7.mixinextras.service.ServiceInitializationExtension is 0
[11:55:01] [main/DEBUG] (cpw.mods.modlauncher.LaunchPluginHandler) LauncherPluginService mixin offering transform com.llamalad7.mixinextras.service.ServiceInitializationExtension
[11:55:01] [main/DEBUG] (cpw.mods.modlauncher.LaunchPluginHandler) LauncherPluginService runtimedistcleaner offering transform com.llamalad7.mixinextras.service.ServiceInitializationExtension
[11:55:01] [main/DEBUG] (cpw.mods.modlauncher.LaunchPluginHandler) Final flags state for com.llamalad7.mixinextras.service.ServiceInitializationExtension is 0
[11:55:01] [main/DEBUG] (cpw.mods.modlauncher.LaunchPluginHandler) LaunchPluginService {AFTER=[org.spongepowered.asm.launch.MixinLaunchPlugin@1a5df070, net.neoforged.fml.common.asm.RuntimeDistCleaner@10cae98c]}
[11:55:01] [main/DEBUG] (cpw.mods.modlauncher.LaunchPluginHandler) Final flags state for com.llamalad7.mixinextras.injector.LateInjectionApplicatorExtension is 0
[11:55:01] [main/DEBUG] (cpw.mods.modlauncher.LaunchPluginHandler) LauncherPluginService mixin offering transform com.llamalad7.mixinextras.injector.LateInjectionApplicatorExtension
[11:55:01] [main/DEBUG] (cpw.mods.modlauncher.LaunchPluginHandler) LauncherPluginService runtimedistcleaner offering transform com.llamalad7.mixinextras.injector.LateInjectionApplicatorExtension
[11:55:01] [main/DEBUG] (cpw.mods.modlauncher.LaunchPluginHandler) Final flags state for com.llamalad7.mixinextras.injector.LateInjectionApplicatorExtension is 0
[11:55:01] [main/DEBUG] (cpw.mods.modlauncher.LaunchPluginHandler) LaunchPluginService {AFTER=[org.spongepowered.asm.launch.MixinLaunchPlugin@1a5df070, net.neoforged.fml.common.asm.RuntimeDistCleaner@10cae98c]}
[11:55:01] [main/DEBUG] (cpw.mods.modlauncher.LaunchPluginHandler) Final flags state for com.llamalad7.mixinextras.sugar.impl.SugarPostProcessingExtension is 0
[11:55:01] [main/DEBUG] (cpw.mods.modlauncher.LaunchPluginHandler) LauncherPluginService mixin offering transform com.llamalad7.mixinextras.sugar.impl.SugarPostProcessingExtension
[11:55:01] [main/DEBUG] (cpw.mods.modlauncher.LaunchPluginHandler) LauncherPluginService runtimedistcleaner offering transform com.llamalad7.mixinextras.sugar.impl.SugarPostProcessingExtension
[11:55:01] [main/DEBUG] (cpw.mods.modlauncher.LaunchPluginHandler) Final flags state for com.llamalad7.mixinextras.sugar.impl.SugarPostProcessingExtension is 0
[11:55:01] [main/DEBUG] (cpw.mods.modlauncher.LaunchPluginHandler) LaunchPluginService {AFTER=[org.spongepowered.asm.launch.MixinLaunchPlugin@1a5df070, net.neoforged.fml.common.asm.RuntimeDistCleaner@10cae98c]}
[11:55:01] [main/DEBUG] (cpw.mods.modlauncher.LaunchPluginHandler) Final flags state for com.llamalad7.mixinextras.injector.ModifyExpressionValueInjectionInfo is 0
[11:55:01] [main/DEBUG] (cpw.mods.modlauncher.LaunchPluginHandler) LauncherPluginService mixin offering transform com.llamalad7.mixinextras.injector.ModifyExpressionValueInjectionInfo
[11:55:01] [main/DEBUG] (cpw.mods.modlauncher.LaunchPluginHandler) LauncherPluginService runtimedistcleaner offering transform com.llamalad7.mixinextras.injector.ModifyExpressionValueInjectionInfo
[11:55:01] [main/DEBUG] (cpw.mods.modlauncher.LaunchPluginHandler) Final flags state for com.llamalad7.mixinextras.injector.ModifyExpressionValueInjectionInfo is 0
[11:55:01] [main/DEBUG] (cpw.mods.modlauncher.LaunchPluginHandler) LaunchPluginService {AFTER=[org.spongepowered.asm.launch.MixinLaunchPlugin@1a5df070, net.neoforged.fml.common.asm.RuntimeDistCleaner@10cae98c]}
[11:55:01] [main/DEBUG] (cpw.mods.modlauncher.LaunchPluginHandler) Final flags state for com.llamalad7.mixinextras.injector.MixinExtrasInjectionInfo is 0
[11:55:01] [main/DEBUG] (cpw.mods.modlauncher.LaunchPluginHandler) LauncherPluginService mixin offering transform com.llamalad7.mixinextras.injector.MixinExtrasInjectionInfo
[11:55:01] [main/DEBUG] (cpw.mods.modlauncher.LaunchPluginHandler) LauncherPluginService runtimedistcleaner offering transform com.llamalad7.mixinextras.injector.MixinExtrasInjectionInfo
[11:55:01] [main/DEBUG] (cpw.mods.modlauncher.LaunchPluginHandler) Final flags state for com.llamalad7.mixinextras.injector.MixinExtrasInjectionInfo is 0
[11:55:01] [main/DEBUG] (cpw.mods.modlauncher.LaunchPluginHandler) LaunchPluginService {AFTER=[org.spongepowered.asm.launch.MixinLaunchPlugin@1a5df070, net.neoforged.fml.common.asm.RuntimeDistCleaner@10cae98c]}
[11:55:01] [main/DEBUG] (cpw.mods.modlauncher.LaunchPluginHandler) Final flags state for com.llamalad7.mixinextras.injector.ModifyReceiverInjectionInfo is 0
[11:55:01] [main/DEBUG] (cpw.mods.modlauncher.LaunchPluginHandler) LauncherPluginService mixin offering transform com.llamalad7.mixinextras.injector.ModifyReceiverInjectionInfo
[11:55:01] [main/DEBUG] (cpw.mods.modlauncher.LaunchPluginHandler) LauncherPluginService runtimedistcleaner offering transform com.llamalad7.mixinextras.injector.ModifyReceiverInjectionInfo
[11:55:01] [main/DEBUG] (cpw.mods.modlauncher.LaunchPluginHandler) Final flags state for com.llamalad7.mixinextras.injector.ModifyReceiverInjectionInfo is 0
[11:55:01] [main/DEBUG] (cpw.mods.modlauncher.LaunchPluginHandler) LaunchPluginService {AFTER=[org.spongepowered.asm.launch.MixinLaunchPlugin@1a5df070, net.neoforged.fml.common.asm.RuntimeDistCleaner@10cae98c]}
[11:55:01] [main/DEBUG] (cpw.mods.modlauncher.LaunchPluginHandler) Final flags state for com.llamalad7.mixinextras.injector.ModifyReturnValueInjectionInfo is 0
[11:55:01] [main/DEBUG] (cpw.mods.modlauncher.LaunchPluginHandler) LauncherPluginService mixin offering transform com.llamalad7.mixinextras.injector.ModifyReturnValueInjectionInfo
[11:55:01] [main/DEBUG] (cpw.mods.modlauncher.LaunchPluginHandler) LauncherPluginService runtimedistcleaner offering transform com.llamalad7.mixinextras.injector.ModifyReturnValueInjectionInfo
[11:55:01] [main/DEBUG] (cpw.mods.modlauncher.LaunchPluginHandler) Final flags state for com.llamalad7.mixinextras.injector.ModifyReturnValueInjectionInfo is 0
[11:55:01] [main/DEBUG] (cpw.mods.modlauncher.LaunchPluginHandler) LaunchPluginService {AFTER=[org.spongepowered.asm.launch.MixinLaunchPlugin@1a5df070, net.neoforged.fml.common.asm.RuntimeDistCleaner@10cae98c]}
[11:55:01] [main/DEBUG] (cpw.mods.modlauncher.LaunchPluginHandler) Final flags state for com.llamalad7.mixinextras.injector.wrapoperation.WrapOperationInjectionInfo is 0
[11:55:01] [main/DEBUG] (cpw.mods.modlauncher.LaunchPluginHandler) LauncherPluginService mixin offering transform com.llamalad7.mixinextras.injector.wrapoperation.WrapOperationInjectionInfo
[11:55:01] [main/DEBUG] (cpw.mods.modlauncher.LaunchPluginHandler) LauncherPluginService runtimedistcleaner offering transform com.llamalad7.mixinextras.injector.wrapoperation.WrapOperationInjectionInfo
[11:55:01] [main/DEBUG] (cpw.mods.modlauncher.LaunchPluginHandler) Final flags state for com.llamalad7.mixinextras.injector.wrapoperation.WrapOperationInjectionInfo is 0
[11:55:01] [main/DEBUG] (cpw.mods.modlauncher.LaunchPluginHandler) LaunchPluginService {AFTER=[org.spongepowered.asm.launch.MixinLaunchPlugin@1a5df070, net.neoforged.fml.common.asm.RuntimeDistCleaner@10cae98c]}
[11:55:01] [main/DEBUG] (cpw.mods.modlauncher.LaunchPluginHandler) Final flags state for com.llamalad7.mixinextras.injector.MixinExtrasLateInjectionInfo is 0
[11:55:01] [main/DEBUG] (cpw.mods.modlauncher.LaunchPluginHandler) LauncherPluginService mixin offering transform com.llamalad7.mixinextras.injector.MixinExtrasLateInjectionInfo
[11:55:01] [main/DEBUG] (cpw.mods.modlauncher.LaunchPluginHandler) LauncherPluginService runtimedistcleaner offering transform com.llamalad7.mixinextras.injector.MixinExtrasLateInjectionInfo
[11:55:01] [main/DEBUG] (cpw.mods.modlauncher.LaunchPluginHandler) Final flags state for com.llamalad7.mixinextras.injector.MixinExtrasLateInjectionInfo is 0
[11:55:01] [main/DEBUG] (cpw.mods.modlauncher.LaunchPluginHandler) LaunchPluginService {AFTER=[org.spongepowered.asm.launch.MixinLaunchPlugin@1a5df070, net.neoforged.fml.common.asm.RuntimeDistCleaner@10cae98c]}
[11:55:01] [main/DEBUG] (cpw.mods.modlauncher.LaunchPluginHandler) Final flags state for com.llamalad7.mixinextras.injector.LateApplyingInjectorInfo is 0
[11:55:01] [main/DEBUG] (cpw.mods.modlauncher.LaunchPluginHandler) LauncherPluginService mixin offering transform com.llamalad7.mixinextras.injector.LateApplyingInjectorInfo
[11:55:01] [main/DEBUG] (cpw.mods.modlauncher.LaunchPluginHandler) LauncherPluginService runtimedistcleaner offering transform com.llamalad7.mixinextras.injector.LateApplyingInjectorInfo
[11:55:01] [main/DEBUG] (cpw.mods.modlauncher.LaunchPluginHandler) Final flags state for com.llamalad7.mixinextras.injector.LateApplyingInjectorInfo is 0
[11:55:01] [main/DEBUG] (cpw.mods.modlauncher.LaunchPluginHandler) LaunchPluginService {AFTER=[org.spongepowered.asm.launch.MixinLaunchPlugin@1a5df070, net.neoforged.fml.common.asm.RuntimeDistCleaner@10cae98c]}
[11:55:01] [main/DEBUG] (cpw.mods.modlauncher.LaunchPluginHandler) Final flags state for com.llamalad7.mixinextras.injector.WrapWithConditionV1InjectionInfo is 0
[11:55:01] [main/DEBUG] (cpw.mods.modlauncher.LaunchPluginHandler) LauncherPluginService mixin offering transform com.llamalad7.mixinextras.injector.WrapWithConditionV1InjectionInfo
[11:55:01] [main/DEBUG] (cpw.mods.modlauncher.LaunchPluginHandler) LauncherPluginService runtimedistcleaner offering transform com.llamalad7.mixinextras.injector.WrapWithConditionV1InjectionInfo
[11:55:01] [main/DEBUG] (cpw.mods.modlauncher.LaunchPluginHandler) Final flags state for com.llamalad7.mixinextras.injector.WrapWithConditionV1InjectionInfo is 0
[11:55:01] [main/DEBUG] (cpw.mods.modlauncher.LaunchPluginHandler) LaunchPluginService {AFTER=[org.spongepowered.asm.launch.MixinLaunchPlugin@1a5df070, net.neoforged.fml.common.asm.RuntimeDistCleaner@10cae98c]}
[11:55:01] [main/DEBUG] (cpw.mods.modlauncher.LaunchPluginHandler) Final flags state for com.llamalad7.mixinextras.injector.v2.WrapWithConditionInjectionInfo is 0
[11:55:01] [main/DEBUG] (cpw.mods.modlauncher.LaunchPluginHandler) LauncherPluginService mixin offering transform com.llamalad7.mixinextras.injector.v2.WrapWithConditionInjectionInfo
[11:55:01] [main/DEBUG] (cpw.mods.modlauncher.LaunchPluginHandler) LauncherPluginService runtimedistcleaner offering transform com.llamalad7.mixinextras.injector.v2.WrapWithConditionInjectionInfo
[11:55:01] [main/DEBUG] (cpw.mods.modlauncher.LaunchPluginHandler) Final flags state for com.llamalad7.mixinextras.injector.v2.WrapWithConditionInjectionInfo is 0
[11:55:01] [main/DEBUG] (cpw.mods.modlauncher.LaunchPluginHandler) LaunchPluginService {AFTER=[org.spongepowered.asm.launch.MixinLaunchPlugin@1a5df070, net.neoforged.fml.common.asm.RuntimeDistCleaner@10cae98c]}
[11:55:01] [main/DEBUG] (cpw.mods.modlauncher.LaunchPluginHandler) Final flags state for com.llamalad7.mixinextras.sugar.impl.SugarWrapperInjectionInfo is 0
[11:55:01] [main/DEBUG] (cpw.mods.modlauncher.LaunchPluginHandler) LauncherPluginService mixin offering transform com.llamalad7.mixinextras.sugar.impl.SugarWrapperInjectionInfo
[11:55:01] [main/DEBUG] (cpw.mods.modlauncher.LaunchPluginHandler) LauncherPluginService runtimedistcleaner offering transform com.llamalad7.mixinextras.sugar.impl.SugarWrapperInjectionInfo
[11:55:01] [main/DEBUG] (cpw.mods.modlauncher.LaunchPluginHandler) Final flags state for com.llamalad7.mixinextras.sugar.impl.SugarWrapperInjectionInfo is 0
[11:55:01] [main/DEBUG] (cpw.mods.modlauncher.LaunchPluginHandler) LaunchPluginService {AFTER=[org.spongepowered.asm.launch.MixinLaunchPlugin@1a5df070, net.neoforged.fml.common.asm.RuntimeDistCleaner@10cae98c]}
[11:55:01] [main/DEBUG] (cpw.mods.modlauncher.LaunchPluginHandler) Final flags state for com.llamalad7.mixinextras.wrapper.WrapperInjectionInfo is 0
[11:55:01] [main/DEBUG] (cpw.mods.modlauncher.LaunchPluginHandler) LauncherPluginService mixin offering transform com.llamalad7.mixinextras.wrapper.WrapperInjectionInfo
[11:55:01] [main/DEBUG] (cpw.mods.modlauncher.LaunchPluginHandler) LauncherPluginService runtimedistcleaner offering transform com.llamalad7.mixinextras.wrapper.WrapperInjectionInfo
[11:55:01] [main/DEBUG] (cpw.mods.modlauncher.LaunchPluginHandler) Final flags state for com.llamalad7.mixinextras.wrapper.WrapperInjectionInfo is 0
[11:55:01] [main/DEBUG] (cpw.mods.modlauncher.LaunchPluginHandler) LaunchPluginService {AFTER=[org.spongepowered.asm.launch.MixinLaunchPlugin@1a5df070, net.neoforged.fml.common.asm.RuntimeDistCleaner@10cae98c]}
[11:55:01] [main/DEBUG] (cpw.mods.modlauncher.LaunchPluginHandler) Final flags state for com.llamalad7.mixinextras.wrapper.factory.FactoryRedirectWrapperInjectionInfo is 0
[11:55:01] [main/DEBUG] (cpw.mods.modlauncher.LaunchPluginHandler) LauncherPluginService mixin offering transform com.llamalad7.mixinextras.wrapper.factory.FactoryRedirectWrapperInjectionInfo
[11:55:01] [main/DEBUG] (cpw.mods.modlauncher.LaunchPluginHandler) LauncherPluginService runtimedistcleaner offering transform com.llamalad7.mixinextras.wrapper.factory.FactoryRedirectWrapperInjectionInfo
[11:55:01] [main/DEBUG] (cpw.mods.modlauncher.LaunchPluginHandler) Final flags state for com.llamalad7.mixinextras.wrapper.factory.FactoryRedirectWrapperInjectionInfo is 0
[11:55:01] [main/DEBUG] (MixinExtras|Service) com.llamalad7.mixinextras.service.MixinExtrasServiceImpl(version=0.3.5) is taking over from null
[11:55:01] [main/DEBUG] (cpw.mods.modlauncher.LaunchPluginHandler) LaunchPluginService {AFTER=[org.spongepowered.asm.launch.MixinLaunchPlugin@1a5df070, net.neoforged.fml.common.asm.RuntimeDistCleaner@10cae98c]}
[11:55:01] [main/DEBUG] (cpw.mods.modlauncher.LaunchPluginHandler) Final flags state for com.llamalad7.mixinextras.utils.MixinInternals is 0
[11:55:01] [main/DEBUG] (cpw.mods.modlauncher.LaunchPluginHandler) LauncherPluginService mixin offering transform com.llamalad7.mixinextras.utils.MixinInternals
[11:55:01] [main/DEBUG] (cpw.mods.modlauncher.LaunchPluginHandler) LauncherPluginService runtimedistcleaner offering transform com.llamalad7.mixinextras.utils.MixinInternals
[11:55:01] [main/DEBUG] (cpw.mods.modlauncher.LaunchPluginHandler) Final flags state for com.llamalad7.mixinextras.utils.MixinInternals is 0
[11:55:01] [main/DEBUG] (cpw.mods.modlauncher.LaunchPluginHandler) LaunchPluginService {AFTER=[org.spongepowered.asm.launch.MixinLaunchPlugin@1a5df070, net.neoforged.fml.common.asm.RuntimeDistCleaner@10cae98c]}
[11:55:01] [main/DEBUG] (cpw.mods.modlauncher.LaunchPluginHandler) Final flags state for com.llamalad7.mixinextras.utils.InternalField is 0
[11:55:01] [main/DEBUG] (cpw.mods.modlauncher.LaunchPluginHandler) LauncherPluginService mixin offering transform com.llamalad7.mixinextras.utils.InternalField
[11:55:01] [main/DEBUG] (cpw.mods.modlauncher.LaunchPluginHandler) LauncherPluginService runtimedistcleaner offering transform com.llamalad7.mixinextras.utils.InternalField
[11:55:01] [main/DEBUG] (cpw.mods.modlauncher.LaunchPluginHandler) Final flags state for com.llamalad7.mixinextras.utils.InternalField is 0
[11:55:01] [main/DEBUG] (cpw.mods.modlauncher.LaunchPluginHandler) LaunchPluginService {AFTER=[org.spongepowered.asm.launch.MixinLaunchPlugin@1a5df070, net.neoforged.fml.common.asm.RuntimeDistCleaner@10cae98c]}
[11:55:01] [main/DEBUG] (cpw.mods.modlauncher.LaunchPluginHandler) Final flags state for com.llamalad7.mixinextras.utils.InternalField$1 is 0
[11:55:01] [main/DEBUG] (cpw.mods.modlauncher.LaunchPluginHandler) LauncherPluginService mixin offering transform com.llamalad7.mixinextras.utils.InternalField$1
[11:55:01] [main/DEBUG] (cpw.mods.modlauncher.LaunchPluginHandler) LauncherPluginService runtimedistcleaner offering transform com.llamalad7.mixinextras.utils.InternalField$1
[11:55:01] [main/DEBUG] (cpw.mods.modlauncher.LaunchPluginHandler) Final flags state for com.llamalad7.mixinextras.utils.InternalField$1 is 0
[11:55:01] [main/DEBUG] (cpw.mods.modlauncher.LaunchPluginHandler) LaunchPluginService {AFTER=[org.spongepowered.asm.launch.MixinLaunchPlugin@1a5df070, net.neoforged.fml.common.asm.RuntimeDistCleaner@10cae98c]}
[11:55:01] [main/DEBUG] (cpw.mods.modlauncher.LaunchPluginHandler) Final flags state for com.llamalad7.mixinextras.utils.InternalMethod is 0
[11:55:01] [main/DEBUG] (cpw.mods.modlauncher.LaunchPluginHandler) LauncherPluginService mixin offering transform com.llamalad7.mixinextras.utils.InternalMethod
[11:55:01] [main/DEBUG] (cpw.mods.modlauncher.LaunchPluginHandler) LauncherPluginService runtimedistcleaner offering transform com.llamalad7.mixinextras.utils.InternalMethod
[11:55:01] [main/DEBUG] (cpw.mods.modlauncher.LaunchPluginHandler) Final flags state for com.llamalad7.mixinextras.utils.InternalMethod is 0
[11:55:01] [main/DEBUG] (cpw.mods.modlauncher.LaunchPluginHandler) LaunchPluginService {AFTER=[org.spongepowered.asm.launch.MixinLaunchPlugin@1a5df070, net.neoforged.fml.common.asm.RuntimeDistCleaner@10cae98c]}
[11:55:01] [main/DEBUG] (cpw.mods.modlauncher.LaunchPluginHandler) Final flags state for com.llamalad7.mixinextras.utils.InternalConstructor is 0
[11:55:01] [main/DEBUG] (cpw.mods.modlauncher.LaunchPluginHandler) LauncherPluginService mixin offering transform com.llamalad7.mixinextras.utils.InternalConstructor
[11:55:01] [main/DEBUG] (cpw.mods.modlauncher.LaunchPluginHandler) LauncherPluginService runtimedistcleaner offering transform com.llamalad7.mixinextras.utils.InternalConstructor
[11:55:01] [main/DEBUG] (cpw.mods.modlauncher.LaunchPluginHandler) Final flags state for com.llamalad7.mixinextras.utils.InternalConstructor is 0
[11:55:01] [main/DEBUG] (cpw.mods.modlauncher.LaunchPluginHandler) LaunchPluginService {AFTER=[org.spongepowered.asm.launch.MixinLaunchPlugin@1a5df070, net.neoforged.fml.common.asm.RuntimeDistCleaner@10cae98c]}
[11:55:01] [main/DEBUG] (cpw.mods.modlauncher.LaunchPluginHandler) Final flags state for com.llamalad7.mixinextras.injector.ModifyExpressionValue is 0
[11:55:01] [main/DEBUG] (cpw.mods.modlauncher.LaunchPluginHandler) LauncherPluginService mixin offering transform com.llamalad7.mixinextras.injector.ModifyExpressionValue
[11:55:01] [main/DEBUG] (cpw.mods.modlauncher.LaunchPluginHandler) LauncherPluginService runtimedistcleaner offering transform com.llamalad7.mixinextras.injector.ModifyExpressionValue
[11:55:01] [main/DEBUG] (cpw.mods.modlauncher.LaunchPluginHandler) Final flags state for com.llamalad7.mixinextras.injector.ModifyExpressionValue is 0
[11:55:01] [main/DEBUG] (mixin) Registering new injector for @Inject with org.spongepowered.asm.mixin.injection.struct.CallbackInjectionInfo
[11:55:01] [main/DEBUG] (mixin) Registering new injector for @ModifyArg with org.spongepowered.asm.mixin.injection.struct.ModifyArgInjectionInfo
[11:55:01] [main/DEBUG] (mixin) Registering new injector for @ModifyArgs with org.spongepowered.asm.mixin.injection.struct.ModifyArgsInjectionInfo
[11:55:01] [main/DEBUG] (mixin) Registering new injector for @Redirect with org.spongepowered.asm.mixin.injection.struct.RedirectInjectionInfo
[11:55:01] [main/DEBUG] (mixin) Registering new injector for @ModifyVariable with org.spongepowered.asm.mixin.injection.struct.ModifyVariableInjectionInfo
[11:55:01] [main/DEBUG] (mixin) Registering new injector for @ModifyConstant with org.spongepowered.asm.mixin.injection.struct.ModifyConstantInjectionInfo
[11:55:01] [main/DEBUG] (cpw.mods.modlauncher.LaunchPluginHandler) LaunchPluginService {AFTER=[org.spongepowered.asm.launch.MixinLaunchPlugin@1a5df070, net.neoforged.fml.common.asm.RuntimeDistCleaner@10cae98c]}
[11:55:01] [main/DEBUG] (cpw.mods.modlauncher.LaunchPluginHandler) Final flags state for com.llamalad7.mixinextras.injector.ModifyExpressionValueInjector is 0
[11:55:01] [main/DEBUG] (cpw.mods.modlauncher.LaunchPluginHandler) LauncherPluginService mixin offering transform com.llamalad7.mixinextras.injector.ModifyExpressionValueInjector
[11:55:01] [main/DEBUG] (cpw.mods.modlauncher.LaunchPluginHandler) LauncherPluginService runtimedistcleaner offering transform com.llamalad7.mixinextras.injector.ModifyExpressionValueInjector
[11:55:01] [main/DEBUG] (cpw.mods.modlauncher.LaunchPluginHandler) Final flags state for com.llamalad7.mixinextras.injector.ModifyExpressionValueInjector is 0
[11:55:01] [main/DEBUG] (cpw.mods.modlauncher.LaunchPluginHandler) LaunchPluginService {AFTER=[org.spongepowered.asm.launch.MixinLaunchPlugin@1a5df070, net.neoforged.fml.common.asm.RuntimeDistCleaner@10cae98c]}
[11:55:01] [main/DEBUG] (cpw.mods.modlauncher.LaunchPluginHandler) Final flags state for com.llamalad7.mixinextras.injector.ModifyReceiver is 0
[11:55:01] [main/DEBUG] (cpw.mods.modlauncher.LaunchPluginHandler) LauncherPluginService mixin offering transform com.llamalad7.mixinextras.injector.ModifyReceiver
[11:55:01] [main/DEBUG] (cpw.mods.modlauncher.LaunchPluginHandler) LauncherPluginService runtimedistcleaner offering transform com.llamalad7.mixinextras.injector.ModifyReceiver
[11:55:01] [main/DEBUG] (cpw.mods.modlauncher.LaunchPluginHandler) Final flags state for com.llamalad7.mixinextras.injector.ModifyReceiver is 0
[11:55:01] [main/DEBUG] (cpw.mods.modlauncher.LaunchPluginHandler) LaunchPluginService {AFTER=[org.spongepowered.asm.launch.MixinLaunchPlugin@1a5df070, net.neoforged.fml.common.asm.RuntimeDistCleaner@10cae98c]}
[11:55:01] [main/DEBUG] (cpw.mods.modlauncher.LaunchPluginHandler) Final flags state for com.llamalad7.mixinextras.injector.ModifyReceiverInjector is 0
[11:55:01] [main/DEBUG] (cpw.mods.modlauncher.LaunchPluginHandler) LauncherPluginService mixin offering transform com.llamalad7.mixinextras.injector.ModifyReceiverInjector
[11:55:01] [main/DEBUG] (cpw.mods.modlauncher.LaunchPluginHandler) LauncherPluginService runtimedistcleaner offering transform com.llamalad7.mixinextras.injector.ModifyReceiverInjector
[11:55:01] [main/DEBUG] (cpw.mods.modlauncher.LaunchPluginHandler) Final flags state for com.llamalad7.mixinextras.injector.ModifyReceiverInjector is 0
[11:55:01] [main/DEBUG] (cpw.mods.modlauncher.LaunchPluginHandler) LaunchPluginService {AFTER=[org.spongepowered.asm.launch.MixinLaunchPlugin@1a5df070, net.neoforged.fml.common.asm.RuntimeDistCleaner@10cae98c]}
[11:55:01] [main/DEBUG] (cpw.mods.modlauncher.LaunchPluginHandler) Final flags state for com.llamalad7.mixinextras.injector.ModifyReturnValue is 0
[11:55:01] [main/DEBUG] (cpw.mods.modlauncher.LaunchPluginHandler) LauncherPluginService mixin offering transform com.llamalad7.mixinextras.injector.ModifyReturnValue
[11:55:01] [main/DEBUG] (cpw.mods.modlauncher.LaunchPluginHandler) LauncherPluginService runtimedistcleaner offering transform com.llamalad7.mixinextras.injector.ModifyReturnValue
[11:55:01] [main/DEBUG] (cpw.mods.modlauncher.LaunchPluginHandler) Final flags state for com.llamalad7.mixinextras.injector.ModifyReturnValue is 0
[11:55:01] [main/DEBUG] (cpw.mods.modlauncher.LaunchPluginHandler) LaunchPluginService {AFTER=[org.spongepowered.asm.launch.MixinLaunchPlugin@1a5df070, net.neoforged.fml.common.asm.RuntimeDistCleaner@10cae98c]}
[11:55:01] [main/DEBUG] (cpw.mods.modlauncher.LaunchPluginHandler) Final flags state for com.llamalad7.mixinextras.injector.ModifyReturnValueInjector is 0
[11:55:01] [main/DEBUG] (cpw.mods.modlauncher.LaunchPluginHandler) LauncherPluginService mixin offering transform com.llamalad7.mixinextras.injector.ModifyReturnValueInjector
[11:55:01] [main/DEBUG] (cpw.mods.modlauncher.LaunchPluginHandler) LauncherPluginService runtimedistcleaner offering transform com.llamalad7.mixinextras.injector.ModifyReturnValueInjector
[11:55:01] [main/DEBUG] (cpw.mods.modlauncher.LaunchPluginHandler) Final flags state for com.llamalad7.mixinextras.injector.ModifyReturnValueInjector is 0
[11:55:01] [main/DEBUG] (cpw.mods.modlauncher.LaunchPluginHandler) LaunchPluginService {AFTER=[org.spongepowered.asm.launch.MixinLaunchPlugin@1a5df070, net.neoforged.fml.common.asm.RuntimeDistCleaner@10cae98c]}
[11:55:01] [main/DEBUG] (cpw.mods.modlauncher.LaunchPluginHandler) Final flags state for com.llamalad7.mixinextras.injector.wrapoperation.WrapOperation is 0
[11:55:01] [main/DEBUG] (cpw.mods.modlauncher.LaunchPluginHandler) LauncherPluginService mixin offering transform com.llamalad7.mixinextras.injector.wrapoperation.WrapOperation
[11:55:01] [main/DEBUG] (cpw.mods.modlauncher.LaunchPluginHandler) LauncherPluginService runtimedistcleaner offering transform com.llamalad7.mixinextras.injector.wrapoperation.WrapOperation
[11:55:01] [main/DEBUG] (cpw.mods.modlauncher.LaunchPluginHandler) Final flags state for com.llamalad7.mixinextras.injector.wrapoperation.WrapOperation is 0
[11:55:01] [main/DEBUG] (cpw.mods.modlauncher.LaunchPluginHandler) LaunchPluginService {AFTER=[org.spongepowered.asm.launch.MixinLaunchPlugin@1a5df070, net.neoforged.fml.common.asm.RuntimeDistCleaner@10cae98c]}
[11:55:01] [main/DEBUG] (cpw.mods.modlauncher.LaunchPluginHandler) Final flags state for com.llamalad7.mixinextras.injector.wrapoperation.WrapOperationInjector is 0
[11:55:01] [main/DEBUG] (cpw.mods.modlauncher.LaunchPluginHandler) LauncherPluginService mixin offering transform com.llamalad7.mixinextras.injector.wrapoperation.WrapOperationInjector
[11:55:01] [main/DEBUG] (cpw.mods.modlauncher.LaunchPluginHandler) LauncherPluginService runtimedistcleaner offering transform com.llamalad7.mixinextras.injector.wrapoperation.WrapOperationInjector
[11:55:01] [main/DEBUG] (cpw.mods.modlauncher.LaunchPluginHandler) Final flags state for com.llamalad7.mixinextras.injector.wrapoperation.WrapOperationInjector is 0
[11:55:01] [main/DEBUG] (cpw.mods.modlauncher.LaunchPluginHandler) LaunchPluginService {AFTER=[org.spongepowered.asm.launch.MixinLaunchPlugin@1a5df070, net.neoforged.fml.common.asm.RuntimeDistCleaner@10cae98c]}
[11:55:01] [main/DEBUG] (cpw.mods.modlauncher.LaunchPluginHandler) Final flags state for com.llamalad7.mixinextras.injector.WrapWithCondition is 0
[11:55:01] [main/DEBUG] (cpw.mods.modlauncher.LaunchPluginHandler) LauncherPluginService mixin offering transform com.llamalad7.mixinextras.injector.WrapWithCondition
[11:55:01] [main/DEBUG] (cpw.mods.modlauncher.LaunchPluginHandler) LauncherPluginService runtimedistcleaner offering transform com.llamalad7.mixinextras.injector.WrapWithCondition
[11:55:01] [main/DEBUG] (cpw.mods.modlauncher.LaunchPluginHandler) Final flags state for com.llamalad7.mixinextras.injector.WrapWithCondition is 0
[11:55:01] [main/DEBUG] (cpw.mods.modlauncher.LaunchPluginHandler) LaunchPluginService {AFTER=[org.spongepowered.asm.launch.MixinLaunchPlugin@1a5df070, net.neoforged.fml.common.asm.RuntimeDistCleaner@10cae98c]}
[11:55:01] [main/DEBUG] (cpw.mods.modlauncher.LaunchPluginHandler) Final flags state for com.llamalad7.mixinextras.injector.WrapWithConditionInjector is 0
[11:55:01] [main/DEBUG] (cpw.mods.modlauncher.LaunchPluginHandler) LauncherPluginService mixin offering transform com.llamalad7.mixinextras.injector.WrapWithConditionInjector
[11:55:01] [main/DEBUG] (cpw.mods.modlauncher.LaunchPluginHandler) LauncherPluginService runtimedistcleaner offering transform com.llamalad7.mixinextras.injector.WrapWithConditionInjector
[11:55:01] [main/DEBUG] (cpw.mods.modlauncher.LaunchPluginHandler) Final flags state for com.llamalad7.mixinextras.injector.WrapWithConditionInjector is 0
[11:55:01] [main/DEBUG] (cpw.mods.modlauncher.LaunchPluginHandler) LaunchPluginService {AFTER=[org.spongepowered.asm.launch.MixinLaunchPlugin@1a5df070, net.neoforged.fml.common.asm.RuntimeDistCleaner@10cae98c]}
[11:55:01] [main/DEBUG] (cpw.mods.modlauncher.LaunchPluginHandler) Final flags state for com.llamalad7.mixinextras.injector.v2.WrapWithCondition is 0
[11:55:01] [main/DEBUG] (cpw.mods.modlauncher.LaunchPluginHandler) LauncherPluginService mixin offering transform com.llamalad7.mixinextras.injector.v2.WrapWithCondition
[11:55:01] [main/DEBUG] (cpw.mods.modlauncher.LaunchPluginHandler) LauncherPluginService runtimedistcleaner offering transform com.llamalad7.mixinextras.injector.v2.WrapWithCondition
[11:55:01] [main/DEBUG] (cpw.mods.modlauncher.LaunchPluginHandler) Final flags state for com.llamalad7.mixinextras.injector.v2.WrapWithCondition is 0
[11:55:01] [main/DEBUG] (mixin) Preparing architectury.mixins.json (11)
[11:55:01] [main/DEBUG] (cpw.mods.modlauncher.LaunchPluginHandler) LaunchPluginService {AFTER=[net.neoforged.fml.common.asm.RuntimeDistCleaner@10cae98c]}
[11:55:01] [main/DEBUG] (cpw.mods.modlauncher.LaunchPluginHandler) Final flags state for dev.architectury.mixin.forge.neoforge.MixinBucketItem is 0
[11:55:01] [main/DEBUG] (cpw.mods.modlauncher.LaunchPluginHandler) LauncherPluginService runtimedistcleaner offering transform dev.architectury.mixin.forge.neoforge.MixinBucketItem
[11:55:01] [main/DEBUG] (cpw.mods.modlauncher.LaunchPluginHandler) Final flags state for dev.architectury.mixin.forge.neoforge.MixinBucketItem is 0
[11:55:01] [main/DEBUG] (cpw.mods.modlauncher.LaunchPluginHandler) LaunchPluginService {AFTER=[net.neoforged.fml.common.asm.RuntimeDistCleaner@10cae98c]}
[11:55:01] [main/DEBUG] (cpw.mods.modlauncher.LaunchPluginHandler) Final flags state for dev.architectury.mixin.forge.neoforge.BucketItemAccessor is 0
[11:55:01] [main/DEBUG] (cpw.mods.modlauncher.LaunchPluginHandler) LauncherPluginService runtimedistcleaner offering transform dev.architectury.mixin.forge.neoforge.BucketItemAccessor
[11:55:01] [main/DEBUG] (cpw.mods.modlauncher.LaunchPluginHandler) Final flags state for dev.architectury.mixin.forge.neoforge.BucketItemAccessor is 0
[11:55:01] [main/DEBUG] (cpw.mods.modlauncher.LaunchPluginHandler) LaunchPluginService {AFTER=[net.neoforged.fml.common.asm.RuntimeDistCleaner@10cae98c]}
[11:55:01] [main/DEBUG] (cpw.mods.modlauncher.LaunchPluginHandler) Final flags state for dev.architectury.mixin.forge.neoforge.LiquidBlockAccessor is 0
[11:55:01] [main/DEBUG] (cpw.mods.modlauncher.LaunchPluginHandler) LauncherPluginService runtimedistcleaner offering transform dev.architectury.mixin.forge.neoforge.LiquidBlockAccessor
[11:55:01] [main/DEBUG] (cpw.mods.modlauncher.LaunchPluginHandler) Final flags state for dev.architectury.mixin.forge.neoforge.LiquidBlockAccessor is 0
[11:55:01] [main/DEBUG] (cpw.mods.modlauncher.LaunchPluginHandler) LaunchPluginService {AFTER=[net.neoforged.fml.common.asm.RuntimeDistCleaner@10cae98c]}
[11:55:01] [main/DEBUG] (cpw.mods.modlauncher.LaunchPluginHandler) Final flags state for dev.architectury.mixin.forge.neoforge.MixinChunkSerializer is 0
[11:55:01] [main/DEBUG] (cpw.mods.modlauncher.LaunchPluginHandler) LauncherPluginService runtimedistcleaner offering transform dev.architectury.mixin.forge.neoforge.MixinChunkSerializer
[11:55:01] [main/DEBUG] (cpw.mods.modlauncher.LaunchPluginHandler) Final flags state for dev.architectury.mixin.forge.neoforge.MixinChunkSerializer is 0
[11:55:01] [main/DEBUG] (cpw.mods.modlauncher.LaunchPluginHandler) LaunchPluginService {AFTER=[net.neoforged.fml.common.asm.RuntimeDistCleaner@10cae98c]}
[11:55:01] [main/DEBUG] (cpw.mods.modlauncher.LaunchPluginHandler) Final flags state for dev.architectury.mixin.forge.MixinFallingBlockEntity is 0
[11:55:01] [main/DEBUG] (cpw.mods.modlauncher.LaunchPluginHandler) LauncherPluginService runtimedistcleaner offering transform dev.architectury.mixin.forge.MixinFallingBlockEntity
[11:55:01] [main/DEBUG] (cpw.mods.modlauncher.LaunchPluginHandler) Final flags state for dev.architectury.mixin.forge.MixinFallingBlockEntity is 0
[11:55:01] [main/DEBUG] (cpw.mods.modlauncher.LaunchPluginHandler) LaunchPluginService {AFTER=[net.neoforged.fml.common.asm.RuntimeDistCleaner@10cae98c]}
[11:55:01] [main/DEBUG] (cpw.mods.modlauncher.LaunchPluginHandler) Final flags state for dev.architectury.mixin.forge.MixinInventory is 0
[11:55:01] [main/DEBUG] (cpw.mods.modlauncher.LaunchPluginHandler) LauncherPluginService runtimedistcleaner offering transform dev.architectury.mixin.forge.MixinInventory
[11:55:01] [main/DEBUG] (cpw.mods.modlauncher.LaunchPluginHandler) Final flags state for dev.architectury.mixin.forge.MixinInventory is 0
[11:55:01] [main/DEBUG] (cpw.mods.modlauncher.LaunchPluginHandler) LaunchPluginService {AFTER=[net.neoforged.fml.common.asm.RuntimeDistCleaner@10cae98c]}
[11:55:01] [main/DEBUG] (cpw.mods.modlauncher.LaunchPluginHandler) Final flags state for dev.architectury.mixin.forge.MixinItemExtension is 0
[11:55:01] [main/DEBUG] (cpw.mods.modlauncher.LaunchPluginHandler) LauncherPluginService runtimedistcleaner offering transform dev.architectury.mixin.forge.MixinItemExtension
[11:55:01] [main/DEBUG] (cpw.mods.modlauncher.LaunchPluginHandler) Final flags state for dev.architectury.mixin.forge.MixinItemExtension is 0
[11:55:01] [main/DEBUG] (cpw.mods.modlauncher.LaunchPluginHandler) LaunchPluginService {AFTER=[net.neoforged.fml.common.asm.RuntimeDistCleaner@10cae98c]}
[11:55:01] [main/DEBUG] (cpw.mods.modlauncher.LaunchPluginHandler) Final flags state for dev.architectury.mixin.forge.MixinLevelEvent is 0
[11:55:01] [main/DEBUG] (cpw.mods.modlauncher.LaunchPluginHandler) LauncherPluginService runtimedistcleaner offering transform dev.architectury.mixin.forge.MixinLevelEvent
[11:55:01] [main/DEBUG] (cpw.mods.modlauncher.LaunchPluginHandler) Final flags state for dev.architectury.mixin.forge.MixinLevelEvent is 0
[11:55:01] [main/DEBUG] (cpw.mods.modlauncher.LaunchPluginHandler) LaunchPluginService {AFTER=[juuxel.unprotect.UnprotectLaunchPlugin@59e7a6d8, net.neoforged.fml.common.asm.RuntimeDistCleaner@10cae98c]}
[11:55:01] [main/DEBUG] (cpw.mods.modlauncher.LaunchPluginHandler) Final flags state for net.minecraft.item.BucketItem is 0
[11:55:01] [main/DEBUG] (cpw.mods.modlauncher.LaunchPluginHandler) LauncherPluginService unprotect offering transform net.minecraft.item.BucketItem
[11:55:01] [main/DEBUG] (cpw.mods.modlauncher.LaunchPluginHandler) LauncherPluginService unprotect transformed net.minecraft.item.BucketItem with class compute flags 2
[11:55:01] [main/DEBUG] (cpw.mods.modlauncher.LaunchPluginHandler) LauncherPluginService runtimedistcleaner offering transform net.minecraft.item.BucketItem
[11:55:01] [main/DEBUG] (cpw.mods.modlauncher.LaunchPluginHandler) Final flags state for net.minecraft.item.BucketItem is 2
[11:55:01] [main/DEBUG] (cpw.mods.modlauncher.LaunchPluginHandler) LaunchPluginService {AFTER=[org.spongepowered.asm.launch.MixinLaunchPlugin@1a5df070, juuxel.unprotect.UnprotectLaunchPlugin@59e7a6d8, net.neoforged.fml.common.asm.RuntimeDistCleaner@10cae98c]}
[11:55:01] [main/DEBUG] (cpw.mods.modlauncher.LaunchPluginHandler) Final flags state for net.minecraft.item.Item is 0
[11:55:01] [main/DEBUG] (cpw.mods.modlauncher.LaunchPluginHandler) LauncherPluginService mixin offering transform net.minecraft.item.Item
[11:55:01] [main/DEBUG] (cpw.mods.modlauncher.LaunchPluginHandler) LauncherPluginService unprotect offering transform net.minecraft.item.Item
[11:55:01] [main/DEBUG] (cpw.mods.modlauncher.LaunchPluginHandler) LauncherPluginService unprotect transformed net.minecraft.item.Item with class compute flags 2
[11:55:01] [main/DEBUG] (cpw.mods.modlauncher.LaunchPluginHandler) LauncherPluginService runtimedistcleaner offering transform net.minecraft.item.Item
[11:55:01] [main/DEBUG] (cpw.mods.modlauncher.LaunchPluginHandler) Final flags state for net.minecraft.item.Item is 2
[11:55:01] [main/DEBUG] (cpw.mods.modlauncher.LaunchPluginHandler) LaunchPluginService {AFTER=[org.spongepowered.asm.launch.MixinLaunchPlugin@1a5df070, juuxel.unprotect.UnprotectLaunchPlugin@59e7a6d8, net.neoforged.fml.common.asm.RuntimeDistCleaner@10cae98c]}
[11:55:01] [main/DEBUG] (cpw.mods.modlauncher.LaunchPluginHandler) Final flags state for net.minecraft.resource.featuretoggle.ToggleableFeature is 0
[11:55:01] [main/DEBUG] (cpw.mods.modlauncher.LaunchPluginHandler) LauncherPluginService mixin offering transform net.minecraft.resource.featuretoggle.ToggleableFeature
[11:55:01] [main/DEBUG] (cpw.mods.modlauncher.LaunchPluginHandler) LauncherPluginService unprotect offering transform net.minecraft.resource.featuretoggle.ToggleableFeature
[11:55:01] [main/DEBUG] (cpw.mods.modlauncher.LaunchPluginHandler) LauncherPluginService unprotect transformed net.minecraft.resource.featuretoggle.ToggleableFeature with class compute flags 2
[11:55:01] [main/DEBUG] (cpw.mods.modlauncher.LaunchPluginHandler) LauncherPluginService runtimedistcleaner offering transform net.minecraft.resource.featuretoggle.ToggleableFeature
[11:55:01] [main/DEBUG] (cpw.mods.modlauncher.LaunchPluginHandler) Final flags state for net.minecraft.resource.featuretoggle.ToggleableFeature is 2
[11:55:01] [main/DEBUG] (cpw.mods.modlauncher.LaunchPluginHandler) LaunchPluginService {AFTER=[org.spongepowered.asm.launch.MixinLaunchPlugin@1a5df070, juuxel.unprotect.UnprotectLaunchPlugin@59e7a6d8, net.neoforged.fml.common.asm.RuntimeDistCleaner@10cae98c]}
[11:55:01] [main/DEBUG] (cpw.mods.modlauncher.LaunchPluginHandler) Final flags state for net.minecraft.item.ItemConvertible is 0
[11:55:01] [main/DEBUG] (cpw.mods.modlauncher.LaunchPluginHandler) LauncherPluginService mixin offering transform net.minecraft.item.ItemConvertible
[11:55:01] [main/DEBUG] (cpw.mods.modlauncher.LaunchPluginHandler) LauncherPluginService unprotect offering transform net.minecraft.item.ItemConvertible
[11:55:01] [main/DEBUG] (cpw.mods.modlauncher.LaunchPluginHandler) LauncherPluginService runtimedistcleaner offering transform net.minecraft.item.ItemConvertible
[11:55:01] [main/DEBUG] (cpw.mods.modlauncher.LaunchPluginHandler) Final flags state for net.minecraft.item.ItemConvertible is 0
[11:55:01] [main/DEBUG] (cpw.mods.modlauncher.LaunchPluginHandler) LaunchPluginService {AFTER=[org.spongepowered.asm.launch.MixinLaunchPlugin@1a5df070, net.neoforged.fml.common.asm.RuntimeDistCleaner@10cae98c]}
[11:55:01] [main/DEBUG] (cpw.mods.modlauncher.LaunchPluginHandler) Final flags state for net.neoforged.neoforge.common.extensions.IItemExtension is 0
[11:55:01] [main/DEBUG] (cpw.mods.modlauncher.LaunchPluginHandler) LauncherPluginService mixin offering transform net.neoforged.neoforge.common.extensions.IItemExtension
[11:55:01] [main/DEBUG] (cpw.mods.modlauncher.LaunchPluginHandler) LauncherPluginService runtimedistcleaner offering transform net.neoforged.neoforge.common.extensions.IItemExtension
[11:55:01] [main/DEBUG] (cpw.mods.modlauncher.LaunchPluginHandler) Final flags state for net.neoforged.neoforge.common.extensions.IItemExtension is 0
[11:55:01] [main/DEBUG] (cpw.mods.modlauncher.LaunchPluginHandler) LaunchPluginService {AFTER=[org.spongepowered.asm.launch.MixinLaunchPlugin@1a5df070, juuxel.unprotect.UnprotectLaunchPlugin@59e7a6d8, net.neoforged.fml.common.asm.RuntimeDistCleaner@10cae98c]}
[11:55:01] [main/DEBUG] (cpw.mods.modlauncher.LaunchPluginHandler) Final flags state for net.minecraft.item.FluidModificationItem is 0
[11:55:01] [main/DEBUG] (cpw.mods.modlauncher.LaunchPluginHandler) LauncherPluginService mixin offering transform net.minecraft.item.FluidModificationItem
[11:55:01] [main/DEBUG] (cpw.mods.modlauncher.LaunchPluginHandler) LauncherPluginService unprotect offering transform net.minecraft.item.FluidModificationItem
[11:55:01] [main/DEBUG] (cpw.mods.modlauncher.LaunchPluginHandler) LauncherPluginService runtimedistcleaner offering transform net.minecraft.item.FluidModificationItem
[11:55:01] [main/DEBUG] (cpw.mods.modlauncher.LaunchPluginHandler) Final flags state for net.minecraft.item.FluidModificationItem is 0
[11:55:01] [main/DEBUG] (cpw.mods.modlauncher.LaunchPluginHandler) LaunchPluginService {AFTER=[org.spongepowered.asm.launch.MixinLaunchPlugin@1a5df070, net.neoforged.fml.common.asm.RuntimeDistCleaner@10cae98c]}
[11:55:01] [main/DEBUG] (cpw.mods.modlauncher.LaunchPluginHandler) Final flags state for net.neoforged.neoforge.common.extensions.IDispensibleContainerItemExtension is 0
[11:55:01] [main/DEBUG] (cpw.mods.modlauncher.LaunchPluginHandler) LauncherPluginService mixin offering transform net.neoforged.neoforge.common.extensions.IDispensibleContainerItemExtension
[11:55:01] [main/DEBUG] (cpw.mods.modlauncher.LaunchPluginHandler) LauncherPluginService runtimedistcleaner offering transform net.neoforged.neoforge.common.extensions.IDispensibleContainerItemExtension
[11:55:01] [main/DEBUG] (cpw.mods.modlauncher.LaunchPluginHandler) Final flags state for net.neoforged.neoforge.common.extensions.IDispensibleContainerItemExtension is 0
[11:55:01] [main/DEBUG] (cpw.mods.modlauncher.LaunchPluginHandler) LaunchPluginService {AFTER=[org.spongepowered.asm.launch.MixinLaunchPlugin@1a5df070, juuxel.unprotect.UnprotectLaunchPlugin@59e7a6d8, net.neoforged.fml.common.asm.RuntimeDistCleaner@10cae98c]}
[11:55:01] [main/DEBUG] (cpw.mods.modlauncher.LaunchPluginHandler) Final flags state for net.minecraft.block.Block is 0
[11:55:01] [main/DEBUG] (cpw.mods.modlauncher.LaunchPluginHandler) LauncherPluginService mixin offering transform net.minecraft.block.Block
[11:55:01] [main/DEBUG] (cpw.mods.modlauncher.LaunchPluginHandler) LauncherPluginService unprotect offering transform net.minecraft.block.Block
[11:55:01] [main/DEBUG] (cpw.mods.modlauncher.LaunchPluginHandler) LauncherPluginService unprotect transformed net.minecraft.block.Block with class compute flags 2
[11:55:01] [main/DEBUG] (cpw.mods.modlauncher.LaunchPluginHandler) LauncherPluginService runtimedistcleaner offering transform net.minecraft.block.Block
[11:55:01] [main/DEBUG] (cpw.mods.modlauncher.LaunchPluginHandler) Final flags state for net.minecraft.block.Block is 2
[11:55:01] [main/DEBUG] (cpw.mods.modlauncher.LaunchPluginHandler) LaunchPluginService {BEFORE=[net.neoforged.accesstransformer.ml.AccessTransformerService@5c1ecf52], AFTER=[org.spongepowered.asm.launch.MixinLaunchPlugin@1a5df070, juuxel.unprotect.UnprotectLaunchPlugin@59e7a6d8, net.neoforged.fml.common.asm.RuntimeDistCleaner@10cae98c]}
[11:55:01] [main/DEBUG] (cpw.mods.modlauncher.LaunchPluginHandler) LauncherPluginService accesstransformer offering transform net.minecraft.block.AbstractBlock
[11:55:01] [main/DEBUG] (net.neoforged.accesstransformer.AccessTransformer) Transforming net.minecraft.block.AbstractBlock FIELD settings to access PUBLIC and LEAVE
[11:55:01] [main/DEBUG] (cpw.mods.modlauncher.LaunchPluginHandler) LauncherPluginService accesstransformer transformed net.minecraft.block.AbstractBlock with class compute flags 256
[11:55:01] [main/DEBUG] (cpw.mods.modlauncher.LaunchPluginHandler) Final flags state for net.minecraft.block.AbstractBlock is 256
[11:55:01] [main/DEBUG] (cpw.mods.modlauncher.LaunchPluginHandler) LauncherPluginService mixin offering transform net.minecraft.block.AbstractBlock
[11:55:01] [main/DEBUG] (cpw.mods.modlauncher.LaunchPluginHandler) LauncherPluginService unprotect offering transform net.minecraft.block.AbstractBlock
[11:55:01] [main/DEBUG] (cpw.mods.modlauncher.LaunchPluginHandler) LauncherPluginService unprotect transformed net.minecraft.block.AbstractBlock with class compute flags 2
[11:55:01] [main/DEBUG] (cpw.mods.modlauncher.LaunchPluginHandler) LauncherPluginService runtimedistcleaner offering transform net.minecraft.block.AbstractBlock
[11:55:01] [main/DEBUG] (cpw.mods.modlauncher.LaunchPluginHandler) Final flags state for net.minecraft.block.AbstractBlock is 2
[11:55:01] [main/DEBUG] (cpw.mods.modlauncher.LaunchPluginHandler) LaunchPluginService {AFTER=[org.spongepowered.asm.launch.MixinLaunchPlugin@1a5df070, net.neoforged.fml.common.asm.RuntimeDistCleaner@10cae98c]}
[11:55:01] [main/DEBUG] (cpw.mods.modlauncher.LaunchPluginHandler) Final flags state for net.neoforged.neoforge.common.extensions.IBlockExtension is 0
[11:55:01] [main/DEBUG] (cpw.mods.modlauncher.LaunchPluginHandler) LauncherPluginService mixin offering transform net.neoforged.neoforge.common.extensions.IBlockExtension
[11:55:01] [main/DEBUG] (cpw.mods.modlauncher.LaunchPluginHandler) LauncherPluginService runtimedistcleaner offering transform net.neoforged.neoforge.common.extensions.IBlockExtension
[11:55:01] [main/DEBUG] (cpw.mods.modlauncher.LaunchPluginHandler) Final flags state for net.neoforged.neoforge.common.extensions.IBlockExtension is 0
[11:55:01] [main/DEBUG] (cpw.mods.modlauncher.LaunchPluginHandler) LaunchPluginService {AFTER=[org.spongepowered.asm.launch.MixinLaunchPlugin@1a5df070, juuxel.unprotect.UnprotectLaunchPlugin@59e7a6d8, net.neoforged.fml.common.asm.RuntimeDistCleaner@10cae98c]}
[11:55:01] [main/DEBUG] (cpw.mods.modlauncher.LaunchPluginHandler) Final flags state for net.minecraft.item.ItemStack is 0
[11:55:01] [main/DEBUG] (cpw.mods.modlauncher.LaunchPluginHandler) LauncherPluginService mixin offering transform net.minecraft.item.ItemStack
[11:55:01] [main/DEBUG] (cpw.mods.modlauncher.LaunchPluginHandler) LauncherPluginService unprotect offering transform net.minecraft.item.ItemStack
[11:55:01] [main/DEBUG] (cpw.mods.modlauncher.LaunchPluginHandler) LauncherPluginService unprotect transformed net.minecraft.item.ItemStack with class compute flags 2
[11:55:01] [main/DEBUG] (cpw.mods.modlauncher.LaunchPluginHandler) LauncherPluginService runtimedistcleaner offering transform net.minecraft.item.ItemStack
[11:55:01] [main/DEBUG] (cpw.mods.modlauncher.LaunchPluginHandler) Final flags state for net.minecraft.item.ItemStack is 2
[11:55:01] [main/DEBUG] (cpw.mods.modlauncher.LaunchPluginHandler) LaunchPluginService {AFTER=[org.spongepowered.asm.launch.MixinLaunchPlugin@1a5df070, juuxel.unprotect.UnprotectLaunchPlugin@59e7a6d8, net.neoforged.fml.common.asm.RuntimeDistCleaner@10cae98c]}
[11:55:01] [main/DEBUG] (cpw.mods.modlauncher.LaunchPluginHandler) Final flags state for net.minecraft.component.ComponentHolder is 0
[11:55:01] [main/DEBUG] (cpw.mods.modlauncher.LaunchPluginHandler) LauncherPluginService mixin offering transform net.minecraft.component.ComponentHolder
[11:55:01] [main/DEBUG] (cpw.mods.modlauncher.LaunchPluginHandler) LauncherPluginService unprotect offering transform net.minecraft.component.ComponentHolder
[11:55:01] [main/DEBUG] (cpw.mods.modlauncher.LaunchPluginHandler) LauncherPluginService runtimedistcleaner offering transform net.minecraft.component.ComponentHolder
[11:55:01] [main/DEBUG] (cpw.mods.modlauncher.LaunchPluginHandler) Final flags state for net.minecraft.component.ComponentHolder is 0
[11:55:01] [main/DEBUG] (cpw.mods.modlauncher.LaunchPluginHandler) LaunchPluginService {AFTER=[org.spongepowered.asm.launch.MixinLaunchPlugin@1a5df070, net.neoforged.fml.common.asm.RuntimeDistCleaner@10cae98c]}
[11:55:01] [main/DEBUG] (cpw.mods.modlauncher.LaunchPluginHandler) Final flags state for net.neoforged.neoforge.common.extensions.IDataComponentHolderExtension is 0
[11:55:01] [main/DEBUG] (cpw.mods.modlauncher.LaunchPluginHandler) LauncherPluginService mixin offering transform net.neoforged.neoforge.common.extensions.IDataComponentHolderExtension
[11:55:01] [main/DEBUG] (cpw.mods.modlauncher.LaunchPluginHandler) LauncherPluginService runtimedistcleaner offering transform net.neoforged.neoforge.common.extensions.IDataComponentHolderExtension
[11:55:01] [main/DEBUG] (cpw.mods.modlauncher.LaunchPluginHandler) Final flags state for net.neoforged.neoforge.common.extensions.IDataComponentHolderExtension is 0
[11:55:01] [main/DEBUG] (cpw.mods.modlauncher.LaunchPluginHandler) LaunchPluginService {AFTER=[org.spongepowered.asm.launch.MixinLaunchPlugin@1a5df070, net.neoforged.fml.common.asm.RuntimeDistCleaner@10cae98c]}
[11:55:01] [main/DEBUG] (cpw.mods.modlauncher.LaunchPluginHandler) Final flags state for net.neoforged.neoforge.common.extensions.IItemStackExtension is 0
[11:55:01] [main/DEBUG] (cpw.mods.modlauncher.LaunchPluginHandler) LauncherPluginService mixin offering transform net.neoforged.neoforge.common.extensions.IItemStackExtension
[11:55:01] [main/DEBUG] (cpw.mods.modlauncher.LaunchPluginHandler) LauncherPluginService runtimedistcleaner offering transform net.neoforged.neoforge.common.extensions.IItemStackExtension
[11:55:01] [main/DEBUG] (cpw.mods.modlauncher.LaunchPluginHandler) Final flags state for net.neoforged.neoforge.common.extensions.IItemStackExtension is 0
[11:55:01] [main/DEBUG] (cpw.mods.modlauncher.LaunchPluginHandler) LaunchPluginService {AFTER=[org.spongepowered.asm.launch.MixinLaunchPlugin@1a5df070, net.neoforged.fml.common.asm.RuntimeDistCleaner@10cae98c]}
[11:55:01] [main/DEBUG] (cpw.mods.modlauncher.LaunchPluginHandler) Final flags state for net.neoforged.neoforge.common.MutableDataComponentHolder is 0
[11:55:01] [main/DEBUG] (cpw.mods.modlauncher.LaunchPluginHandler) LauncherPluginService mixin offering transform net.neoforged.neoforge.common.MutableDataComponentHolder
[11:55:01] [main/DEBUG] (cpw.mods.modlauncher.LaunchPluginHandler) LauncherPluginService runtimedistcleaner offering transform net.neoforged.neoforge.common.MutableDataComponentHolder
[11:55:01] [main/DEBUG] (cpw.mods.modlauncher.LaunchPluginHandler) Final flags state for net.neoforged.neoforge.common.MutableDataComponentHolder is 0
[11:55:01] [main/DEBUG] (cpw.mods.modlauncher.LaunchPluginHandler) LaunchPluginService {BEFORE=[net.neoforged.accesstransformer.ml.AccessTransformerService@5c1ecf52], AFTER=[juuxel.unprotect.UnprotectLaunchPlugin@59e7a6d8, net.neoforged.fml.common.asm.RuntimeDistCleaner@10cae98c]}
[11:55:01] [main/DEBUG] (cpw.mods.modlauncher.LaunchPluginHandler) LauncherPluginService accesstransformer offering transform net.minecraft.block.FluidBlock
[11:55:01] [main/DEBUG] (net.neoforged.accesstransformer.AccessTransformer) Transforming net.minecraft.block.FluidBlock METHOD <init>(Lnet/minecraft/fluid/FlowableFluid;Lnet/minecraft/block/AbstractBlock$Settings;)V to access PUBLIC and LEAVE
[11:55:01] [main/DEBUG] (cpw.mods.modlauncher.LaunchPluginHandler) LauncherPluginService accesstransformer transformed net.minecraft.block.FluidBlock with class compute flags 256
[11:55:01] [main/DEBUG] (cpw.mods.modlauncher.LaunchPluginHandler) Final flags state for net.minecraft.block.FluidBlock is 256
[11:55:01] [main/DEBUG] (cpw.mods.modlauncher.LaunchPluginHandler) LauncherPluginService unprotect offering transform net.minecraft.block.FluidBlock
[11:55:01] [main/DEBUG] (cpw.mods.modlauncher.LaunchPluginHandler) LauncherPluginService unprotect transformed net.minecraft.block.FluidBlock with class compute flags 2
[11:55:01] [main/DEBUG] (cpw.mods.modlauncher.LaunchPluginHandler) LauncherPluginService runtimedistcleaner offering transform net.minecraft.block.FluidBlock
[11:55:01] [main/DEBUG] (cpw.mods.modlauncher.LaunchPluginHandler) Final flags state for net.minecraft.block.FluidBlock is 2
[11:55:01] [main/DEBUG] (cpw.mods.modlauncher.LaunchPluginHandler) LaunchPluginService {AFTER=[juuxel.unprotect.UnprotectLaunchPlugin@59e7a6d8, net.neoforged.fml.common.asm.RuntimeDistCleaner@10cae98c]}
[11:55:01] [main/DEBUG] (cpw.mods.modlauncher.LaunchPluginHandler) Final flags state for net.minecraft.world.ChunkSerializer is 0
[11:55:01] [main/DEBUG] (cpw.mods.modlauncher.LaunchPluginHandler) LauncherPluginService unprotect offering transform net.minecraft.world.ChunkSerializer
[11:55:01] [main/DEBUG] (cpw.mods.modlauncher.LaunchPluginHandler) LauncherPluginService unprotect transformed net.minecraft.world.ChunkSerializer with class compute flags 2
[11:55:01] [main/DEBUG] (cpw.mods.modlauncher.LaunchPluginHandler) LauncherPluginService runtimedistcleaner offering transform net.minecraft.world.ChunkSerializer
[11:55:01] [main/DEBUG] (cpw.mods.modlauncher.LaunchPluginHandler) Final flags state for net.minecraft.world.ChunkSerializer is 2
[11:55:01] [main/DEBUG] (cpw.mods.modlauncher.LaunchPluginHandler) LaunchPluginService {AFTER=[org.spongepowered.asm.launch.MixinLaunchPlugin@1a5df070, juuxel.unprotect.UnprotectLaunchPlugin@59e7a6d8, net.neoforged.fml.common.asm.RuntimeDistCleaner@10cae98c]}
[11:55:01] [main/DEBUG] (cpw.mods.modlauncher.LaunchPluginHandler) Final flags state for net.minecraft.world.chunk.ChunkStatus is 0
[11:55:01] [main/DEBUG] (cpw.mods.modlauncher.LaunchPluginHandler) LauncherPluginService mixin offering transform net.minecraft.world.chunk.ChunkStatus
[11:55:01] [main/DEBUG] (cpw.mods.modlauncher.LaunchPluginHandler) LauncherPluginService unprotect offering transform net.minecraft.world.chunk.ChunkStatus
[11:55:01] [main/DEBUG] (cpw.mods.modlauncher.LaunchPluginHandler) LauncherPluginService unprotect transformed net.minecraft.world.chunk.ChunkStatus with class compute flags 2
[11:55:01] [main/DEBUG] (cpw.mods.modlauncher.LaunchPluginHandler) LauncherPluginService runtimedistcleaner offering transform net.minecraft.world.chunk.ChunkStatus
[11:55:01] [main/DEBUG] (cpw.mods.modlauncher.LaunchPluginHandler) Final flags state for net.minecraft.world.chunk.ChunkStatus is 2
[11:55:01] [main/DEBUG] (cpw.mods.modlauncher.LaunchPluginHandler) LaunchPluginService {AFTER=[org.spongepowered.asm.launch.MixinLaunchPlugin@1a5df070, juuxel.unprotect.UnprotectLaunchPlugin@59e7a6d8, net.neoforged.fml.common.asm.RuntimeDistCleaner@10cae98c]}
[11:55:01] [main/DEBUG] (cpw.mods.modlauncher.LaunchPluginHandler) Final flags state for net.minecraft.world.Heightmap$Type is 0
[11:55:01] [main/DEBUG] (cpw.mods.modlauncher.LaunchPluginHandler) LauncherPluginService mixin offering transform net.minecraft.world.Heightmap$Type
[11:55:01] [main/DEBUG] (cpw.mods.modlauncher.LaunchPluginHandler) LauncherPluginService unprotect offering transform net.minecraft.world.Heightmap$Type
[11:55:01] [main/DEBUG] (cpw.mods.modlauncher.LaunchPluginHandler) LauncherPluginService unprotect transformed net.minecraft.world.Heightmap$Type with class compute flags 2
[11:55:01] [main/DEBUG] (cpw.mods.modlauncher.LaunchPluginHandler) LauncherPluginService runtimedistcleaner offering transform net.minecraft.world.Heightmap$Type
[11:55:01] [main/DEBUG] (cpw.mods.modlauncher.LaunchPluginHandler) Final flags state for net.minecraft.world.Heightmap$Type is 2
[11:55:01] [main/DEBUG] (cpw.mods.modlauncher.LaunchPluginHandler) LaunchPluginService {AFTER=[org.spongepowered.asm.launch.MixinLaunchPlugin@1a5df070, juuxel.unprotect.UnprotectLaunchPlugin@59e7a6d8, net.neoforged.fml.common.asm.RuntimeDistCleaner@10cae98c]}
[11:55:01] [main/DEBUG] (cpw.mods.modlauncher.LaunchPluginHandler) Final flags state for net.minecraft.util.StringIdentifiable is 0
[11:55:01] [main/DEBUG] (cpw.mods.modlauncher.LaunchPluginHandler) LauncherPluginService mixin offering transform net.minecraft.util.StringIdentifiable
[11:55:01] [main/DEBUG] (cpw.mods.modlauncher.LaunchPluginHandler) LauncherPluginService unprotect offering transform net.minecraft.util.StringIdentifiable
[11:55:01] [main/DEBUG] (cpw.mods.modlauncher.LaunchPluginHandler) LauncherPluginService unprotect transformed net.minecraft.util.StringIdentifiable with class compute flags 2
[11:55:01] [main/DEBUG] (cpw.mods.modlauncher.LaunchPluginHandler) LauncherPluginService runtimedistcleaner offering transform net.minecraft.util.StringIdentifiable
[11:55:01] [main/DEBUG] (cpw.mods.modlauncher.LaunchPluginHandler) Final flags state for net.minecraft.util.StringIdentifiable is 2
[11:55:01] [main/DEBUG] (cpw.mods.modlauncher.LaunchPluginHandler) LaunchPluginService {AFTER=[org.spongepowered.asm.launch.MixinLaunchPlugin@1a5df070, juuxel.unprotect.UnprotectLaunchPlugin@59e7a6d8, net.neoforged.fml.common.asm.RuntimeDistCleaner@10cae98c]}
[11:55:01] [main/DEBUG] (cpw.mods.modlauncher.LaunchPluginHandler) Final flags state for net.minecraft.world.chunk.ProtoChunk is 0
[11:55:01] [main/DEBUG] (cpw.mods.modlauncher.LaunchPluginHandler) LauncherPluginService mixin offering transform net.minecraft.world.chunk.ProtoChunk
[11:55:01] [main/DEBUG] (cpw.mods.modlauncher.LaunchPluginHandler) LauncherPluginService unprotect offering transform net.minecraft.world.chunk.ProtoChunk
[11:55:01] [main/DEBUG] (cpw.mods.modlauncher.LaunchPluginHandler) LauncherPluginService runtimedistcleaner offering transform net.minecraft.world.chunk.ProtoChunk
[11:55:01] [main/DEBUG] (cpw.mods.modlauncher.LaunchPluginHandler) Final flags state for net.minecraft.world.chunk.ProtoChunk is 0
[11:55:01] [main/DEBUG] (cpw.mods.modlauncher.LaunchPluginHandler) LaunchPluginService {AFTER=[org.spongepowered.asm.launch.MixinLaunchPlugin@1a5df070, juuxel.unprotect.UnprotectLaunchPlugin@59e7a6d8, net.neoforged.fml.common.asm.RuntimeDistCleaner@10cae98c]}
[11:55:01] [main/DEBUG] (cpw.mods.modlauncher.LaunchPluginHandler) Final flags state for net.minecraft.world.chunk.Chunk is 0
[11:55:01] [main/DEBUG] (cpw.mods.modlauncher.LaunchPluginHandler) LauncherPluginService mixin offering transform net.minecraft.world.chunk.Chunk
[11:55:01] [main/DEBUG] (cpw.mods.modlauncher.LaunchPluginHandler) LauncherPluginService unprotect offering transform net.minecraft.world.chunk.Chunk
[11:55:01] [main/DEBUG] (cpw.mods.modlauncher.LaunchPluginHandler) LauncherPluginService unprotect transformed net.minecraft.world.chunk.Chunk with class compute flags 2
[11:55:01] [main/DEBUG] (cpw.mods.modlauncher.LaunchPluginHandler) LauncherPluginService runtimedistcleaner offering transform net.minecraft.world.chunk.Chunk
[11:55:01] [main/DEBUG] (cpw.mods.modlauncher.LaunchPluginHandler) Final flags state for net.minecraft.world.chunk.Chunk is 2
[11:55:01] [main/DEBUG] (cpw.mods.modlauncher.LaunchPluginHandler) LaunchPluginService {AFTER=[org.spongepowered.asm.launch.MixinLaunchPlugin@1a5df070, juuxel.unprotect.UnprotectLaunchPlugin@59e7a6d8, net.neoforged.fml.common.asm.RuntimeDistCleaner@10cae98c]}
[11:55:01] [main/DEBUG] (cpw.mods.modlauncher.LaunchPluginHandler) Final flags state for net.minecraft.world.BlockView is 0
[11:55:01] [main/DEBUG] (cpw.mods.modlauncher.LaunchPluginHandler) LauncherPluginService mixin offering transform net.minecraft.world.BlockView
[11:55:01] [main/DEBUG] (cpw.mods.modlauncher.LaunchPluginHandler) LauncherPluginService unprotect offering transform net.minecraft.world.BlockView
[11:55:01] [main/DEBUG] (cpw.mods.modlauncher.LaunchPluginHandler) LauncherPluginService runtimedistcleaner offering transform net.minecraft.world.BlockView
[11:55:01] [main/DEBUG] (cpw.mods.modlauncher.LaunchPluginHandler) Final flags state for net.minecraft.world.BlockView is 0
[11:55:01] [main/DEBUG] (cpw.mods.modlauncher.LaunchPluginHandler) LaunchPluginService {AFTER=[org.spongepowered.asm.launch.MixinLaunchPlugin@1a5df070, juuxel.unprotect.UnprotectLaunchPlugin@59e7a6d8, net.neoforged.fml.common.asm.RuntimeDistCleaner@10cae98c]}
[11:55:01] [main/DEBUG] (cpw.mods.modlauncher.LaunchPluginHandler) Final flags state for net.minecraft.world.HeightLimitView is 0
[11:55:01] [main/DEBUG] (cpw.mods.modlauncher.LaunchPluginHandler) LauncherPluginService mixin offering transform net.minecraft.world.HeightLimitView
[11:55:01] [main/DEBUG] (cpw.mods.modlauncher.LaunchPluginHandler) LauncherPluginService unprotect offering transform net.minecraft.world.HeightLimitView
[11:55:01] [main/DEBUG] (cpw.mods.modlauncher.LaunchPluginHandler) LauncherPluginService unprotect transformed net.minecraft.world.HeightLimitView with class compute flags 2
[11:55:01] [main/DEBUG] (cpw.mods.modlauncher.LaunchPluginHandler) LauncherPluginService runtimedistcleaner offering transform net.minecraft.world.HeightLimitView
[11:55:01] [main/DEBUG] (cpw.mods.modlauncher.LaunchPluginHandler) Final flags state for net.minecraft.world.HeightLimitView is 2
[11:55:01] [main/DEBUG] (cpw.mods.modlauncher.LaunchPluginHandler) LaunchPluginService {AFTER=[org.spongepowered.asm.launch.MixinLaunchPlugin@1a5df070, net.neoforged.fml.common.asm.RuntimeDistCleaner@10cae98c]}
[11:55:01] [main/DEBUG] (cpw.mods.modlauncher.LaunchPluginHandler) Final flags state for net.neoforged.neoforge.common.extensions.IBlockGetterExtension is 0
[11:55:01] [main/DEBUG] (cpw.mods.modlauncher.LaunchPluginHandler) LauncherPluginService mixin offering transform net.neoforged.neoforge.common.extensions.IBlockGetterExtension
[11:55:01] [main/DEBUG] (cpw.mods.modlauncher.LaunchPluginHandler) LauncherPluginService runtimedistcleaner offering transform net.neoforged.neoforge.common.extensions.IBlockGetterExtension
[11:55:01] [main/DEBUG] (cpw.mods.modlauncher.LaunchPluginHandler) Final flags state for net.neoforged.neoforge.common.extensions.IBlockGetterExtension is 0
[11:55:01] [main/DEBUG] (cpw.mods.modlauncher.LaunchPluginHandler) LaunchPluginService {AFTER=[org.spongepowered.asm.launch.MixinLaunchPlugin@1a5df070, juuxel.unprotect.UnprotectLaunchPlugin@59e7a6d8, net.neoforged.fml.common.asm.RuntimeDistCleaner@10cae98c]}
[11:55:01] [main/DEBUG] (cpw.mods.modlauncher.LaunchPluginHandler) Final flags state for net.minecraft.world.biome.source.BiomeAccess$Storage is 0
[11:55:01] [main/DEBUG] (cpw.mods.modlauncher.LaunchPluginHandler) LauncherPluginService mixin offering transform net.minecraft.world.biome.source.BiomeAccess$Storage
[11:55:01] [main/DEBUG] (cpw.mods.modlauncher.LaunchPluginHandler) LauncherPluginService unprotect offering transform net.minecraft.world.biome.source.BiomeAccess$Storage
[11:55:01] [main/DEBUG] (cpw.mods.modlauncher.LaunchPluginHandler) LauncherPluginService runtimedistcleaner offering transform net.minecraft.world.biome.source.BiomeAccess$Storage
[11:55:01] [main/DEBUG] (cpw.mods.modlauncher.LaunchPluginHandler) Final flags state for net.minecraft.world.biome.source.BiomeAccess$Storage is 0
[11:55:01] [main/DEBUG] (cpw.mods.modlauncher.LaunchPluginHandler) LaunchPluginService {AFTER=[org.spongepowered.asm.launch.MixinLaunchPlugin@1a5df070, juuxel.unprotect.UnprotectLaunchPlugin@59e7a6d8, net.neoforged.fml.common.asm.RuntimeDistCleaner@10cae98c]}
[11:55:01] [main/DEBUG] (cpw.mods.modlauncher.LaunchPluginHandler) Final flags state for net.minecraft.world.chunk.light.LightSourceView is 0
[11:55:01] [main/DEBUG] (cpw.mods.modlauncher.LaunchPluginHandler) LauncherPluginService mixin offering transform net.minecraft.world.chunk.light.LightSourceView
[11:55:01] [main/DEBUG] (cpw.mods.modlauncher.LaunchPluginHandler) LauncherPluginService unprotect offering transform net.minecraft.world.chunk.light.LightSourceView
[11:55:01] [main/DEBUG] (cpw.mods.modlauncher.LaunchPluginHandler) LauncherPluginService runtimedistcleaner offering transform net.minecraft.world.chunk.light.LightSourceView
[11:55:01] [main/DEBUG] (cpw.mods.modlauncher.LaunchPluginHandler) Final flags state for net.minecraft.world.chunk.light.LightSourceView is 0
[11:55:01] [main/DEBUG] (cpw.mods.modlauncher.LaunchPluginHandler) LaunchPluginService {AFTER=[org.spongepowered.asm.launch.MixinLaunchPlugin@1a5df070, juuxel.unprotect.UnprotectLaunchPlugin@59e7a6d8, net.neoforged.fml.common.asm.RuntimeDistCleaner@10cae98c]}
[11:55:01] [main/DEBUG] (cpw.mods.modlauncher.LaunchPluginHandler) Final flags state for net.minecraft.world.StructureHolder is 0
[11:55:01] [main/DEBUG] (cpw.mods.modlauncher.LaunchPluginHandler) LauncherPluginService mixin offering transform net.minecraft.world.StructureHolder
[11:55:01] [main/DEBUG] (cpw.mods.modlauncher.LaunchPluginHandler) LauncherPluginService unprotect offering transform net.minecraft.world.StructureHolder
[11:55:01] [main/DEBUG] (cpw.mods.modlauncher.LaunchPluginHandler) LauncherPluginService runtimedistcleaner offering transform net.minecraft.world.StructureHolder
[11:55:01] [main/DEBUG] (cpw.mods.modlauncher.LaunchPluginHandler) Final flags state for net.minecraft.world.StructureHolder is 0
[11:55:01] [main/DEBUG] (cpw.mods.modlauncher.LaunchPluginHandler) LaunchPluginService {AFTER=[org.spongepowered.asm.launch.MixinLaunchPlugin@1a5df070, net.neoforged.fml.common.asm.RuntimeDistCleaner@10cae98c]}
[11:55:01] [main/DEBUG] (cpw.mods.modlauncher.LaunchPluginHandler) Final flags state for net.neoforged.neoforge.attachment.IAttachmentHolder is 0
[11:55:01] [main/DEBUG] (cpw.mods.modlauncher.LaunchPluginHandler) LauncherPluginService mixin offering transform net.neoforged.neoforge.attachment.IAttachmentHolder
[11:55:01] [main/DEBUG] (cpw.mods.modlauncher.LaunchPluginHandler) LauncherPluginService runtimedistcleaner offering transform net.neoforged.neoforge.attachment.IAttachmentHolder
[11:55:01] [main/DEBUG] (cpw.mods.modlauncher.LaunchPluginHandler) Final flags state for net.neoforged.neoforge.attachment.IAttachmentHolder is 0
[11:55:01] [main/DEBUG] (cpw.mods.modlauncher.LaunchPluginHandler) LaunchPluginService {AFTER=[org.spongepowered.asm.launch.MixinLaunchPlugin@1a5df070, juuxel.unprotect.UnprotectLaunchPlugin@59e7a6d8, net.neoforged.fml.common.asm.RuntimeDistCleaner@10cae98c]}
[11:55:01] [main/DEBUG] (cpw.mods.modlauncher.LaunchPluginHandler) Final flags state for net.minecraft.world.chunk.WorldChunk is 0
[11:55:01] [main/DEBUG] (cpw.mods.modlauncher.LaunchPluginHandler) LauncherPluginService mixin offering transform net.minecraft.world.chunk.WorldChunk
[11:55:01] [main/DEBUG] (cpw.mods.modlauncher.LaunchPluginHandler) LauncherPluginService unprotect offering transform net.minecraft.world.chunk.WorldChunk
[11:55:01] [main/DEBUG] (cpw.mods.modlauncher.LaunchPluginHandler) LauncherPluginService unprotect transformed net.minecraft.world.chunk.WorldChunk with class compute flags 2
[11:55:01] [main/DEBUG] (cpw.mods.modlauncher.LaunchPluginHandler) LauncherPluginService runtimedistcleaner offering transform net.minecraft.world.chunk.WorldChunk
[11:55:01] [main/DEBUG] (cpw.mods.modlauncher.LaunchPluginHandler) Final flags state for net.minecraft.world.chunk.WorldChunk is 2
[11:55:01] [main/DEBUG] (cpw.mods.modlauncher.LaunchPluginHandler) LaunchPluginService {AFTER=[org.spongepowered.asm.launch.MixinLaunchPlugin@1a5df070, juuxel.unprotect.UnprotectLaunchPlugin@59e7a6d8, net.neoforged.fml.common.asm.RuntimeDistCleaner@10cae98c]}
[11:55:01] [main/DEBUG] (cpw.mods.modlauncher.LaunchPluginHandler) Final flags state for net.minecraft.world.tick.SimpleTickScheduler is 0
[11:55:01] [main/DEBUG] (cpw.mods.modlauncher.LaunchPluginHandler) LauncherPluginService mixin offering transform net.minecraft.world.tick.SimpleTickScheduler
[11:55:01] [main/DEBUG] (cpw.mods.modlauncher.LaunchPluginHandler) LauncherPluginService unprotect offering transform net.minecraft.world.tick.SimpleTickScheduler
[11:55:01] [main/DEBUG] (cpw.mods.modlauncher.LaunchPluginHandler) LauncherPluginService runtimedistcleaner offering transform net.minecraft.world.tick.SimpleTickScheduler
[11:55:01] [main/DEBUG] (cpw.mods.modlauncher.LaunchPluginHandler) Final flags state for net.minecraft.world.tick.SimpleTickScheduler is 0
[11:55:01] [main/DEBUG] (cpw.mods.modlauncher.LaunchPluginHandler) LaunchPluginService {AFTER=[org.spongepowered.asm.launch.MixinLaunchPlugin@1a5df070, juuxel.unprotect.UnprotectLaunchPlugin@59e7a6d8, net.neoforged.fml.common.asm.RuntimeDistCleaner@10cae98c]}
[11:55:01] [main/DEBUG] (cpw.mods.modlauncher.LaunchPluginHandler) Final flags state for net.minecraft.world.tick.SerializableTickScheduler is 0
[11:55:01] [main/DEBUG] (cpw.mods.modlauncher.LaunchPluginHandler) LauncherPluginService mixin offering transform net.minecraft.world.tick.SerializableTickScheduler
[11:55:01] [main/DEBUG] (cpw.mods.modlauncher.LaunchPluginHandler) LauncherPluginService unprotect offering transform net.minecraft.world.tick.SerializableTickScheduler
[11:55:01] [main/DEBUG] (cpw.mods.modlauncher.LaunchPluginHandler) LauncherPluginService runtimedistcleaner offering transform net.minecraft.world.tick.SerializableTickScheduler
[11:55:01] [main/DEBUG] (cpw.mods.modlauncher.LaunchPluginHandler) Final flags state for net.minecraft.world.tick.SerializableTickScheduler is 0
[11:55:01] [main/DEBUG] (cpw.mods.modlauncher.LaunchPluginHandler) LaunchPluginService {AFTER=[org.spongepowered.asm.launch.MixinLaunchPlugin@1a5df070, juuxel.unprotect.UnprotectLaunchPlugin@59e7a6d8, net.neoforged.fml.common.asm.RuntimeDistCleaner@10cae98c]}
[11:55:01] [main/DEBUG] (cpw.mods.modlauncher.LaunchPluginHandler) Final flags state for net.minecraft.world.tick.BasicTickScheduler is 0
[11:55:01] [main/DEBUG] (cpw.mods.modlauncher.LaunchPluginHandler) LauncherPluginService mixin offering transform net.minecraft.world.tick.BasicTickScheduler
[11:55:01] [main/DEBUG] (cpw.mods.modlauncher.LaunchPluginHandler) LauncherPluginService unprotect offering transform net.minecraft.world.tick.BasicTickScheduler
[11:55:01] [main/DEBUG] (cpw.mods.modlauncher.LaunchPluginHandler) LauncherPluginService runtimedistcleaner offering transform net.minecraft.world.tick.BasicTickScheduler
[11:55:01] [main/DEBUG] (cpw.mods.modlauncher.LaunchPluginHandler) Final flags state for net.minecraft.world.tick.BasicTickScheduler is 0
[11:55:01] [main/DEBUG] (cpw.mods.modlauncher.LaunchPluginHandler) LaunchPluginService {AFTER=[org.spongepowered.asm.launch.MixinLaunchPlugin@1a5df070, juuxel.unprotect.UnprotectLaunchPlugin@59e7a6d8, net.neoforged.fml.common.asm.RuntimeDistCleaner@10cae98c]}
[11:55:01] [main/DEBUG] (cpw.mods.modlauncher.LaunchPluginHandler) Final flags state for net.minecraft.world.tick.TickScheduler is 0
[11:55:01] [main/DEBUG] (cpw.mods.modlauncher.LaunchPluginHandler) LauncherPluginService mixin offering transform net.minecraft.world.tick.TickScheduler
[11:55:01] [main/DEBUG] (cpw.mods.modlauncher.LaunchPluginHandler) LauncherPluginService unprotect offering transform net.minecraft.world.tick.TickScheduler
[11:55:01] [main/DEBUG] (cpw.mods.modlauncher.LaunchPluginHandler) LauncherPluginService runtimedistcleaner offering transform net.minecraft.world.tick.TickScheduler
[11:55:01] [main/DEBUG] (cpw.mods.modlauncher.LaunchPluginHandler) Final flags state for net.minecraft.world.tick.TickScheduler is 0
[11:55:01] [main/DEBUG] (cpw.mods.modlauncher.LaunchPluginHandler) LaunchPluginService {AFTER=[org.spongepowered.asm.launch.MixinLaunchPlugin@1a5df070, juuxel.unprotect.UnprotectLaunchPlugin@59e7a6d8, net.neoforged.fml.common.asm.RuntimeDistCleaner@10cae98c]}
[11:55:01] [main/DEBUG] (cpw.mods.modlauncher.LaunchPluginHandler) Final flags state for net.minecraft.world.tick.ChunkTickScheduler is 0
[11:55:01] [main/DEBUG] (cpw.mods.modlauncher.LaunchPluginHandler) LauncherPluginService mixin offering transform net.minecraft.world.tick.ChunkTickScheduler
[11:55:01] [main/DEBUG] (cpw.mods.modlauncher.LaunchPluginHandler) LauncherPluginService unprotect offering transform net.minecraft.world.tick.ChunkTickScheduler
[11:55:01] [main/DEBUG] (cpw.mods.modlauncher.LaunchPluginHandler) LauncherPluginService runtimedistcleaner offering transform net.minecraft.world.tick.ChunkTickScheduler
[11:55:01] [main/DEBUG] (cpw.mods.modlauncher.LaunchPluginHandler) Final flags state for net.minecraft.world.tick.ChunkTickScheduler is 0
[11:55:01] [main/DEBUG] (cpw.mods.modlauncher.LaunchPluginHandler) LaunchPluginService {AFTER=[org.spongepowered.asm.launch.MixinLaunchPlugin@1a5df070, juuxel.unprotect.UnprotectLaunchPlugin@59e7a6d8, net.neoforged.fml.common.asm.RuntimeDistCleaner@10cae98c]}
[11:55:01] [main/DEBUG] (cpw.mods.modlauncher.LaunchPluginHandler) Final flags state for net.minecraft.world.chunk.PalettedContainer is 0
[11:55:01] [main/DEBUG] (cpw.mods.modlauncher.LaunchPluginHandler) LauncherPluginService mixin offering transform net.minecraft.world.chunk.PalettedContainer
[11:55:01] [main/DEBUG] (cpw.mods.modlauncher.LaunchPluginHandler) LauncherPluginService unprotect offering transform net.minecraft.world.chunk.PalettedContainer
[11:55:01] [main/DEBUG] (cpw.mods.modlauncher.LaunchPluginHandler) LauncherPluginService unprotect transformed net.minecraft.world.chunk.PalettedContainer with class compute flags 2
[11:55:01] [main/DEBUG] (cpw.mods.modlauncher.LaunchPluginHandler) LauncherPluginService runtimedistcleaner offering transform net.minecraft.world.chunk.PalettedContainer
[11:55:01] [main/DEBUG] (cpw.mods.modlauncher.LaunchPluginHandler) Final flags state for net.minecraft.world.chunk.PalettedContainer is 2
[11:55:01] [main/DEBUG] (cpw.mods.modlauncher.LaunchPluginHandler) LaunchPluginService {AFTER=[org.spongepowered.asm.launch.MixinLaunchPlugin@1a5df070, juuxel.unprotect.UnprotectLaunchPlugin@59e7a6d8, net.neoforged.fml.common.asm.RuntimeDistCleaner@10cae98c]}
[11:55:01] [main/DEBUG] (cpw.mods.modlauncher.LaunchPluginHandler) Final flags state for net.minecraft.world.chunk.PaletteResizeListener is 0
[11:55:01] [main/DEBUG] (cpw.mods.modlauncher.LaunchPluginHandler) LauncherPluginService mixin offering transform net.minecraft.world.chunk.PaletteResizeListener
[11:55:01] [main/DEBUG] (cpw.mods.modlauncher.LaunchPluginHandler) LauncherPluginService unprotect offering transform net.minecraft.world.chunk.PaletteResizeListener
[11:55:01] [main/DEBUG] (cpw.mods.modlauncher.LaunchPluginHandler) LauncherPluginService unprotect transformed net.minecraft.world.chunk.PaletteResizeListener with class compute flags 2
[11:55:01] [main/DEBUG] (cpw.mods.modlauncher.LaunchPluginHandler) LauncherPluginService runtimedistcleaner offering transform net.minecraft.world.chunk.PaletteResizeListener
[11:55:01] [main/DEBUG] (cpw.mods.modlauncher.LaunchPluginHandler) Final flags state for net.minecraft.world.chunk.PaletteResizeListener is 2
[11:55:01] [main/DEBUG] (cpw.mods.modlauncher.LaunchPluginHandler) LaunchPluginService {AFTER=[org.spongepowered.asm.launch.MixinLaunchPlugin@1a5df070, juuxel.unprotect.UnprotectLaunchPlugin@59e7a6d8, net.neoforged.fml.common.asm.RuntimeDistCleaner@10cae98c]}
[11:55:01] [main/DEBUG] (cpw.mods.modlauncher.LaunchPluginHandler) Final flags state for net.minecraft.world.chunk.ReadableContainer is 0
[11:55:01] [main/DEBUG] (cpw.mods.modlauncher.LaunchPluginHandler) LauncherPluginService mixin offering transform net.minecraft.world.chunk.ReadableContainer
[11:55:01] [main/DEBUG] (cpw.mods.modlauncher.LaunchPluginHandler) LauncherPluginService unprotect offering transform net.minecraft.world.chunk.ReadableContainer
[11:55:01] [main/DEBUG] (cpw.mods.modlauncher.LaunchPluginHandler) LauncherPluginService runtimedistcleaner offering transform net.minecraft.world.chunk.ReadableContainer
[11:55:01] [main/DEBUG] (cpw.mods.modlauncher.LaunchPluginHandler) Final flags state for net.minecraft.world.chunk.ReadableContainer is 0
[11:55:01] [main/DEBUG] (cpw.mods.modlauncher.LaunchPluginHandler) LaunchPluginService {AFTER=[org.spongepowered.asm.launch.MixinLaunchPlugin@1a5df070, juuxel.unprotect.UnprotectLaunchPlugin@59e7a6d8, net.neoforged.fml.common.asm.RuntimeDistCleaner@10cae98c]}
[11:55:01] [main/DEBUG] (cpw.mods.modlauncher.LaunchPluginHandler) Final flags state for net.minecraft.nbt.NbtCompound is 0
[11:55:01] [main/DEBUG] (cpw.mods.modlauncher.LaunchPluginHandler) LauncherPluginService mixin offering transform net.minecraft.nbt.NbtCompound
[11:55:01] [main/DEBUG] (cpw.mods.modlauncher.LaunchPluginHandler) LauncherPluginService unprotect offering transform net.minecraft.nbt.NbtCompound
[11:55:01] [main/DEBUG] (cpw.mods.modlauncher.LaunchPluginHandler) LauncherPluginService unprotect transformed net.minecraft.nbt.NbtCompound with class compute flags 2
[11:55:01] [main/DEBUG] (cpw.mods.modlauncher.LaunchPluginHandler) LauncherPluginService runtimedistcleaner offering transform net.minecraft.nbt.NbtCompound
[11:55:01] [main/DEBUG] (cpw.mods.modlauncher.LaunchPluginHandler) Final flags state for net.minecraft.nbt.NbtCompound is 2
[11:55:01] [main/DEBUG] (cpw.mods.modlauncher.LaunchPluginHandler) LaunchPluginService {AFTER=[org.spongepowered.asm.launch.MixinLaunchPlugin@1a5df070, juuxel.unprotect.UnprotectLaunchPlugin@59e7a6d8, net.neoforged.fml.common.asm.RuntimeDistCleaner@10cae98c]}
[11:55:01] [main/DEBUG] (cpw.mods.modlauncher.LaunchPluginHandler) Final flags state for net.minecraft.nbt.NbtElement is 0
[11:55:01] [main/DEBUG] (cpw.mods.modlauncher.LaunchPluginHandler) LauncherPluginService mixin offering transform net.minecraft.nbt.NbtElement
[11:55:01] [main/DEBUG] (cpw.mods.modlauncher.LaunchPluginHandler) LauncherPluginService unprotect offering transform net.minecraft.nbt.NbtElement
[11:55:01] [main/DEBUG] (cpw.mods.modlauncher.LaunchPluginHandler) LauncherPluginService runtimedistcleaner offering transform net.minecraft.nbt.NbtElement
[11:55:01] [main/DEBUG] (cpw.mods.modlauncher.LaunchPluginHandler) Final flags state for net.minecraft.nbt.NbtElement is 0
[11:55:01] [main/DEBUG] (cpw.mods.modlauncher.LaunchPluginHandler) LaunchPluginService {AFTER=[juuxel.unprotect.UnprotectLaunchPlugin@59e7a6d8, net.neoforged.fml.common.asm.RuntimeDistCleaner@10cae98c]}
[11:55:01] [main/DEBUG] (cpw.mods.modlauncher.LaunchPluginHandler) Final flags state for net.minecraft.entity.FallingBlockEntity is 0
[11:55:01] [main/DEBUG] (cpw.mods.modlauncher.LaunchPluginHandler) LauncherPluginService unprotect offering transform net.minecraft.entity.FallingBlockEntity
[11:55:01] [main/DEBUG] (cpw.mods.modlauncher.LaunchPluginHandler) LauncherPluginService unprotect transformed net.minecraft.entity.FallingBlockEntity with class compute flags 2
[11:55:01] [main/DEBUG] (cpw.mods.modlauncher.LaunchPluginHandler) LauncherPluginService runtimedistcleaner offering transform net.minecraft.entity.FallingBlockEntity
[11:55:01] [main/DEBUG] (cpw.mods.modlauncher.LaunchPluginHandler) Final flags state for net.minecraft.entity.FallingBlockEntity is 2
[11:55:01] [main/DEBUG] (cpw.mods.modlauncher.LaunchPluginHandler) LaunchPluginService {BEFORE=[net.neoforged.accesstransformer.ml.AccessTransformerService@5c1ecf52], AFTER=[org.spongepowered.asm.launch.MixinLaunchPlugin@1a5df070, juuxel.unprotect.UnprotectLaunchPlugin@59e7a6d8, net.neoforged.fml.common.asm.RuntimeDistCleaner@10cae98c]}
[11:55:01] [main/DEBUG] (cpw.mods.modlauncher.LaunchPluginHandler) LauncherPluginService accesstransformer offering transform net.minecraft.entity.Entity
[11:55:01] [main/DEBUG] (net.neoforged.accesstransformer.AccessTransformer) Transforming net.minecraft.entity.Entity METHOD getSavedEntityId()Ljava/lang/String; to access PUBLIC and LEAVE
[11:55:01] [main/DEBUG] (cpw.mods.modlauncher.LaunchPluginHandler) LauncherPluginService accesstransformer transformed net.minecraft.entity.Entity with class compute flags 256
[11:55:01] [main/DEBUG] (cpw.mods.modlauncher.LaunchPluginHandler) Final flags state for net.minecraft.entity.Entity is 256
[11:55:01] [main/DEBUG] (cpw.mods.modlauncher.LaunchPluginHandler) LauncherPluginService mixin offering transform net.minecraft.entity.Entity
[11:55:01] [main/DEBUG] (cpw.mods.modlauncher.LaunchPluginHandler) LauncherPluginService unprotect offering transform net.minecraft.entity.Entity
[11:55:01] [main/DEBUG] (cpw.mods.modlauncher.LaunchPluginHandler) LauncherPluginService unprotect transformed net.minecraft.entity.Entity with class compute flags 2
[11:55:01] [main/DEBUG] (cpw.mods.modlauncher.LaunchPluginHandler) LauncherPluginService runtimedistcleaner offering transform net.minecraft.entity.Entity
[11:55:01] [main/DEBUG] (cpw.mods.modlauncher.LaunchPluginHandler) Final flags state for net.minecraft.entity.Entity is 2
[11:55:01] [main/DEBUG] (cpw.mods.modlauncher.LaunchPluginHandler) LaunchPluginService {AFTER=[org.spongepowered.asm.launch.MixinLaunchPlugin@1a5df070, net.neoforged.fml.common.asm.RuntimeDistCleaner@10cae98c]}
[11:55:01] [main/DEBUG] (cpw.mods.modlauncher.LaunchPluginHandler) Final flags state for net.neoforged.neoforge.attachment.AttachmentHolder is 0
[11:55:01] [main/DEBUG] (cpw.mods.modlauncher.LaunchPluginHandler) LauncherPluginService mixin offering transform net.neoforged.neoforge.attachment.AttachmentHolder
[11:55:01] [main/DEBUG] (cpw.mods.modlauncher.LaunchPluginHandler) LauncherPluginService runtimedistcleaner offering transform net.neoforged.neoforge.attachment.AttachmentHolder
[11:55:01] [main/DEBUG] (cpw.mods.modlauncher.LaunchPluginHandler) Final flags state for net.neoforged.neoforge.attachment.AttachmentHolder is 0
[11:55:01] [main/DEBUG] (cpw.mods.modlauncher.LaunchPluginHandler) LaunchPluginService {AFTER=[org.spongepowered.asm.launch.MixinLaunchPlugin@1a5df070, juuxel.unprotect.UnprotectLaunchPlugin@59e7a6d8, net.neoforged.fml.common.asm.RuntimeDistCleaner@10cae98c]}
[11:55:01] [main/DEBUG] (cpw.mods.modlauncher.LaunchPluginHandler) Final flags state for net.minecraft.entity.data.DataTracked is 0
[11:55:01] [main/DEBUG] (cpw.mods.modlauncher.LaunchPluginHandler) LauncherPluginService mixin offering transform net.minecraft.entity.data.DataTracked
[11:55:01] [main/DEBUG] (cpw.mods.modlauncher.LaunchPluginHandler) LauncherPluginService unprotect offering transform net.minecraft.entity.data.DataTracked
[11:55:01] [main/DEBUG] (cpw.mods.modlauncher.LaunchPluginHandler) LauncherPluginService runtimedistcleaner offering transform net.minecraft.entity.data.DataTracked
[11:55:01] [main/DEBUG] (cpw.mods.modlauncher.LaunchPluginHandler) Final flags state for net.minecraft.entity.data.DataTracked is 0
[11:55:01] [main/DEBUG] (cpw.mods.modlauncher.LaunchPluginHandler) LaunchPluginService {AFTER=[org.spongepowered.asm.launch.MixinLaunchPlugin@1a5df070, juuxel.unprotect.UnprotectLaunchPlugin@59e7a6d8, net.neoforged.fml.common.asm.RuntimeDistCleaner@10cae98c]}
[11:55:01] [main/DEBUG] (cpw.mods.modlauncher.LaunchPluginHandler) Final flags state for net.minecraft.util.Nameable is 0
[11:55:01] [main/DEBUG] (cpw.mods.modlauncher.LaunchPluginHandler) LauncherPluginService mixin offering transform net.minecraft.util.Nameable
[11:55:01] [main/DEBUG] (cpw.mods.modlauncher.LaunchPluginHandler) LauncherPluginService unprotect offering transform net.minecraft.util.Nameable
[11:55:01] [main/DEBUG] (cpw.mods.modlauncher.LaunchPluginHandler) LauncherPluginService runtimedistcleaner offering transform net.minecraft.util.Nameable
[11:55:01] [main/DEBUG] (cpw.mods.modlauncher.LaunchPluginHandler) Final flags state for net.minecraft.util.Nameable is 0
[11:55:01] [main/DEBUG] (cpw.mods.modlauncher.LaunchPluginHandler) LaunchPluginService {AFTER=[org.spongepowered.asm.launch.MixinLaunchPlugin@1a5df070, juuxel.unprotect.UnprotectLaunchPlugin@59e7a6d8, net.neoforged.fml.common.asm.RuntimeDistCleaner@10cae98c]}
[11:55:01] [main/DEBUG] (cpw.mods.modlauncher.LaunchPluginHandler) Final flags state for net.minecraft.world.entity.EntityLike is 0
[11:55:01] [main/DEBUG] (cpw.mods.modlauncher.LaunchPluginHandler) LauncherPluginService mixin offering transform net.minecraft.world.entity.EntityLike
[11:55:01] [main/DEBUG] (cpw.mods.modlauncher.LaunchPluginHandler) LauncherPluginService unprotect offering transform net.minecraft.world.entity.EntityLike
[11:55:01] [main/DEBUG] (cpw.mods.modlauncher.LaunchPluginHandler) LauncherPluginService runtimedistcleaner offering transform net.minecraft.world.entity.EntityLike
[11:55:01] [main/DEBUG] (cpw.mods.modlauncher.LaunchPluginHandler) Final flags state for net.minecraft.world.entity.EntityLike is 0
[11:55:01] [main/DEBUG] (cpw.mods.modlauncher.LaunchPluginHandler) LaunchPluginService {AFTER=[org.spongepowered.asm.launch.MixinLaunchPlugin@1a5df070, juuxel.unprotect.UnprotectLaunchPlugin@59e7a6d8, net.neoforged.fml.common.asm.RuntimeDistCleaner@10cae98c]}
[11:55:01] [main/DEBUG] (cpw.mods.modlauncher.LaunchPluginHandler) Final flags state for net.minecraft.server.command.CommandOutput is 0
[11:55:01] [main/DEBUG] (cpw.mods.modlauncher.LaunchPluginHandler) LauncherPluginService mixin offering transform net.minecraft.server.command.CommandOutput
[11:55:01] [main/DEBUG] (cpw.mods.modlauncher.LaunchPluginHandler) LauncherPluginService unprotect offering transform net.minecraft.server.command.CommandOutput
[11:55:01] [main/DEBUG] (cpw.mods.modlauncher.LaunchPluginHandler) LauncherPluginService unprotect transformed net.minecraft.server.command.CommandOutput with class compute flags 2
[11:55:01] [main/DEBUG] (cpw.mods.modlauncher.LaunchPluginHandler) LauncherPluginService runtimedistcleaner offering transform net.minecraft.server.command.CommandOutput
[11:55:01] [main/DEBUG] (cpw.mods.modlauncher.LaunchPluginHandler) Final flags state for net.minecraft.server.command.CommandOutput is 2
[11:55:01] [main/DEBUG] (cpw.mods.modlauncher.LaunchPluginHandler) LaunchPluginService {AFTER=[org.spongepowered.asm.launch.MixinLaunchPlugin@1a5df070, juuxel.unprotect.UnprotectLaunchPlugin@59e7a6d8, net.neoforged.fml.common.asm.RuntimeDistCleaner@10cae98c]}
[11:55:01] [main/DEBUG] (cpw.mods.modlauncher.LaunchPluginHandler) Final flags state for net.minecraft.scoreboard.ScoreHolder is 0
[11:55:01] [main/DEBUG] (cpw.mods.modlauncher.LaunchPluginHandler) LauncherPluginService mixin offering transform net.minecraft.scoreboard.ScoreHolder
[11:55:01] [main/DEBUG] (cpw.mods.modlauncher.LaunchPluginHandler) LauncherPluginService unprotect offering transform net.minecraft.scoreboard.ScoreHolder
[11:55:01] [main/DEBUG] (cpw.mods.modlauncher.LaunchPluginHandler) LauncherPluginService unprotect transformed net.minecraft.scoreboard.ScoreHolder with class compute flags 2
[11:55:01] [main/DEBUG] (cpw.mods.modlauncher.LaunchPluginHandler) LauncherPluginService runtimedistcleaner offering transform net.minecraft.scoreboard.ScoreHolder
[11:55:01] [main/DEBUG] (cpw.mods.modlauncher.LaunchPluginHandler) Final flags state for net.minecraft.scoreboard.ScoreHolder is 2
[11:55:01] [main/DEBUG] (cpw.mods.modlauncher.LaunchPluginHandler) LaunchPluginService {AFTER=[org.spongepowered.asm.launch.MixinLaunchPlugin@1a5df070, net.neoforged.fml.common.asm.RuntimeDistCleaner@10cae98c]}
[11:55:01] [main/DEBUG] (cpw.mods.modlauncher.LaunchPluginHandler) Final flags state for net.neoforged.neoforge.common.extensions.IEntityExtension is 0
[11:55:01] [main/DEBUG] (cpw.mods.modlauncher.LaunchPluginHandler) LauncherPluginService mixin offering transform net.neoforged.neoforge.common.extensions.IEntityExtension
[11:55:01] [main/DEBUG] (cpw.mods.modlauncher.LaunchPluginHandler) LauncherPluginService runtimedistcleaner offering transform net.neoforged.neoforge.common.extensions.IEntityExtension
[11:55:01] [main/DEBUG] (cpw.mods.modlauncher.LaunchPluginHandler) Final flags state for net.neoforged.neoforge.common.extensions.IEntityExtension is 0
[11:55:01] [main/DEBUG] (cpw.mods.modlauncher.LaunchPluginHandler) LaunchPluginService {AFTER=[org.spongepowered.asm.launch.MixinLaunchPlugin@1a5df070, net.neoforged.fml.common.asm.RuntimeDistCleaner@10cae98c]}
[11:55:01] [main/DEBUG] (cpw.mods.modlauncher.LaunchPluginHandler) Final flags state for net.neoforged.neoforge.common.util.INBTSerializable is 0
[11:55:01] [main/DEBUG] (cpw.mods.modlauncher.LaunchPluginHandler) LauncherPluginService mixin offering transform net.neoforged.neoforge.common.util.INBTSerializable
[11:55:01] [main/DEBUG] (cpw.mods.modlauncher.LaunchPluginHandler) LauncherPluginService runtimedistcleaner offering transform net.neoforged.neoforge.common.util.INBTSerializable
[11:55:01] [main/DEBUG] (cpw.mods.modlauncher.LaunchPluginHandler) Final flags state for net.neoforged.neoforge.common.util.INBTSerializable is 0
[11:55:01] [main/DEBUG] (cpw.mods.modlauncher.LaunchPluginHandler) LaunchPluginService {AFTER=[juuxel.unprotect.UnprotectLaunchPlugin@59e7a6d8, net.neoforged.fml.common.asm.RuntimeDistCleaner@10cae98c]}
[11:55:01] [main/DEBUG] (cpw.mods.modlauncher.LaunchPluginHandler) Final flags state for net.minecraft.entity.player.PlayerInventory is 0
[11:55:01] [main/DEBUG] (cpw.mods.modlauncher.LaunchPluginHandler) LauncherPluginService unprotect offering transform net.minecraft.entity.player.PlayerInventory
[11:55:01] [main/DEBUG] (cpw.mods.modlauncher.LaunchPluginHandler) LauncherPluginService unprotect transformed net.minecraft.entity.player.PlayerInventory with class compute flags 2
[11:55:01] [main/DEBUG] (cpw.mods.modlauncher.LaunchPluginHandler) LauncherPluginService runtimedistcleaner offering transform net.minecraft.entity.player.PlayerInventory
[11:55:01] [main/DEBUG] (cpw.mods.modlauncher.LaunchPluginHandler) Final flags state for net.minecraft.entity.player.PlayerInventory is 2
[11:55:01] [main/DEBUG] (cpw.mods.modlauncher.LaunchPluginHandler) LaunchPluginService {AFTER=[net.neoforged.fml.common.asm.RuntimeDistCleaner@10cae98c]}
[11:55:01] [main/DEBUG] (cpw.mods.modlauncher.LaunchPluginHandler) Final flags state for dev.architectury.extensions.ItemExtension is 0
[11:55:01] [main/DEBUG] (cpw.mods.modlauncher.LaunchPluginHandler) LauncherPluginService runtimedistcleaner offering transform dev.architectury.extensions.ItemExtension
[11:55:01] [main/DEBUG] (cpw.mods.modlauncher.LaunchPluginHandler) Final flags state for dev.architectury.extensions.ItemExtension is 0
[11:55:01] [main/DEBUG] (cpw.mods.modlauncher.LaunchPluginHandler) LaunchPluginService {AFTER=[net.neoforged.fml.common.asm.RuntimeDistCleaner@10cae98c]}
[11:55:01] [main/DEBUG] (cpw.mods.modlauncher.LaunchPluginHandler) Final flags state for net.neoforged.neoforge.event.level.LevelEvent is 0
[11:55:01] [main/DEBUG] (cpw.mods.modlauncher.LaunchPluginHandler) LauncherPluginService runtimedistcleaner offering transform net.neoforged.neoforge.event.level.LevelEvent
[11:55:01] [main/DEBUG] (cpw.mods.modlauncher.LaunchPluginHandler) Final flags state for net.neoforged.neoforge.event.level.LevelEvent is 0
[11:55:01] [main/DEBUG] (cpw.mods.modlauncher.LaunchPluginHandler) LaunchPluginService {AFTER=[net.neoforged.fml.common.asm.RuntimeDistCleaner@10cae98c]}
[11:55:01] [main/DEBUG] (cpw.mods.modlauncher.LaunchPluginHandler) Final flags state for dev.architectury.mixin.forge.client.MixinCommandSourceStack is 0
[11:55:01] [main/DEBUG] (cpw.mods.modlauncher.LaunchPluginHandler) LauncherPluginService runtimedistcleaner offering transform dev.architectury.mixin.forge.client.MixinCommandSourceStack
[11:55:01] [main/DEBUG] (cpw.mods.modlauncher.LaunchPluginHandler) Final flags state for dev.architectury.mixin.forge.client.MixinCommandSourceStack is 0
[11:55:01] [main/DEBUG] (cpw.mods.modlauncher.LaunchPluginHandler) LaunchPluginService {AFTER=[net.neoforged.fml.common.asm.RuntimeDistCleaner@10cae98c]}
[11:55:01] [main/DEBUG] (cpw.mods.modlauncher.LaunchPluginHandler) Final flags state for dev.architectury.mixin.forge.MixinClientLevel is 0
[11:55:01] [main/DEBUG] (cpw.mods.modlauncher.LaunchPluginHandler) LauncherPluginService runtimedistcleaner offering transform dev.architectury.mixin.forge.MixinClientLevel
[11:55:01] [main/DEBUG] (cpw.mods.modlauncher.LaunchPluginHandler) Final flags state for dev.architectury.mixin.forge.MixinClientLevel is 0
[11:55:01] [main/DEBUG] (cpw.mods.modlauncher.LaunchPluginHandler) LaunchPluginService {AFTER=[net.neoforged.fml.common.asm.RuntimeDistCleaner@10cae98c]}
[11:55:01] [main/DEBUG] (cpw.mods.modlauncher.LaunchPluginHandler) Final flags state for dev.architectury.mixin.forge.MixinMinecraft is 0
[11:55:01] [main/DEBUG] (cpw.mods.modlauncher.LaunchPluginHandler) LauncherPluginService runtimedistcleaner offering transform dev.architectury.mixin.forge.MixinMinecraft
[11:55:01] [main/DEBUG] (cpw.mods.modlauncher.LaunchPluginHandler) Final flags state for dev.architectury.mixin.forge.MixinMinecraft is 0
[11:55:01] [main/DEBUG] (cpw.mods.modlauncher.LaunchPluginHandler) LaunchPluginService {AFTER=[juuxel.unprotect.UnprotectLaunchPlugin@59e7a6d8, net.neoforged.fml.common.asm.RuntimeDistCleaner@10cae98c]}
[11:55:01] [main/DEBUG] (cpw.mods.modlauncher.LaunchPluginHandler) Final flags state for net.minecraft.server.command.ServerCommandSource is 0
[11:55:01] [main/DEBUG] (cpw.mods.modlauncher.LaunchPluginHandler) LauncherPluginService unprotect offering transform net.minecraft.server.command.ServerCommandSource
[11:55:01] [main/DEBUG] (cpw.mods.modlauncher.LaunchPluginHandler) LauncherPluginService unprotect transformed net.minecraft.server.command.ServerCommandSource with class compute flags 2
[11:55:01] [main/DEBUG] (cpw.mods.modlauncher.LaunchPluginHandler) LauncherPluginService runtimedistcleaner offering transform net.minecraft.server.command.ServerCommandSource
[11:55:01] [main/DEBUG] (cpw.mods.modlauncher.LaunchPluginHandler) Final flags state for net.minecraft.server.command.ServerCommandSource is 2
[11:55:01] [main/DEBUG] (cpw.mods.modlauncher.LaunchPluginHandler) LaunchPluginService {AFTER=[juuxel.unprotect.UnprotectLaunchPlugin@59e7a6d8, net.neoforged.fml.common.asm.RuntimeDistCleaner@10cae98c]}
[11:55:01] [main/DEBUG] (cpw.mods.modlauncher.LaunchPluginHandler) Final flags state for net.minecraft.client.world.ClientWorld is 0
[11:55:01] [main/DEBUG] (cpw.mods.modlauncher.LaunchPluginHandler) LauncherPluginService unprotect offering transform net.minecraft.client.world.ClientWorld
[11:55:01] [main/DEBUG] (cpw.mods.modlauncher.LaunchPluginHandler) LauncherPluginService unprotect transformed net.minecraft.client.world.ClientWorld with class compute flags 2
[11:55:01] [main/DEBUG] (cpw.mods.modlauncher.LaunchPluginHandler) LauncherPluginService runtimedistcleaner offering transform net.minecraft.client.world.ClientWorld
[11:55:01] [main/DEBUG] (net.neoforged.fml.common.asm.RuntimeDistCleaner) Removing Class Annotation: net/minecraft/client/world/ClientWorld @Lnet/neoforged/api/distmarker/OnlyIn;
[11:55:01] [main/DEBUG] (cpw.mods.modlauncher.LaunchPluginHandler) LauncherPluginService runtimedistcleaner transformed net.minecraft.client.world.ClientWorld with class compute flags 256
[11:55:01] [main/DEBUG] (cpw.mods.modlauncher.LaunchPluginHandler) Final flags state for net.minecraft.client.world.ClientWorld is 258
[11:55:01] [main/DEBUG] (cpw.mods.modlauncher.LaunchPluginHandler) LaunchPluginService {AFTER=[juuxel.unprotect.UnprotectLaunchPlugin@59e7a6d8, net.neoforged.fml.common.asm.RuntimeDistCleaner@10cae98c]}
[11:55:01] [main/DEBUG] (cpw.mods.modlauncher.LaunchPluginHandler) Final flags state for net.minecraft.client.MinecraftClient is 0
[11:55:01] [main/DEBUG] (cpw.mods.modlauncher.LaunchPluginHandler) LauncherPluginService unprotect offering transform net.minecraft.client.MinecraftClient
[11:55:01] [main/DEBUG] (cpw.mods.modlauncher.LaunchPluginHandler) LauncherPluginService unprotect transformed net.minecraft.client.MinecraftClient with class compute flags 2
[11:55:01] [main/DEBUG] (cpw.mods.modlauncher.LaunchPluginHandler) LauncherPluginService runtimedistcleaner offering transform net.minecraft.client.MinecraftClient
[11:55:01] [main/DEBUG] (net.neoforged.fml.common.asm.RuntimeDistCleaner) Removing Class Annotation: net/minecraft/client/MinecraftClient @Lnet/neoforged/api/distmarker/OnlyIn;
[11:55:01] [main/DEBUG] (cpw.mods.modlauncher.LaunchPluginHandler) LauncherPluginService runtimedistcleaner transformed net.minecraft.client.MinecraftClient with class compute flags 256
[11:55:01] [main/DEBUG] (cpw.mods.modlauncher.LaunchPluginHandler) Final flags state for net.minecraft.client.MinecraftClient is 258
[11:55:01] [main/DEBUG] (cpw.mods.modlauncher.LaunchPluginHandler) LaunchPluginService {AFTER=[org.spongepowered.asm.launch.MixinLaunchPlugin@1a5df070, juuxel.unprotect.UnprotectLaunchPlugin@59e7a6d8, net.neoforged.fml.common.asm.RuntimeDistCleaner@10cae98c]}
[11:55:01] [main/DEBUG] (cpw.mods.modlauncher.LaunchPluginHandler) Final flags state for net.minecraft.util.thread.ReentrantThreadExecutor is 0
[11:55:01] [main/DEBUG] (cpw.mods.modlauncher.LaunchPluginHandler) LauncherPluginService mixin offering transform net.minecraft.util.thread.ReentrantThreadExecutor
[11:55:01] [main/DEBUG] (cpw.mods.modlauncher.LaunchPluginHandler) LauncherPluginService unprotect offering transform net.minecraft.util.thread.ReentrantThreadExecutor
[11:55:01] [main/DEBUG] (cpw.mods.modlauncher.LaunchPluginHandler) LauncherPluginService unprotect transformed net.minecraft.util.thread.ReentrantThreadExecutor with class compute flags 2
[11:55:01] [main/DEBUG] (cpw.mods.modlauncher.LaunchPluginHandler) LauncherPluginService runtimedistcleaner offering transform net.minecraft.util.thread.ReentrantThreadExecutor
[11:55:01] [main/DEBUG] (cpw.mods.modlauncher.LaunchPluginHandler) Final flags state for net.minecraft.util.thread.ReentrantThreadExecutor is 2
[11:55:01] [main/DEBUG] (cpw.mods.modlauncher.LaunchPluginHandler) LaunchPluginService {AFTER=[org.spongepowered.asm.launch.MixinLaunchPlugin@1a5df070, juuxel.unprotect.UnprotectLaunchPlugin@59e7a6d8, net.neoforged.fml.common.asm.RuntimeDistCleaner@10cae98c]}
[11:55:01] [main/DEBUG] (cpw.mods.modlauncher.LaunchPluginHandler) Final flags state for net.minecraft.util.thread.ThreadExecutor is 0
[11:55:01] [main/DEBUG] (cpw.mods.modlauncher.LaunchPluginHandler) LauncherPluginService mixin offering transform net.minecraft.util.thread.ThreadExecutor
[11:55:01] [main/DEBUG] (cpw.mods.modlauncher.LaunchPluginHandler) LauncherPluginService unprotect offering transform net.minecraft.util.thread.ThreadExecutor
[11:55:01] [main/DEBUG] (cpw.mods.modlauncher.LaunchPluginHandler) LauncherPluginService unprotect transformed net.minecraft.util.thread.ThreadExecutor with class compute flags 2
[11:55:01] [main/DEBUG] (cpw.mods.modlauncher.LaunchPluginHandler) LauncherPluginService runtimedistcleaner offering transform net.minecraft.util.thread.ThreadExecutor
[11:55:01] [main/DEBUG] (cpw.mods.modlauncher.LaunchPluginHandler) Final flags state for net.minecraft.util.thread.ThreadExecutor is 2
[11:55:01] [main/DEBUG] (cpw.mods.modlauncher.LaunchPluginHandler) LaunchPluginService {AFTER=[org.spongepowered.asm.launch.MixinLaunchPlugin@1a5df070, juuxel.unprotect.UnprotectLaunchPlugin@59e7a6d8, net.neoforged.fml.common.asm.RuntimeDistCleaner@10cae98c]}
[11:55:01] [main/DEBUG] (cpw.mods.modlauncher.LaunchPluginHandler) Final flags state for net.minecraft.util.thread.SampleableExecutor is 0
[11:55:01] [main/DEBUG] (cpw.mods.modlauncher.LaunchPluginHandler) LauncherPluginService mixin offering transform net.minecraft.util.thread.SampleableExecutor
[11:55:01] [main/DEBUG] (cpw.mods.modlauncher.LaunchPluginHandler) LauncherPluginService unprotect offering transform net.minecraft.util.thread.SampleableExecutor
[11:55:01] [main/DEBUG] (cpw.mods.modlauncher.LaunchPluginHandler) LauncherPluginService runtimedistcleaner offering transform net.minecraft.util.thread.SampleableExecutor
[11:55:01] [main/DEBUG] (cpw.mods.modlauncher.LaunchPluginHandler) Final flags state for net.minecraft.util.thread.SampleableExecutor is 0
[11:55:01] [main/DEBUG] (cpw.mods.modlauncher.LaunchPluginHandler) LaunchPluginService {AFTER=[org.spongepowered.asm.launch.MixinLaunchPlugin@1a5df070, juuxel.unprotect.UnprotectLaunchPlugin@59e7a6d8, net.neoforged.fml.common.asm.RuntimeDistCleaner@10cae98c]}
[11:55:01] [main/DEBUG] (cpw.mods.modlauncher.LaunchPluginHandler) Final flags state for net.minecraft.util.thread.MessageListener is 0
[11:55:01] [main/DEBUG] (cpw.mods.modlauncher.LaunchPluginHandler) LauncherPluginService mixin offering transform net.minecraft.util.thread.MessageListener
[11:55:01] [main/DEBUG] (cpw.mods.modlauncher.LaunchPluginHandler) LauncherPluginService unprotect offering transform net.minecraft.util.thread.MessageListener
[11:55:01] [main/DEBUG] (cpw.mods.modlauncher.LaunchPluginHandler) LauncherPluginService unprotect transformed net.minecraft.util.thread.MessageListener with class compute flags 2
[11:55:01] [main/DEBUG] (cpw.mods.modlauncher.LaunchPluginHandler) LauncherPluginService runtimedistcleaner offering transform net.minecraft.util.thread.MessageListener
[11:55:01] [main/DEBUG] (cpw.mods.modlauncher.LaunchPluginHandler) Final flags state for net.minecraft.util.thread.MessageListener is 2
[11:55:01] [main/DEBUG] (cpw.mods.modlauncher.LaunchPluginHandler) LaunchPluginService {AFTER=[org.spongepowered.asm.launch.MixinLaunchPlugin@1a5df070, net.neoforged.fml.common.asm.RuntimeDistCleaner@10cae98c]}
[11:55:01] [main/DEBUG] (cpw.mods.modlauncher.LaunchPluginHandler) Final flags state for java.lang.AutoCloseable is 0
[11:55:01] [main/DEBUG] (cpw.mods.modlauncher.LaunchPluginHandler) LauncherPluginService mixin offering transform java.lang.AutoCloseable
[11:55:01] [main/DEBUG] (cpw.mods.modlauncher.LaunchPluginHandler) LauncherPluginService runtimedistcleaner offering transform java.lang.AutoCloseable
[11:55:01] [main/DEBUG] (cpw.mods.modlauncher.LaunchPluginHandler) Final flags state for java.lang.AutoCloseable is 0
[11:55:01] [main/DEBUG] (cpw.mods.modlauncher.LaunchPluginHandler) LaunchPluginService {AFTER=[org.spongepowered.asm.launch.MixinLaunchPlugin@1a5df070, net.neoforged.fml.common.asm.RuntimeDistCleaner@10cae98c]}
[11:55:01] [main/DEBUG] (cpw.mods.modlauncher.LaunchPluginHandler) Final flags state for java.util.concurrent.Executor is 0
[11:55:01] [main/DEBUG] (cpw.mods.modlauncher.LaunchPluginHandler) LauncherPluginService mixin offering transform java.util.concurrent.Executor
[11:55:01] [main/DEBUG] (cpw.mods.modlauncher.LaunchPluginHandler) LauncherPluginService runtimedistcleaner offering transform java.util.concurrent.Executor
[11:55:01] [main/DEBUG] (cpw.mods.modlauncher.LaunchPluginHandler) Final flags state for java.util.concurrent.Executor is 0
[11:55:01] [main/DEBUG] (cpw.mods.modlauncher.LaunchPluginHandler) LaunchPluginService {AFTER=[org.spongepowered.asm.launch.MixinLaunchPlugin@1a5df070, juuxel.unprotect.UnprotectLaunchPlugin@59e7a6d8, net.neoforged.fml.common.asm.RuntimeDistCleaner@10cae98c]}
[11:55:01] [main/DEBUG] (cpw.mods.modlauncher.LaunchPluginHandler) Final flags state for net.minecraft.client.WindowEventHandler is 0
[11:55:01] [main/DEBUG] (cpw.mods.modlauncher.LaunchPluginHandler) LauncherPluginService mixin offering transform net.minecraft.client.WindowEventHandler
[11:55:01] [main/DEBUG] (cpw.mods.modlauncher.LaunchPluginHandler) LauncherPluginService unprotect offering transform net.minecraft.client.WindowEventHandler
[11:55:01] [main/DEBUG] (cpw.mods.modlauncher.LaunchPluginHandler) LauncherPluginService runtimedistcleaner offering transform net.minecraft.client.WindowEventHandler
[11:55:01] [main/DEBUG] (net.neoforged.fml.common.asm.RuntimeDistCleaner) Removing Class Annotation: net/minecraft/client/WindowEventHandler @Lnet/neoforged/api/distmarker/OnlyIn;
[11:55:01] [main/DEBUG] (cpw.mods.modlauncher.LaunchPluginHandler) LauncherPluginService runtimedistcleaner transformed net.minecraft.client.WindowEventHandler with class compute flags 256
[11:55:01] [main/DEBUG] (cpw.mods.modlauncher.LaunchPluginHandler) Final flags state for net.minecraft.client.WindowEventHandler is 256
[11:55:01] [main/DEBUG] (cpw.mods.modlauncher.LaunchPluginHandler) LaunchPluginService {AFTER=[org.spongepowered.asm.launch.MixinLaunchPlugin@1a5df070, net.neoforged.fml.common.asm.RuntimeDistCleaner@10cae98c]}
[11:55:01] [main/DEBUG] (cpw.mods.modlauncher.LaunchPluginHandler) Final flags state for net.neoforged.neoforge.client.extensions.IMinecraftExtension is 0
[11:55:01] [main/DEBUG] (cpw.mods.modlauncher.LaunchPluginHandler) LauncherPluginService mixin offering transform net.neoforged.neoforge.client.extensions.IMinecraftExtension
[11:55:01] [main/DEBUG] (cpw.mods.modlauncher.LaunchPluginHandler) LauncherPluginService runtimedistcleaner offering transform net.neoforged.neoforge.client.extensions.IMinecraftExtension
[11:55:01] [main/DEBUG] (cpw.mods.modlauncher.LaunchPluginHandler) Final flags state for net.neoforged.neoforge.client.extensions.IMinecraftExtension is 0
[11:55:01] [main/DEBUG] (cpw.mods.modlauncher.LaunchPluginHandler) LaunchPluginService {BEFORE=[net.neoforged.accesstransformer.ml.AccessTransformerService@5c1ecf52], AFTER=[org.spongepowered.asm.launch.MixinLaunchPlugin@1a5df070, juuxel.unprotect.UnprotectLaunchPlugin@59e7a6d8, net.neoforged.fml.common.asm.RuntimeDistCleaner@10cae98c]}
[11:55:01] [main/DEBUG] (cpw.mods.modlauncher.LaunchPluginHandler) LauncherPluginService accesstransformer offering transform net.minecraft.client.gui.screen.Screen
[11:55:01] [main/DEBUG] (net.neoforged.accesstransformer.AccessTransformer) Transforming net.minecraft.client.gui.screen.Screen FIELD selectables to access PUBLIC and LEAVE
[11:55:01] [main/DEBUG] (net.neoforged.accesstransformer.AccessTransformer) Transforming net.minecraft.client.gui.screen.Screen FIELD drawables to access PUBLIC and LEAVE
[11:55:01] [main/DEBUG] (net.neoforged.accesstransformer.AccessTransformer) Transforming net.minecraft.client.gui.screen.Screen METHOD addDrawableChild(Lnet/minecraft/client/gui/Element;)Lnet/minecraft/client/gui/Element; to access PUBLIC and LEAVE
[11:55:01] [main/DEBUG] (net.neoforged.accesstransformer.AccessTransformer) Transforming net.minecraft.client.gui.screen.Screen METHOD addDrawable(Lnet/minecraft/client/gui/Drawable;)Lnet/minecraft/client/gui/Drawable; to access PUBLIC and LEAVE
[11:55:01] [main/DEBUG] (net.neoforged.accesstransformer.AccessTransformer) Transforming net.minecraft.client.gui.screen.Screen METHOD addSelectableChild(Lnet/minecraft/client/gui/Element;)Lnet/minecraft/client/gui/Element; to access PUBLIC and LEAVE
[11:55:01] [main/DEBUG] (cpw.mods.modlauncher.LaunchPluginHandler) LauncherPluginService accesstransformer transformed net.minecraft.client.gui.screen.Screen with class compute flags 256
[11:55:01] [main/DEBUG] (cpw.mods.modlauncher.LaunchPluginHandler) Final flags state for net.minecraft.client.gui.screen.Screen is 256
[11:55:01] [main/DEBUG] (cpw.mods.modlauncher.LaunchPluginHandler) LauncherPluginService mixin offering transform net.minecraft.client.gui.screen.Screen
[11:55:01] [main/DEBUG] (cpw.mods.modlauncher.LaunchPluginHandler) LauncherPluginService unprotect offering transform net.minecraft.client.gui.screen.Screen
[11:55:01] [main/DEBUG] (cpw.mods.modlauncher.LaunchPluginHandler) LauncherPluginService unprotect transformed net.minecraft.client.gui.screen.Screen with class compute flags 2
[11:55:01] [main/DEBUG] (cpw.mods.modlauncher.LaunchPluginHandler) LauncherPluginService runtimedistcleaner offering transform net.minecraft.client.gui.screen.Screen
[11:55:01] [main/DEBUG] (net.neoforged.fml.common.asm.RuntimeDistCleaner) Removing Class Annotation: net/minecraft/client/gui/screen/Screen @Lnet/neoforged/api/distmarker/OnlyIn;
[11:55:01] [main/DEBUG] (cpw.mods.modlauncher.LaunchPluginHandler) LauncherPluginService runtimedistcleaner transformed net.minecraft.client.gui.screen.Screen with class compute flags 256
[11:55:01] [main/DEBUG] (cpw.mods.modlauncher.LaunchPluginHandler) Final flags state for net.minecraft.client.gui.screen.Screen is 258
[11:55:01] [main/DEBUG] (cpw.mods.modlauncher.LaunchPluginHandler) LaunchPluginService {AFTER=[org.spongepowered.asm.launch.MixinLaunchPlugin@1a5df070, juuxel.unprotect.UnprotectLaunchPlugin@59e7a6d8, net.neoforged.fml.common.asm.RuntimeDistCleaner@10cae98c]}
[11:55:01] [main/DEBUG] (cpw.mods.modlauncher.LaunchPluginHandler) Final flags state for net.minecraft.client.gui.AbstractParentElement is 0
[11:55:01] [main/DEBUG] (cpw.mods.modlauncher.LaunchPluginHandler) LauncherPluginService mixin offering transform net.minecraft.client.gui.AbstractParentElement
[11:55:01] [main/DEBUG] (cpw.mods.modlauncher.LaunchPluginHandler) LauncherPluginService unprotect offering transform net.minecraft.client.gui.AbstractParentElement
[11:55:01] [main/DEBUG] (cpw.mods.modlauncher.LaunchPluginHandler) LauncherPluginService runtimedistcleaner offering transform net.minecraft.client.gui.AbstractParentElement
[11:55:01] [main/DEBUG] (net.neoforged.fml.common.asm.RuntimeDistCleaner) Removing Class Annotation: net/minecraft/client/gui/AbstractParentElement @Lnet/neoforged/api/distmarker/OnlyIn;
[11:55:01] [main/DEBUG] (cpw.mods.modlauncher.LaunchPluginHandler) LauncherPluginService runtimedistcleaner transformed net.minecraft.client.gui.AbstractParentElement with class compute flags 256
[11:55:01] [main/DEBUG] (cpw.mods.modlauncher.LaunchPluginHandler) Final flags state for net.minecraft.client.gui.AbstractParentElement is 256
[11:55:01] [main/DEBUG] (cpw.mods.modlauncher.LaunchPluginHandler) LaunchPluginService {AFTER=[org.spongepowered.asm.launch.MixinLaunchPlugin@1a5df070, juuxel.unprotect.UnprotectLaunchPlugin@59e7a6d8, net.neoforged.fml.common.asm.RuntimeDistCleaner@10cae98c]}
[11:55:01] [main/DEBUG] (cpw.mods.modlauncher.LaunchPluginHandler) Final flags state for net.minecraft.client.gui.ParentElement is 0
[11:55:01] [main/DEBUG] (cpw.mods.modlauncher.LaunchPluginHandler) LauncherPluginService mixin offering transform net.minecraft.client.gui.ParentElement
[11:55:01] [main/DEBUG] (cpw.mods.modlauncher.LaunchPluginHandler) LauncherPluginService unprotect offering transform net.minecraft.client.gui.ParentElement
[11:55:01] [main/DEBUG] (cpw.mods.modlauncher.LaunchPluginHandler) LauncherPluginService runtimedistcleaner offering transform net.minecraft.client.gui.ParentElement
[11:55:01] [main/DEBUG] (net.neoforged.fml.common.asm.RuntimeDistCleaner) Removing Class Annotation: net/minecraft/client/gui/ParentElement @Lnet/neoforged/api/distmarker/OnlyIn;
[11:55:01] [main/DEBUG] (cpw.mods.modlauncher.LaunchPluginHandler) LauncherPluginService runtimedistcleaner transformed net.minecraft.client.gui.ParentElement with class compute flags 256
[11:55:01] [main/DEBUG] (cpw.mods.modlauncher.LaunchPluginHandler) Final flags state for net.minecraft.client.gui.ParentElement is 256
[11:55:01] [main/DEBUG] (cpw.mods.modlauncher.LaunchPluginHandler) LaunchPluginService {AFTER=[org.spongepowered.asm.launch.MixinLaunchPlugin@1a5df070, juuxel.unprotect.UnprotectLaunchPlugin@59e7a6d8, net.neoforged.fml.common.asm.RuntimeDistCleaner@10cae98c]}
[11:55:01] [main/DEBUG] (cpw.mods.modlauncher.LaunchPluginHandler) Final flags state for net.minecraft.client.gui.Element is 0
[11:55:01] [main/DEBUG] (cpw.mods.modlauncher.LaunchPluginHandler) LauncherPluginService mixin offering transform net.minecraft.client.gui.Element
[11:55:01] [main/DEBUG] (cpw.mods.modlauncher.LaunchPluginHandler) LauncherPluginService unprotect offering transform net.minecraft.client.gui.Element
[11:55:01] [main/DEBUG] (cpw.mods.modlauncher.LaunchPluginHandler) LauncherPluginService runtimedistcleaner offering transform net.minecraft.client.gui.Element
[11:55:01] [main/DEBUG] (net.neoforged.fml.common.asm.RuntimeDistCleaner) Removing Class Annotation: net/minecraft/client/gui/Element @Lnet/neoforged/api/distmarker/OnlyIn;
[11:55:01] [main/DEBUG] (cpw.mods.modlauncher.LaunchPluginHandler) LauncherPluginService runtimedistcleaner transformed net.minecraft.client.gui.Element with class compute flags 256
[11:55:01] [main/DEBUG] (cpw.mods.modlauncher.LaunchPluginHandler) Final flags state for net.minecraft.client.gui.Element is 256
[11:55:01] [main/DEBUG] (cpw.mods.modlauncher.LaunchPluginHandler) LaunchPluginService {AFTER=[org.spongepowered.asm.launch.MixinLaunchPlugin@1a5df070, juuxel.unprotect.UnprotectLaunchPlugin@59e7a6d8, net.neoforged.fml.common.asm.RuntimeDistCleaner@10cae98c]}
[11:55:01] [main/DEBUG] (cpw.mods.modlauncher.LaunchPluginHandler) Final flags state for net.minecraft.client.gui.navigation.Navigable is 0
[11:55:01] [main/DEBUG] (cpw.mods.modlauncher.LaunchPluginHandler) LauncherPluginService mixin offering transform net.minecraft.client.gui.navigation.Navigable
[11:55:01] [main/DEBUG] (cpw.mods.modlauncher.LaunchPluginHandler) LauncherPluginService unprotect offering transform net.minecraft.client.gui.navigation.Navigable
[11:55:01] [main/DEBUG] (cpw.mods.modlauncher.LaunchPluginHandler) LauncherPluginService runtimedistcleaner offering transform net.minecraft.client.gui.navigation.Navigable
[11:55:01] [main/DEBUG] (net.neoforged.fml.common.asm.RuntimeDistCleaner) Removing Class Annotation: net/minecraft/client/gui/navigation/Navigable @Lnet/neoforged/api/distmarker/OnlyIn;
[11:55:01] [main/DEBUG] (cpw.mods.modlauncher.LaunchPluginHandler) LauncherPluginService runtimedistcleaner transformed net.minecraft.client.gui.navigation.Navigable with class compute flags 256
[11:55:01] [main/DEBUG] (cpw.mods.modlauncher.LaunchPluginHandler) Final flags state for net.minecraft.client.gui.navigation.Navigable is 256
[11:55:01] [main/DEBUG] (cpw.mods.modlauncher.LaunchPluginHandler) LaunchPluginService {AFTER=[org.spongepowered.asm.launch.MixinLaunchPlugin@1a5df070, juuxel.unprotect.UnprotectLaunchPlugin@59e7a6d8, net.neoforged.fml.common.asm.RuntimeDistCleaner@10cae98c]}
[11:55:01] [main/DEBUG] (cpw.mods.modlauncher.LaunchPluginHandler) Final flags state for net.minecraft.client.gui.Drawable is 0
[11:55:01] [main/DEBUG] (cpw.mods.modlauncher.LaunchPluginHandler) LauncherPluginService mixin offering transform net.minecraft.client.gui.Drawable
[11:55:01] [main/DEBUG] (cpw.mods.modlauncher.LaunchPluginHandler) LauncherPluginService unprotect offering transform net.minecraft.client.gui.Drawable
[11:55:01] [main/DEBUG] (cpw.mods.modlauncher.LaunchPluginHandler) LauncherPluginService runtimedistcleaner offering transform net.minecraft.client.gui.Drawable
[11:55:01] [main/DEBUG] (net.neoforged.fml.common.asm.RuntimeDistCleaner) Removing Class Annotation: net/minecraft/client/gui/Drawable @Lnet/neoforged/api/distmarker/OnlyIn;
[11:55:01] [main/DEBUG] (cpw.mods.modlauncher.LaunchPluginHandler) LauncherPluginService runtimedistcleaner transformed net.minecraft.client.gui.Drawable with class compute flags 256
[11:55:01] [main/DEBUG] (cpw.mods.modlauncher.LaunchPluginHandler) Final flags state for net.minecraft.client.gui.Drawable is 256
[11:55:01] [main/DEBUG] (cpw.mods.modlauncher.LaunchPluginHandler) LaunchPluginService {AFTER=[org.spongepowered.asm.launch.MixinLaunchPlugin@1a5df070, juuxel.unprotect.UnprotectLaunchPlugin@59e7a6d8, net.neoforged.fml.common.asm.RuntimeDistCleaner@10cae98c]}
[11:55:01] [main/DEBUG] (cpw.mods.modlauncher.LaunchPluginHandler) Final flags state for net.minecraft.client.gui.screen.DeathScreen is 0
[11:55:01] [main/DEBUG] (cpw.mods.modlauncher.LaunchPluginHandler) LauncherPluginService mixin offering transform net.minecraft.client.gui.screen.DeathScreen
[11:55:01] [main/DEBUG] (cpw.mods.modlauncher.LaunchPluginHandler) LauncherPluginService unprotect offering transform net.minecraft.client.gui.screen.DeathScreen
[11:55:01] [main/DEBUG] (cpw.mods.modlauncher.LaunchPluginHandler) LauncherPluginService unprotect transformed net.minecraft.client.gui.screen.DeathScreen with class compute flags 2
[11:55:01] [main/DEBUG] (cpw.mods.modlauncher.LaunchPluginHandler) LauncherPluginService runtimedistcleaner offering transform net.minecraft.client.gui.screen.DeathScreen
[11:55:01] [main/DEBUG] (net.neoforged.fml.common.asm.RuntimeDistCleaner) Removing Class Annotation: net/minecraft/client/gui/screen/DeathScreen @Lnet/neoforged/api/distmarker/OnlyIn;
[11:55:01] [main/DEBUG] (cpw.mods.modlauncher.LaunchPluginHandler) LauncherPluginService runtimedistcleaner transformed net.minecraft.client.gui.screen.DeathScreen with class compute flags 256
[11:55:01] [main/DEBUG] (cpw.mods.modlauncher.LaunchPluginHandler) Final flags state for net.minecraft.client.gui.screen.DeathScreen is 258
[11:55:01] [main/DEBUG] (cpw.mods.modlauncher.LaunchPluginHandler) LaunchPluginService {AFTER=[org.spongepowered.asm.launch.MixinLaunchPlugin@1a5df070, juuxel.unprotect.UnprotectLaunchPlugin@59e7a6d8, net.neoforged.fml.common.asm.RuntimeDistCleaner@10cae98c]}
[11:55:01] [main/DEBUG] (cpw.mods.modlauncher.LaunchPluginHandler) Final flags state for net.minecraft.client.gui.screen.TitleScreen is 0
[11:55:01] [main/DEBUG] (cpw.mods.modlauncher.LaunchPluginHandler) LauncherPluginService mixin offering transform net.minecraft.client.gui.screen.TitleScreen
[11:55:01] [main/DEBUG] (cpw.mods.modlauncher.LaunchPluginHandler) LauncherPluginService unprotect offering transform net.minecraft.client.gui.screen.TitleScreen
[11:55:01] [main/DEBUG] (cpw.mods.modlauncher.LaunchPluginHandler) LauncherPluginService unprotect transformed net.minecraft.client.gui.screen.TitleScreen with class compute flags 2
[11:55:01] [main/DEBUG] (cpw.mods.modlauncher.LaunchPluginHandler) LauncherPluginService runtimedistcleaner offering transform net.minecraft.client.gui.screen.TitleScreen
[11:55:01] [main/DEBUG] (net.neoforged.fml.common.asm.RuntimeDistCleaner) Removing Class Annotation: net/minecraft/client/gui/screen/TitleScreen @Lnet/neoforged/api/distmarker/OnlyIn;
[11:55:01] [main/DEBUG] (cpw.mods.modlauncher.LaunchPluginHandler) LauncherPluginService runtimedistcleaner transformed net.minecraft.client.gui.screen.TitleScreen with class compute flags 256
[11:55:01] [main/DEBUG] (cpw.mods.modlauncher.LaunchPluginHandler) Final flags state for net.minecraft.client.gui.screen.TitleScreen is 258
[11:55:01] [main/DEBUG] (cpw.mods.modlauncher.LaunchPluginHandler) LaunchPluginService {AFTER=[org.spongepowered.asm.launch.MixinLaunchPlugin@1a5df070, net.neoforged.fml.common.asm.RuntimeDistCleaner@10cae98c]}
[11:55:01] [main/DEBUG] (cpw.mods.modlauncher.LaunchPluginHandler) Final flags state for java.lang.Integer is 0
[11:55:01] [main/DEBUG] (cpw.mods.modlauncher.LaunchPluginHandler) LauncherPluginService mixin offering transform java.lang.Integer
[11:55:01] [main/DEBUG] (cpw.mods.modlauncher.LaunchPluginHandler) LauncherPluginService runtimedistcleaner offering transform java.lang.Integer
[11:55:01] [main/DEBUG] (cpw.mods.modlauncher.LaunchPluginHandler) Final flags state for java.lang.Integer is 0
[11:55:01] [main/DEBUG] (cpw.mods.modlauncher.LaunchPluginHandler) LaunchPluginService {AFTER=[org.spongepowered.asm.launch.MixinLaunchPlugin@1a5df070, net.neoforged.fml.common.asm.RuntimeDistCleaner@10cae98c]}
[11:55:01] [main/DEBUG] (cpw.mods.modlauncher.LaunchPluginHandler) Final flags state for java.lang.Number is 0
[11:55:01] [main/DEBUG] (cpw.mods.modlauncher.LaunchPluginHandler) LauncherPluginService mixin offering transform java.lang.Number
[11:55:01] [main/DEBUG] (cpw.mods.modlauncher.LaunchPluginHandler) LauncherPluginService runtimedistcleaner offering transform java.lang.Number
[11:55:01] [main/DEBUG] (cpw.mods.modlauncher.LaunchPluginHandler) Final flags state for java.lang.Number is 0
[11:55:01] [main/DEBUG] (cpw.mods.modlauncher.LaunchPluginHandler) LaunchPluginService {AFTER=[org.spongepowered.asm.launch.MixinLaunchPlugin@1a5df070, net.neoforged.fml.common.asm.RuntimeDistCleaner@10cae98c]}
[11:55:01] [main/DEBUG] (cpw.mods.modlauncher.LaunchPluginHandler) Final flags state for java.lang.constant.ConstantDesc is 0
[11:55:01] [main/DEBUG] (cpw.mods.modlauncher.LaunchPluginHandler) LauncherPluginService mixin offering transform java.lang.constant.ConstantDesc
[11:55:01] [main/DEBUG] (cpw.mods.modlauncher.LaunchPluginHandler) LauncherPluginService runtimedistcleaner offering transform java.lang.constant.ConstantDesc
[11:55:01] [main/DEBUG] (cpw.mods.modlauncher.LaunchPluginHandler) Final flags state for java.lang.constant.ConstantDesc is 0
[11:55:01] [main/DEBUG] (cpw.mods.modlauncher.LaunchPluginHandler) LaunchPluginService {AFTER=[org.spongepowered.asm.launch.MixinLaunchPlugin@1a5df070, juuxel.unprotect.UnprotectLaunchPlugin@59e7a6d8, net.neoforged.fml.common.asm.RuntimeDistCleaner@10cae98c]}
[11:55:01] [main/DEBUG] (cpw.mods.modlauncher.LaunchPluginHandler) Final flags state for net.minecraft.util.profiler.DummyProfiler is 0
[11:55:01] [main/DEBUG] (cpw.mods.modlauncher.LaunchPluginHandler) LauncherPluginService mixin offering transform net.minecraft.util.profiler.DummyProfiler
[11:55:01] [main/DEBUG] (cpw.mods.modlauncher.LaunchPluginHandler) LauncherPluginService unprotect offering transform net.minecraft.util.profiler.DummyProfiler
[11:55:01] [main/DEBUG] (cpw.mods.modlauncher.LaunchPluginHandler) LauncherPluginService unprotect transformed net.minecraft.util.profiler.DummyProfiler with class compute flags 2
[11:55:01] [main/DEBUG] (cpw.mods.modlauncher.LaunchPluginHandler) LauncherPluginService runtimedistcleaner offering transform net.minecraft.util.profiler.DummyProfiler
[11:55:01] [main/DEBUG] (cpw.mods.modlauncher.LaunchPluginHandler) Final flags state for net.minecraft.util.profiler.DummyProfiler is 2
[11:55:01] [main/DEBUG] (cpw.mods.modlauncher.LaunchPluginHandler) LaunchPluginService {AFTER=[org.spongepowered.asm.launch.MixinLaunchPlugin@1a5df070, juuxel.unprotect.UnprotectLaunchPlugin@59e7a6d8, net.neoforged.fml.common.asm.RuntimeDistCleaner@10cae98c]}
[11:55:01] [main/DEBUG] (cpw.mods.modlauncher.LaunchPluginHandler) Final flags state for net.minecraft.util.profiler.ReadableProfiler is 0
[11:55:01] [main/DEBUG] (cpw.mods.modlauncher.LaunchPluginHandler) LauncherPluginService mixin offering transform net.minecraft.util.profiler.ReadableProfiler
[11:55:01] [main/DEBUG] (cpw.mods.modlauncher.LaunchPluginHandler) LauncherPluginService unprotect offering transform net.minecraft.util.profiler.ReadableProfiler
[11:55:01] [main/DEBUG] (cpw.mods.modlauncher.LaunchPluginHandler) LauncherPluginService runtimedistcleaner offering transform net.minecraft.util.profiler.ReadableProfiler
[11:55:01] [main/DEBUG] (cpw.mods.modlauncher.LaunchPluginHandler) Final flags state for net.minecraft.util.profiler.ReadableProfiler is 0
[11:55:01] [main/DEBUG] (cpw.mods.modlauncher.LaunchPluginHandler) LaunchPluginService {AFTER=[org.spongepowered.asm.launch.MixinLaunchPlugin@1a5df070, juuxel.unprotect.UnprotectLaunchPlugin@59e7a6d8, net.neoforged.fml.common.asm.RuntimeDistCleaner@10cae98c]}
[11:55:01] [main/DEBUG] (cpw.mods.modlauncher.LaunchPluginHandler) Final flags state for net.minecraft.util.profiler.Profiler is 0
[11:55:01] [main/DEBUG] (cpw.mods.modlauncher.LaunchPluginHandler) LauncherPluginService mixin offering transform net.minecraft.util.profiler.Profiler
[11:55:01] [main/DEBUG] (cpw.mods.modlauncher.LaunchPluginHandler) LauncherPluginService unprotect offering transform net.minecraft.util.profiler.Profiler
[11:55:01] [main/DEBUG] (cpw.mods.modlauncher.LaunchPluginHandler) LauncherPluginService unprotect transformed net.minecraft.util.profiler.Profiler with class compute flags 2
[11:55:01] [main/DEBUG] (cpw.mods.modlauncher.LaunchPluginHandler) LauncherPluginService runtimedistcleaner offering transform net.minecraft.util.profiler.Profiler
[11:55:01] [main/DEBUG] (cpw.mods.modlauncher.LaunchPluginHandler) Final flags state for net.minecraft.util.profiler.Profiler is 2
[11:55:01] [main/DEBUG] (cpw.mods.modlauncher.LaunchPluginHandler) LaunchPluginService {AFTER=[org.spongepowered.asm.launch.MixinLaunchPlugin@1a5df070, juuxel.unprotect.UnprotectLaunchPlugin@59e7a6d8, net.neoforged.fml.common.asm.RuntimeDistCleaner@10cae98c]}
[11:55:01] [main/DEBUG] (cpw.mods.modlauncher.LaunchPluginHandler) Final flags state for net.minecraft.client.network.ServerInfo is 0
[11:55:01] [main/DEBUG] (cpw.mods.modlauncher.LaunchPluginHandler) LauncherPluginService mixin offering transform net.minecraft.client.network.ServerInfo
[11:55:01] [main/DEBUG] (cpw.mods.modlauncher.LaunchPluginHandler) LauncherPluginService unprotect offering transform net.minecraft.client.network.ServerInfo
[11:55:01] [main/DEBUG] (cpw.mods.modlauncher.LaunchPluginHandler) LauncherPluginService unprotect transformed net.minecraft.client.network.ServerInfo with class compute flags 2
[11:55:01] [main/DEBUG] (cpw.mods.modlauncher.LaunchPluginHandler) LauncherPluginService runtimedistcleaner offering transform net.minecraft.client.network.ServerInfo
[11:55:01] [main/DEBUG] (net.neoforged.fml.common.asm.RuntimeDistCleaner) Removing Class Annotation: net/minecraft/client/network/ServerInfo @Lnet/neoforged/api/distmarker/OnlyIn;
[11:55:01] [main/DEBUG] (cpw.mods.modlauncher.LaunchPluginHandler) LauncherPluginService runtimedistcleaner transformed net.minecraft.client.network.ServerInfo with class compute flags 256
[11:55:01] [main/DEBUG] (cpw.mods.modlauncher.LaunchPluginHandler) Final flags state for net.minecraft.client.network.ServerInfo is 258
[11:55:01] [main/DEBUG] (cpw.mods.modlauncher.LaunchPluginHandler) LaunchPluginService {AFTER=[org.spongepowered.asm.launch.MixinLaunchPlugin@1a5df070, net.neoforged.fml.common.asm.RuntimeDistCleaner@10cae98c]}
[11:55:01] [main/DEBUG] (cpw.mods.modlauncher.LaunchPluginHandler) Final flags state for java.nio.file.Path is 0
[11:55:01] [main/DEBUG] (cpw.mods.modlauncher.LaunchPluginHandler) LauncherPluginService mixin offering transform java.nio.file.Path
[11:55:01] [main/DEBUG] (cpw.mods.modlauncher.LaunchPluginHandler) LauncherPluginService runtimedistcleaner offering transform java.nio.file.Path
[11:55:01] [main/DEBUG] (cpw.mods.modlauncher.LaunchPluginHandler) Final flags state for java.nio.file.Path is 0
[11:55:01] [main/DEBUG] (cpw.mods.modlauncher.LaunchPluginHandler) LaunchPluginService {AFTER=[org.spongepowered.asm.launch.MixinLaunchPlugin@1a5df070, net.neoforged.fml.common.asm.RuntimeDistCleaner@10cae98c]}
[11:55:01] [main/DEBUG] (cpw.mods.modlauncher.LaunchPluginHandler) Final flags state for java.lang.Iterable is 0
[11:55:01] [main/DEBUG] (cpw.mods.modlauncher.LaunchPluginHandler) LauncherPluginService mixin offering transform java.lang.Iterable
[11:55:01] [main/DEBUG] (cpw.mods.modlauncher.LaunchPluginHandler) LauncherPluginService runtimedistcleaner offering transform java.lang.Iterable
[11:55:01] [main/DEBUG] (cpw.mods.modlauncher.LaunchPluginHandler) Final flags state for java.lang.Iterable is 0
[11:55:01] [main/DEBUG] (cpw.mods.modlauncher.LaunchPluginHandler) LaunchPluginService {AFTER=[org.spongepowered.asm.launch.MixinLaunchPlugin@1a5df070, net.neoforged.fml.common.asm.RuntimeDistCleaner@10cae98c]}
[11:55:01] [main/DEBUG] (cpw.mods.modlauncher.LaunchPluginHandler) Final flags state for java.nio.file.Watchable is 0
[11:55:01] [main/DEBUG] (cpw.mods.modlauncher.LaunchPluginHandler) LauncherPluginService mixin offering transform java.nio.file.Watchable
[11:55:01] [main/DEBUG] (cpw.mods.modlauncher.LaunchPluginHandler) LauncherPluginService runtimedistcleaner offering transform java.nio.file.Watchable
[11:55:01] [main/DEBUG] (cpw.mods.modlauncher.LaunchPluginHandler) Final flags state for java.nio.file.Watchable is 0
[11:55:01] [main/DEBUG] (cpw.mods.modlauncher.LaunchPluginHandler) LaunchPluginService {AFTER=[org.spongepowered.asm.launch.MixinLaunchPlugin@1a5df070, juuxel.unprotect.UnprotectLaunchPlugin@59e7a6d8, net.neoforged.fml.common.asm.RuntimeDistCleaner@10cae98c]}
[11:55:01] [main/DEBUG] (cpw.mods.modlauncher.LaunchPluginHandler) Final flags state for net.minecraft.util.ZipCompressor is 0
[11:55:01] [main/DEBUG] (cpw.mods.modlauncher.LaunchPluginHandler) LauncherPluginService mixin offering transform net.minecraft.util.ZipCompressor
[11:55:01] [main/DEBUG] (cpw.mods.modlauncher.LaunchPluginHandler) LauncherPluginService unprotect offering transform net.minecraft.util.ZipCompressor
[11:55:01] [main/DEBUG] (cpw.mods.modlauncher.LaunchPluginHandler) LauncherPluginService unprotect transformed net.minecraft.util.ZipCompressor with class compute flags 2
[11:55:01] [main/DEBUG] (cpw.mods.modlauncher.LaunchPluginHandler) LauncherPluginService runtimedistcleaner offering transform net.minecraft.util.ZipCompressor
[11:55:01] [main/DEBUG] (cpw.mods.modlauncher.LaunchPluginHandler) Final flags state for net.minecraft.util.ZipCompressor is 2
[11:55:01] [main/DEBUG] (cpw.mods.modlauncher.LaunchPluginHandler) LaunchPluginService {AFTER=[org.spongepowered.asm.launch.MixinLaunchPlugin@1a5df070, net.neoforged.fml.common.asm.RuntimeDistCleaner@10cae98c]}
[11:55:01] [main/DEBUG] (cpw.mods.modlauncher.LaunchPluginHandler) Final flags state for java.io.Closeable is 0
[11:55:01] [main/DEBUG] (cpw.mods.modlauncher.LaunchPluginHandler) LauncherPluginService mixin offering transform java.io.Closeable
[11:55:01] [main/DEBUG] (cpw.mods.modlauncher.LaunchPluginHandler) LauncherPluginService runtimedistcleaner offering transform java.io.Closeable
[11:55:01] [main/DEBUG] (cpw.mods.modlauncher.LaunchPluginHandler) Final flags state for java.io.Closeable is 0
[11:55:01] [main/DEBUG] (cpw.mods.modlauncher.LaunchPluginHandler) LaunchPluginService {AFTER=[org.spongepowered.asm.launch.MixinLaunchPlugin@1a5df070, juuxel.unprotect.UnprotectLaunchPlugin@59e7a6d8, net.neoforged.fml.common.asm.RuntimeDistCleaner@10cae98c]}
[11:55:01] [main/DEBUG] (cpw.mods.modlauncher.LaunchPluginHandler) Final flags state for net.minecraft.text.MutableText is 0
[11:55:01] [main/DEBUG] (cpw.mods.modlauncher.LaunchPluginHandler) LauncherPluginService mixin offering transform net.minecraft.text.MutableText
[11:55:01] [main/DEBUG] (cpw.mods.modlauncher.LaunchPluginHandler) LauncherPluginService unprotect offering transform net.minecraft.text.MutableText
[11:55:01] [main/DEBUG] (cpw.mods.modlauncher.LaunchPluginHandler) LauncherPluginService unprotect transformed net.minecraft.text.MutableText with class compute flags 2
[11:55:01] [main/DEBUG] (cpw.mods.modlauncher.LaunchPluginHandler) LauncherPluginService runtimedistcleaner offering transform net.minecraft.text.MutableText
[11:55:01] [main/DEBUG] (cpw.mods.modlauncher.LaunchPluginHandler) Final flags state for net.minecraft.text.MutableText is 2
[11:55:01] [main/DEBUG] (cpw.mods.modlauncher.LaunchPluginHandler) LaunchPluginService {AFTER=[org.spongepowered.asm.launch.MixinLaunchPlugin@1a5df070, juuxel.unprotect.UnprotectLaunchPlugin@59e7a6d8, net.neoforged.fml.common.asm.RuntimeDistCleaner@10cae98c]}
[11:55:01] [main/DEBUG] (cpw.mods.modlauncher.LaunchPluginHandler) Final flags state for net.minecraft.text.Text is 0
[11:55:01] [main/DEBUG] (cpw.mods.modlauncher.LaunchPluginHandler) LauncherPluginService mixin offering transform net.minecraft.text.Text
[11:55:01] [main/DEBUG] (cpw.mods.modlauncher.LaunchPluginHandler) LauncherPluginService unprotect offering transform net.minecraft.text.Text
[11:55:01] [main/DEBUG] (cpw.mods.modlauncher.LaunchPluginHandler) LauncherPluginService runtimedistcleaner offering transform net.minecraft.text.Text
[11:55:01] [main/DEBUG] (cpw.mods.modlauncher.LaunchPluginHandler) Final flags state for net.minecraft.text.Text is 0
[11:55:01] [main/DEBUG] (cpw.mods.modlauncher.LaunchPluginHandler) LaunchPluginService {AFTER=[org.spongepowered.asm.launch.MixinLaunchPlugin@1a5df070, net.neoforged.fml.common.asm.RuntimeDistCleaner@10cae98c]}
[11:55:01] [main/DEBUG] (cpw.mods.modlauncher.LaunchPluginHandler) Final flags state for com.mojang.brigadier.Message is 0
[11:55:01] [main/DEBUG] (cpw.mods.modlauncher.LaunchPluginHandler) LauncherPluginService mixin offering transform com.mojang.brigadier.Message
[11:55:01] [main/DEBUG] (cpw.mods.modlauncher.LaunchPluginHandler) LauncherPluginService runtimedistcleaner offering transform com.mojang.brigadier.Message
[11:55:01] [main/DEBUG] (cpw.mods.modlauncher.LaunchPluginHandler) Final flags state for com.mojang.brigadier.Message is 0
[11:55:01] [main/DEBUG] (cpw.mods.modlauncher.LaunchPluginHandler) LaunchPluginService {AFTER=[org.spongepowered.asm.launch.MixinLaunchPlugin@1a5df070, juuxel.unprotect.UnprotectLaunchPlugin@59e7a6d8, net.neoforged.fml.common.asm.RuntimeDistCleaner@10cae98c]}
[11:55:01] [main/DEBUG] (cpw.mods.modlauncher.LaunchPluginHandler) Final flags state for net.minecraft.text.StringVisitable is 0
[11:55:01] [main/DEBUG] (cpw.mods.modlauncher.LaunchPluginHandler) LauncherPluginService mixin offering transform net.minecraft.text.StringVisitable
[11:55:01] [main/DEBUG] (cpw.mods.modlauncher.LaunchPluginHandler) LauncherPluginService unprotect offering transform net.minecraft.text.StringVisitable
[11:55:01] [main/DEBUG] (cpw.mods.modlauncher.LaunchPluginHandler) LauncherPluginService unprotect transformed net.minecraft.text.StringVisitable with class compute flags 2
[11:55:01] [main/DEBUG] (cpw.mods.modlauncher.LaunchPluginHandler) LauncherPluginService runtimedistcleaner offering transform net.minecraft.text.StringVisitable
[11:55:01] [main/DEBUG] (cpw.mods.modlauncher.LaunchPluginHandler) Final flags state for net.minecraft.text.StringVisitable is 2
[11:55:01] [main/DEBUG] (cpw.mods.modlauncher.LaunchPluginHandler) LaunchPluginService {AFTER=[org.spongepowered.asm.launch.MixinLaunchPlugin@1a5df070, juuxel.unprotect.UnprotectLaunchPlugin@59e7a6d8, net.neoforged.fml.common.asm.RuntimeDistCleaner@10cae98c]}
[11:55:01] [main/DEBUG] (cpw.mods.modlauncher.LaunchPluginHandler) Final flags state for net.minecraft.util.math.BlockPos is 0
[11:55:01] [main/DEBUG] (cpw.mods.modlauncher.LaunchPluginHandler) LauncherPluginService mixin offering transform net.minecraft.util.math.BlockPos
[11:55:01] [main/DEBUG] (cpw.mods.modlauncher.LaunchPluginHandler) LauncherPluginService unprotect offering transform net.minecraft.util.math.BlockPos
[11:55:01] [main/DEBUG] (cpw.mods.modlauncher.LaunchPluginHandler) LauncherPluginService unprotect transformed net.minecraft.util.math.BlockPos with class compute flags 2
[11:55:01] [main/DEBUG] (cpw.mods.modlauncher.LaunchPluginHandler) LauncherPluginService runtimedistcleaner offering transform net.minecraft.util.math.BlockPos
[11:55:01] [main/DEBUG] (cpw.mods.modlauncher.LaunchPluginHandler) Final flags state for net.minecraft.util.math.BlockPos is 2
[11:55:01] [main/DEBUG] (cpw.mods.modlauncher.LaunchPluginHandler) LaunchPluginService {AFTER=[org.spongepowered.asm.launch.MixinLaunchPlugin@1a5df070, juuxel.unprotect.UnprotectLaunchPlugin@59e7a6d8, net.neoforged.fml.common.asm.RuntimeDistCleaner@10cae98c]}
[11:55:01] [main/DEBUG] (cpw.mods.modlauncher.LaunchPluginHandler) Final flags state for net.minecraft.util.math.Vec3i is 0
[11:55:01] [main/DEBUG] (cpw.mods.modlauncher.LaunchPluginHandler) LauncherPluginService mixin offering transform net.minecraft.util.math.Vec3i
[11:55:01] [main/DEBUG] (cpw.mods.modlauncher.LaunchPluginHandler) LauncherPluginService unprotect offering transform net.minecraft.util.math.Vec3i
[11:55:01] [main/DEBUG] (cpw.mods.modlauncher.LaunchPluginHandler) LauncherPluginService unprotect transformed net.minecraft.util.math.Vec3i with class compute flags 2
[11:55:01] [main/DEBUG] (cpw.mods.modlauncher.LaunchPluginHandler) LauncherPluginService runtimedistcleaner offering transform net.minecraft.util.math.Vec3i
[11:55:01] [main/DEBUG] (cpw.mods.modlauncher.LaunchPluginHandler) Final flags state for net.minecraft.util.math.Vec3i is 2
[11:55:01] [main/DEBUG] (mixin) Preparing architectury-common.mixins.json (9)
[11:55:01] [main/DEBUG] (cpw.mods.modlauncher.LaunchPluginHandler) LaunchPluginService {AFTER=[net.neoforged.fml.common.asm.RuntimeDistCleaner@10cae98c]}
[11:55:01] [main/DEBUG] (cpw.mods.modlauncher.LaunchPluginHandler) Final flags state for dev.architectury.mixin.inject.MixinBlock is 0
[11:55:01] [main/DEBUG] (cpw.mods.modlauncher.LaunchPluginHandler) LauncherPluginService runtimedistcleaner offering transform dev.architectury.mixin.inject.MixinBlock
[11:55:01] [main/DEBUG] (cpw.mods.modlauncher.LaunchPluginHandler) Final flags state for dev.architectury.mixin.inject.MixinBlock is 0
[11:55:01] [main/DEBUG] (cpw.mods.modlauncher.LaunchPluginHandler) LaunchPluginService {AFTER=[net.neoforged.fml.common.asm.RuntimeDistCleaner@10cae98c]}
[11:55:01] [main/DEBUG] (cpw.mods.modlauncher.LaunchPluginHandler) Final flags state for dev.architectury.mixin.inject.MixinBucketItem is 0
[11:55:01] [main/DEBUG] (cpw.mods.modlauncher.LaunchPluginHandler) LauncherPluginService runtimedistcleaner offering transform dev.architectury.mixin.inject.MixinBucketItem
[11:55:01] [main/DEBUG] (cpw.mods.modlauncher.LaunchPluginHandler) Final flags state for dev.architectury.mixin.inject.MixinBucketItem is 0
[11:55:01] [main/DEBUG] (cpw.mods.modlauncher.LaunchPluginHandler) LaunchPluginService {AFTER=[net.neoforged.fml.common.asm.RuntimeDistCleaner@10cae98c]}
[11:55:01] [main/DEBUG] (cpw.mods.modlauncher.LaunchPluginHandler) Final flags state for dev.architectury.mixin.inject.MixinEntityType is 0
[11:55:01] [main/DEBUG] (cpw.mods.modlauncher.LaunchPluginHandler) LauncherPluginService runtimedistcleaner offering transform dev.architectury.mixin.inject.MixinEntityType
[11:55:01] [main/DEBUG] (cpw.mods.modlauncher.LaunchPluginHandler) Final flags state for dev.architectury.mixin.inject.MixinEntityType is 0
[11:55:01] [main/DEBUG] (cpw.mods.modlauncher.LaunchPluginHandler) LaunchPluginService {AFTER=[net.neoforged.fml.common.asm.RuntimeDistCleaner@10cae98c]}
[11:55:01] [main/DEBUG] (cpw.mods.modlauncher.LaunchPluginHandler) Final flags state for dev.architectury.mixin.inject.MixinFluid is 0
[11:55:01] [main/DEBUG] (cpw.mods.modlauncher.LaunchPluginHandler) LauncherPluginService runtimedistcleaner offering transform dev.architectury.mixin.inject.MixinFluid
[11:55:01] [main/DEBUG] (cpw.mods.modlauncher.LaunchPluginHandler) Final flags state for dev.architectury.mixin.inject.MixinFluid is 0
[11:55:01] [main/DEBUG] (cpw.mods.modlauncher.LaunchPluginHandler) LaunchPluginService {AFTER=[net.neoforged.fml.common.asm.RuntimeDistCleaner@10cae98c]}
[11:55:01] [main/DEBUG] (cpw.mods.modlauncher.LaunchPluginHandler) Final flags state for dev.architectury.mixin.inject.MixinFoodPropertiesBuilder is 0
[11:55:01] [main/DEBUG] (cpw.mods.modlauncher.LaunchPluginHandler) LauncherPluginService runtimedistcleaner offering transform dev.architectury.mixin.inject.MixinFoodPropertiesBuilder
[11:55:01] [main/DEBUG] (cpw.mods.modlauncher.LaunchPluginHandler) Final flags state for dev.architectury.mixin.inject.MixinFoodPropertiesBuilder is 0
[11:55:01] [main/DEBUG] (cpw.mods.modlauncher.LaunchPluginHandler) LaunchPluginService {AFTER=[net.neoforged.fml.common.asm.RuntimeDistCleaner@10cae98c]}
[11:55:01] [main/DEBUG] (cpw.mods.modlauncher.LaunchPluginHandler) Final flags state for dev.architectury.mixin.inject.MixinItem is 0
[11:55:01] [main/DEBUG] (cpw.mods.modlauncher.LaunchPluginHandler) LauncherPluginService runtimedistcleaner offering transform dev.architectury.mixin.inject.MixinItem
[11:55:01] [main/DEBUG] (cpw.mods.modlauncher.LaunchPluginHandler) Final flags state for dev.architectury.mixin.inject.MixinItem is 0
[11:55:01] [main/DEBUG] (cpw.mods.modlauncher.LaunchPluginHandler) LaunchPluginService {AFTER=[net.neoforged.fml.common.asm.RuntimeDistCleaner@10cae98c]}
[11:55:01] [main/DEBUG] (cpw.mods.modlauncher.LaunchPluginHandler) Final flags state for dev.architectury.mixin.inject.MixinItemProperties is 0
[11:55:01] [main/DEBUG] (cpw.mods.modlauncher.LaunchPluginHandler) LauncherPluginService runtimedistcleaner offering transform dev.architectury.mixin.inject.MixinItemProperties
[11:55:01] [main/DEBUG] (cpw.mods.modlauncher.LaunchPluginHandler) Final flags state for dev.architectury.mixin.inject.MixinItemProperties is 0
[11:55:01] [main/DEBUG] (cpw.mods.modlauncher.LaunchPluginHandler) LaunchPluginService {AFTER=[net.neoforged.fml.common.asm.RuntimeDistCleaner@10cae98c]}
[11:55:01] [main/DEBUG] (cpw.mods.modlauncher.LaunchPluginHandler) Final flags state for dev.architectury.mixin.inject.MixinLiquidBlock is 0
[11:55:01] [main/DEBUG] (cpw.mods.modlauncher.LaunchPluginHandler) LauncherPluginService runtimedistcleaner offering transform dev.architectury.mixin.inject.MixinLiquidBlock
[11:55:01] [main/DEBUG] (cpw.mods.modlauncher.LaunchPluginHandler) Final flags state for dev.architectury.mixin.inject.MixinLiquidBlock is 0
[11:55:01] [main/DEBUG] (cpw.mods.modlauncher.LaunchPluginHandler) LaunchPluginService {AFTER=[net.neoforged.fml.common.asm.RuntimeDistCleaner@10cae98c]}
[11:55:01] [main/DEBUG] (cpw.mods.modlauncher.LaunchPluginHandler) Final flags state for dev.architectury.mixin.MixinLightningBolt is 0
[11:55:01] [main/DEBUG] (cpw.mods.modlauncher.LaunchPluginHandler) LauncherPluginService runtimedistcleaner offering transform dev.architectury.mixin.MixinLightningBolt
[11:55:01] [main/DEBUG] (cpw.mods.modlauncher.LaunchPluginHandler) Final flags state for dev.architectury.mixin.MixinLightningBolt is 0
[11:55:01] [main/DEBUG] (cpw.mods.modlauncher.LaunchPluginHandler) LaunchPluginService {AFTER=[juuxel.unprotect.UnprotectLaunchPlugin@59e7a6d8, net.neoforged.fml.common.asm.RuntimeDistCleaner@10cae98c]}
[11:55:01] [main/DEBUG] (cpw.mods.modlauncher.LaunchPluginHandler) Final flags state for net.minecraft.block.Block is 0
[11:55:01] [main/DEBUG] (cpw.mods.modlauncher.LaunchPluginHandler) LauncherPluginService unprotect offering transform net.minecraft.block.Block
[11:55:01] [main/DEBUG] (cpw.mods.modlauncher.LaunchPluginHandler) LauncherPluginService unprotect transformed net.minecraft.block.Block with class compute flags 2
[11:55:01] [main/DEBUG] (cpw.mods.modlauncher.LaunchPluginHandler) LauncherPluginService runtimedistcleaner offering transform net.minecraft.block.Block
[11:55:01] [main/DEBUG] (cpw.mods.modlauncher.LaunchPluginHandler) Final flags state for net.minecraft.block.Block is 2
[11:55:01] [main/DEBUG] (cpw.mods.modlauncher.LaunchPluginHandler) LaunchPluginService {AFTER=[juuxel.unprotect.UnprotectLaunchPlugin@59e7a6d8, net.neoforged.fml.common.asm.RuntimeDistCleaner@10cae98c]}
[11:55:01] [main/DEBUG] (cpw.mods.modlauncher.LaunchPluginHandler) Final flags state for net.minecraft.entity.EntityType is 0
[11:55:01] [main/DEBUG] (cpw.mods.modlauncher.LaunchPluginHandler) LauncherPluginService unprotect offering transform net.minecraft.entity.EntityType
[11:55:01] [main/DEBUG] (cpw.mods.modlauncher.LaunchPluginHandler) LauncherPluginService unprotect transformed net.minecraft.entity.EntityType with class compute flags 2
[11:55:01] [main/DEBUG] (cpw.mods.modlauncher.LaunchPluginHandler) LauncherPluginService runtimedistcleaner offering transform net.minecraft.entity.EntityType
[11:55:01] [main/DEBUG] (cpw.mods.modlauncher.LaunchPluginHandler) Final flags state for net.minecraft.entity.EntityType is 2
[11:55:01] [main/DEBUG] (cpw.mods.modlauncher.LaunchPluginHandler) LaunchPluginService {AFTER=[juuxel.unprotect.UnprotectLaunchPlugin@59e7a6d8, net.neoforged.fml.common.asm.RuntimeDistCleaner@10cae98c]}
[11:55:01] [main/DEBUG] (cpw.mods.modlauncher.LaunchPluginHandler) Final flags state for net.minecraft.fluid.Fluid is 0
[11:55:01] [main/DEBUG] (cpw.mods.modlauncher.LaunchPluginHandler) LauncherPluginService unprotect offering transform net.minecraft.fluid.Fluid
[11:55:01] [main/DEBUG] (cpw.mods.modlauncher.LaunchPluginHandler) LauncherPluginService unprotect transformed net.minecraft.fluid.Fluid with class compute flags 2
[11:55:01] [main/DEBUG] (cpw.mods.modlauncher.LaunchPluginHandler) LauncherPluginService runtimedistcleaner offering transform net.minecraft.fluid.Fluid
[11:55:01] [main/DEBUG] (cpw.mods.modlauncher.LaunchPluginHandler) Final flags state for net.minecraft.fluid.Fluid is 2
[11:55:01] [main/DEBUG] (cpw.mods.modlauncher.LaunchPluginHandler) LaunchPluginService {AFTER=[juuxel.unprotect.UnprotectLaunchPlugin@59e7a6d8, net.neoforged.fml.common.asm.RuntimeDistCleaner@10cae98c]}
[11:55:01] [main/DEBUG] (cpw.mods.modlauncher.LaunchPluginHandler) Final flags state for net.minecraft.component.type.FoodComponent$Builder is 0
[11:55:01] [main/DEBUG] (cpw.mods.modlauncher.LaunchPluginHandler) LauncherPluginService unprotect offering transform net.minecraft.component.type.FoodComponent$Builder
[11:55:01] [main/DEBUG] (cpw.mods.modlauncher.LaunchPluginHandler) LauncherPluginService runtimedistcleaner offering transform net.minecraft.component.type.FoodComponent$Builder
[11:55:01] [main/DEBUG] (cpw.mods.modlauncher.LaunchPluginHandler) Final flags state for net.minecraft.component.type.FoodComponent$Builder is 0
[11:55:01] [main/DEBUG] (cpw.mods.modlauncher.LaunchPluginHandler) LaunchPluginService {AFTER=[juuxel.unprotect.UnprotectLaunchPlugin@59e7a6d8, net.neoforged.fml.common.asm.RuntimeDistCleaner@10cae98c]}
[11:55:01] [main/DEBUG] (cpw.mods.modlauncher.LaunchPluginHandler) Final flags state for net.minecraft.item.Item is 0
[11:55:01] [main/DEBUG] (cpw.mods.modlauncher.LaunchPluginHandler) LauncherPluginService unprotect offering transform net.minecraft.item.Item
[11:55:01] [main/DEBUG] (cpw.mods.modlauncher.LaunchPluginHandler) LauncherPluginService unprotect transformed net.minecraft.item.Item with class compute flags 2
[11:55:01] [main/DEBUG] (cpw.mods.modlauncher.LaunchPluginHandler) LauncherPluginService runtimedistcleaner offering transform net.minecraft.item.Item
[11:55:01] [main/DEBUG] (cpw.mods.modlauncher.LaunchPluginHandler) Final flags state for net.minecraft.item.Item is 2
[11:55:01] [main/DEBUG] (cpw.mods.modlauncher.LaunchPluginHandler) LaunchPluginService {AFTER=[juuxel.unprotect.UnprotectLaunchPlugin@59e7a6d8, net.neoforged.fml.common.asm.RuntimeDistCleaner@10cae98c]}
[11:55:01] [main/DEBUG] (cpw.mods.modlauncher.LaunchPluginHandler) Final flags state for net.minecraft.item.Item$Settings is 0
[11:55:01] [main/DEBUG] (cpw.mods.modlauncher.LaunchPluginHandler) LauncherPluginService unprotect offering transform net.minecraft.item.Item$Settings
[11:55:01] [main/DEBUG] (cpw.mods.modlauncher.LaunchPluginHandler) LauncherPluginService unprotect transformed net.minecraft.item.Item$Settings with class compute flags 2
[11:55:01] [main/DEBUG] (cpw.mods.modlauncher.LaunchPluginHandler) LauncherPluginService runtimedistcleaner offering transform net.minecraft.item.Item$Settings
[11:55:01] [main/DEBUG] (cpw.mods.modlauncher.LaunchPluginHandler) Final flags state for net.minecraft.item.Item$Settings is 2
[11:55:01] [main/DEBUG] (cpw.mods.modlauncher.LaunchPluginHandler) LaunchPluginService {AFTER=[juuxel.unprotect.UnprotectLaunchPlugin@59e7a6d8, net.neoforged.fml.common.asm.RuntimeDistCleaner@10cae98c]}
[11:55:01] [main/DEBUG] (cpw.mods.modlauncher.LaunchPluginHandler) Final flags state for net.minecraft.entity.LightningEntity is 0
[11:55:01] [main/DEBUG] (cpw.mods.modlauncher.LaunchPluginHandler) LauncherPluginService unprotect offering transform net.minecraft.entity.LightningEntity
[11:55:01] [main/DEBUG] (cpw.mods.modlauncher.LaunchPluginHandler) LauncherPluginService unprotect transformed net.minecraft.entity.LightningEntity with class compute flags 2
[11:55:01] [main/DEBUG] (cpw.mods.modlauncher.LaunchPluginHandler) LauncherPluginService runtimedistcleaner offering transform net.minecraft.entity.LightningEntity
[11:55:01] [main/DEBUG] (cpw.mods.modlauncher.LaunchPluginHandler) Final flags state for net.minecraft.entity.LightningEntity is 2
[11:55:01] [main/DEBUG] (mixin) Preparing disc_jockey.mixins.json (1)
[11:55:01] [main/DEBUG] (cpw.mods.modlauncher.LaunchPluginHandler) LaunchPluginService {AFTER=[net.neoforged.fml.common.asm.RuntimeDistCleaner@10cae98c]}
[11:55:01] [main/DEBUG] (cpw.mods.modlauncher.LaunchPluginHandler) Final flags state for semmiedev.disc_jockey.mixin.ClientWorldMixin is 0
[11:55:01] [main/DEBUG] (cpw.mods.modlauncher.LaunchPluginHandler) LauncherPluginService runtimedistcleaner offering transform semmiedev.disc_jockey.mixin.ClientWorldMixin
[11:55:01] [main/DEBUG] (cpw.mods.modlauncher.LaunchPluginHandler) Final flags state for semmiedev.disc_jockey.mixin.ClientWorldMixin is 0
[11:55:01] [main/DEBUG] (mixin) Preparing neoforge.mixins.json (2)
[11:55:01] [main/DEBUG] (cpw.mods.modlauncher.LaunchPluginHandler) LaunchPluginService {AFTER=[net.neoforged.fml.common.asm.RuntimeDistCleaner@10cae98c]}
[11:55:01] [main/DEBUG] (cpw.mods.modlauncher.LaunchPluginHandler) Final flags state for net.neoforged.neoforge.mixins.BlockEntityTypeAccessor is 0
[11:55:01] [main/DEBUG] (cpw.mods.modlauncher.LaunchPluginHandler) LauncherPluginService runtimedistcleaner offering transform net.neoforged.neoforge.mixins.BlockEntityTypeAccessor
[11:55:01] [main/DEBUG] (cpw.mods.modlauncher.LaunchPluginHandler) Final flags state for net.neoforged.neoforge.mixins.BlockEntityTypeAccessor is 0
[11:55:01] [main/DEBUG] (cpw.mods.modlauncher.LaunchPluginHandler) LaunchPluginService {AFTER=[net.neoforged.fml.common.asm.RuntimeDistCleaner@10cae98c]}
[11:55:01] [main/DEBUG] (cpw.mods.modlauncher.LaunchPluginHandler) Final flags state for net.neoforged.neoforge.mixins.MappedRegistryAccessor is 0
[11:55:01] [main/DEBUG] (cpw.mods.modlauncher.LaunchPluginHandler) LauncherPluginService runtimedistcleaner offering transform net.neoforged.neoforge.mixins.MappedRegistryAccessor
[11:55:01] [main/DEBUG] (cpw.mods.modlauncher.LaunchPluginHandler) Final flags state for net.neoforged.neoforge.mixins.MappedRegistryAccessor is 0
[11:55:01] [main/DEBUG] (cpw.mods.modlauncher.LaunchPluginHandler) LaunchPluginService {BEFORE=[net.neoforged.accesstransformer.ml.AccessTransformerService@5c1ecf52], AFTER=[juuxel.unprotect.UnprotectLaunchPlugin@59e7a6d8, net.neoforged.fml.common.asm.RuntimeDistCleaner@10cae98c]}
[11:55:01] [main/DEBUG] (cpw.mods.modlauncher.LaunchPluginHandler) LauncherPluginService accesstransformer offering transform net.minecraft.block.entity.BlockEntityType
[11:55:01] [main/DEBUG] (net.neoforged.accesstransformer.AccessTransformer) Transforming net.minecraft.block.entity.BlockEntityType INNERCLASS BlockEntityFactory to access PUBLIC and LEAVE
[11:55:01] [main/DEBUG] (cpw.mods.modlauncher.LaunchPluginHandler) LauncherPluginService accesstransformer transformed net.minecraft.block.entity.BlockEntityType with class compute flags 256
[11:55:01] [main/DEBUG] (cpw.mods.modlauncher.LaunchPluginHandler) Final flags state for net.minecraft.block.entity.BlockEntityType is 256
[11:55:01] [main/DEBUG] (cpw.mods.modlauncher.LaunchPluginHandler) LauncherPluginService unprotect offering transform net.minecraft.block.entity.BlockEntityType
[11:55:01] [main/DEBUG] (cpw.mods.modlauncher.LaunchPluginHandler) LauncherPluginService unprotect transformed net.minecraft.block.entity.BlockEntityType with class compute flags 2
[11:55:01] [main/DEBUG] (cpw.mods.modlauncher.LaunchPluginHandler) LauncherPluginService runtimedistcleaner offering transform net.minecraft.block.entity.BlockEntityType
[11:55:01] [main/DEBUG] (cpw.mods.modlauncher.LaunchPluginHandler) Final flags state for net.minecraft.block.entity.BlockEntityType is 2
[11:55:01] [main/DEBUG] (cpw.mods.modlauncher.LaunchPluginHandler) LaunchPluginService {AFTER=[juuxel.unprotect.UnprotectLaunchPlugin@59e7a6d8, net.neoforged.fml.common.asm.RuntimeDistCleaner@10cae98c]}
[11:55:01] [main/DEBUG] (cpw.mods.modlauncher.LaunchPluginHandler) Final flags state for net.minecraft.registry.SimpleRegistry is 0
[11:55:01] [main/DEBUG] (cpw.mods.modlauncher.LaunchPluginHandler) LauncherPluginService unprotect offering transform net.minecraft.registry.SimpleRegistry
[11:55:01] [main/DEBUG] (cpw.mods.modlauncher.LaunchPluginHandler) LauncherPluginService unprotect transformed net.minecraft.registry.SimpleRegistry with class compute flags 2
[11:55:01] [main/DEBUG] (cpw.mods.modlauncher.LaunchPluginHandler) LauncherPluginService runtimedistcleaner offering transform net.minecraft.registry.SimpleRegistry
[11:55:01] [main/DEBUG] (cpw.mods.modlauncher.LaunchPluginHandler) Final flags state for net.minecraft.registry.SimpleRegistry is 2
[11:55:01] [main/DEBUG] (cpw.mods.modlauncher.LaunchPluginHandler) LaunchPluginService {AFTER=[org.spongepowered.asm.launch.MixinLaunchPlugin@1a5df070, net.neoforged.fml.common.asm.RuntimeDistCleaner@10cae98c]}
[11:55:01] [main/DEBUG] (cpw.mods.modlauncher.LaunchPluginHandler) Final flags state for net.neoforged.neoforge.registries.BaseMappedRegistry is 0
[11:55:01] [main/DEBUG] (cpw.mods.modlauncher.LaunchPluginHandler) LauncherPluginService mixin offering transform net.neoforged.neoforge.registries.BaseMappedRegistry
[11:55:01] [main/DEBUG] (cpw.mods.modlauncher.LaunchPluginHandler) LauncherPluginService runtimedistcleaner offering transform net.neoforged.neoforge.registries.BaseMappedRegistry
[11:55:01] [main/DEBUG] (cpw.mods.modlauncher.LaunchPluginHandler) Final flags state for net.neoforged.neoforge.registries.BaseMappedRegistry is 0
[11:55:01] [main/DEBUG] (cpw.mods.modlauncher.LaunchPluginHandler) LaunchPluginService {AFTER=[org.spongepowered.asm.launch.MixinLaunchPlugin@1a5df070, juuxel.unprotect.UnprotectLaunchPlugin@59e7a6d8, net.neoforged.fml.common.asm.RuntimeDistCleaner@10cae98c]}
[11:55:01] [main/DEBUG] (cpw.mods.modlauncher.LaunchPluginHandler) Final flags state for net.minecraft.registry.Registry is 0
[11:55:01] [main/DEBUG] (cpw.mods.modlauncher.LaunchPluginHandler) LauncherPluginService mixin offering transform net.minecraft.registry.Registry
[11:55:01] [main/DEBUG] (cpw.mods.modlauncher.LaunchPluginHandler) LauncherPluginService unprotect offering transform net.minecraft.registry.Registry
[11:55:01] [main/DEBUG] (cpw.mods.modlauncher.LaunchPluginHandler) LauncherPluginService unprotect transformed net.minecraft.registry.Registry with class compute flags 2
[11:55:01] [main/DEBUG] (cpw.mods.modlauncher.LaunchPluginHandler) LauncherPluginService runtimedistcleaner offering transform net.minecraft.registry.Registry
[11:55:01] [main/DEBUG] (cpw.mods.modlauncher.LaunchPluginHandler) Final flags state for net.minecraft.registry.Registry is 2
[11:55:01] [main/DEBUG] (cpw.mods.modlauncher.LaunchPluginHandler) LaunchPluginService {AFTER=[org.spongepowered.asm.launch.MixinLaunchPlugin@1a5df070, net.neoforged.fml.common.asm.RuntimeDistCleaner@10cae98c]}
[11:55:01] [main/DEBUG] (cpw.mods.modlauncher.LaunchPluginHandler) Final flags state for com.mojang.serialization.Keyable is 0
[11:55:01] [main/DEBUG] (cpw.mods.modlauncher.LaunchPluginHandler) LauncherPluginService mixin offering transform com.mojang.serialization.Keyable
[11:55:01] [main/DEBUG] (cpw.mods.modlauncher.LaunchPluginHandler) LauncherPluginService runtimedistcleaner offering transform com.mojang.serialization.Keyable
[11:55:01] [main/DEBUG] (cpw.mods.modlauncher.LaunchPluginHandler) Final flags state for com.mojang.serialization.Keyable is 0
[11:55:01] [main/DEBUG] (cpw.mods.modlauncher.LaunchPluginHandler) LaunchPluginService {AFTER=[org.spongepowered.asm.launch.MixinLaunchPlugin@1a5df070, juuxel.unprotect.UnprotectLaunchPlugin@59e7a6d8, net.neoforged.fml.common.asm.RuntimeDistCleaner@10cae98c]}
[11:55:01] [main/DEBUG] (cpw.mods.modlauncher.LaunchPluginHandler) Final flags state for net.minecraft.util.collection.IndexedIterable is 0
[11:55:01] [main/DEBUG] (cpw.mods.modlauncher.LaunchPluginHandler) LauncherPluginService mixin offering transform net.minecraft.util.collection.IndexedIterable
[11:55:01] [main/DEBUG] (cpw.mods.modlauncher.LaunchPluginHandler) LauncherPluginService unprotect offering transform net.minecraft.util.collection.IndexedIterable
[11:55:01] [main/DEBUG] (cpw.mods.modlauncher.LaunchPluginHandler) LauncherPluginService runtimedistcleaner offering transform net.minecraft.util.collection.IndexedIterable
[11:55:01] [main/DEBUG] (cpw.mods.modlauncher.LaunchPluginHandler) Final flags state for net.minecraft.util.collection.IndexedIterable is 0
[11:55:01] [main/DEBUG] (cpw.mods.modlauncher.LaunchPluginHandler) LaunchPluginService {AFTER=[org.spongepowered.asm.launch.MixinLaunchPlugin@1a5df070, net.neoforged.fml.common.asm.RuntimeDistCleaner@10cae98c]}
[11:55:01] [main/DEBUG] (cpw.mods.modlauncher.LaunchPluginHandler) Final flags state for net.neoforged.neoforge.registries.IRegistryExtension is 0
[11:55:01] [main/DEBUG] (cpw.mods.modlauncher.LaunchPluginHandler) LauncherPluginService mixin offering transform net.neoforged.neoforge.registries.IRegistryExtension
[11:55:01] [main/DEBUG] (cpw.mods.modlauncher.LaunchPluginHandler) LauncherPluginService runtimedistcleaner offering transform net.neoforged.neoforge.registries.IRegistryExtension
[11:55:01] [main/DEBUG] (cpw.mods.modlauncher.LaunchPluginHandler) Final flags state for net.neoforged.neoforge.registries.IRegistryExtension is 0
[11:55:01] [main/DEBUG] (cpw.mods.modlauncher.LaunchPluginHandler) LaunchPluginService {AFTER=[org.spongepowered.asm.launch.MixinLaunchPlugin@1a5df070, juuxel.unprotect.UnprotectLaunchPlugin@59e7a6d8, net.neoforged.fml.common.asm.RuntimeDistCleaner@10cae98c]}
[11:55:01] [main/DEBUG] (cpw.mods.modlauncher.LaunchPluginHandler) Final flags state for net.minecraft.registry.MutableRegistry is 0
[11:55:01] [main/DEBUG] (cpw.mods.modlauncher.LaunchPluginHandler) LauncherPluginService mixin offering transform net.minecraft.registry.MutableRegistry
[11:55:01] [main/DEBUG] (cpw.mods.modlauncher.LaunchPluginHandler) LauncherPluginService unprotect offering transform net.minecraft.registry.MutableRegistry
[11:55:01] [main/DEBUG] (cpw.mods.modlauncher.LaunchPluginHandler) LauncherPluginService runtimedistcleaner offering transform net.minecraft.registry.MutableRegistry
[11:55:01] [main/DEBUG] (cpw.mods.modlauncher.LaunchPluginHandler) Final flags state for net.minecraft.registry.MutableRegistry is 0
[11:55:01] [main/DEBUG] (cpw.mods.modlauncher.LaunchPluginHandler) LaunchPluginService {AFTER=[org.spongepowered.asm.launch.MixinLaunchPlugin@1a5df070, juuxel.unprotect.UnprotectLaunchPlugin@59e7a6d8, net.neoforged.fml.common.asm.RuntimeDistCleaner@10cae98c]}
[11:55:01] [main/DEBUG] (cpw.mods.modlauncher.LaunchPluginHandler) Final flags state for net.minecraft.registry.entry.RegistryEntry is 0
[11:55:01] [main/DEBUG] (cpw.mods.modlauncher.LaunchPluginHandler) LauncherPluginService mixin offering transform net.minecraft.registry.entry.RegistryEntry
[11:55:01] [main/DEBUG] (cpw.mods.modlauncher.LaunchPluginHandler) LauncherPluginService unprotect offering transform net.minecraft.registry.entry.RegistryEntry
[11:55:01] [main/DEBUG] (cpw.mods.modlauncher.LaunchPluginHandler) LauncherPluginService unprotect transformed net.minecraft.registry.entry.RegistryEntry with class compute flags 2
[11:55:01] [main/DEBUG] (cpw.mods.modlauncher.LaunchPluginHandler) LauncherPluginService runtimedistcleaner offering transform net.minecraft.registry.entry.RegistryEntry
[11:55:01] [main/DEBUG] (cpw.mods.modlauncher.LaunchPluginHandler) Final flags state for net.minecraft.registry.entry.RegistryEntry is 2
[11:55:01] [main/DEBUG] (cpw.mods.modlauncher.LaunchPluginHandler) LaunchPluginService {AFTER=[org.spongepowered.asm.launch.MixinLaunchPlugin@1a5df070, net.neoforged.fml.common.asm.RuntimeDistCleaner@10cae98c]}
[11:55:01] [main/DEBUG] (cpw.mods.modlauncher.LaunchPluginHandler) Final flags state for net.neoforged.neoforge.common.extensions.IHolderExtension is 0
[11:55:01] [main/DEBUG] (cpw.mods.modlauncher.LaunchPluginHandler) LauncherPluginService mixin offering transform net.neoforged.neoforge.common.extensions.IHolderExtension
[11:55:01] [main/DEBUG] (cpw.mods.modlauncher.LaunchPluginHandler) LauncherPluginService runtimedistcleaner offering transform net.neoforged.neoforge.common.extensions.IHolderExtension
[11:55:01] [main/DEBUG] (cpw.mods.modlauncher.LaunchPluginHandler) Final flags state for net.neoforged.neoforge.common.extensions.IHolderExtension is 0
[11:55:01] [main/DEBUG] (cpw.mods.modlauncher.LaunchPluginHandler) LaunchPluginService {AFTER=[org.spongepowered.asm.launch.MixinLaunchPlugin@1a5df070, net.neoforged.fml.common.asm.RuntimeDistCleaner@10cae98c]}
[11:55:01] [main/DEBUG] (cpw.mods.modlauncher.LaunchPluginHandler) Final flags state for net.neoforged.neoforge.registries.datamaps.IWithData is 0
[11:55:01] [main/DEBUG] (cpw.mods.modlauncher.LaunchPluginHandler) LauncherPluginService mixin offering transform net.neoforged.neoforge.registries.datamaps.IWithData
[11:55:01] [main/DEBUG] (cpw.mods.modlauncher.LaunchPluginHandler) LauncherPluginService runtimedistcleaner offering transform net.neoforged.neoforge.registries.datamaps.IWithData
[11:55:01] [main/DEBUG] (cpw.mods.modlauncher.LaunchPluginHandler) Final flags state for net.neoforged.neoforge.registries.datamaps.IWithData is 0
[11:55:01] [main/DEBUG] (cpw.mods.modlauncher.LaunchPluginHandler) LaunchPluginService {AFTER=[org.spongepowered.asm.launch.MixinLaunchPlugin@1a5df070, juuxel.unprotect.UnprotectLaunchPlugin@59e7a6d8, net.neoforged.fml.common.asm.RuntimeDistCleaner@10cae98c]}
[11:55:01] [main/DEBUG] (cpw.mods.modlauncher.LaunchPluginHandler) Final flags state for net.minecraft.registry.entry.RegistryEntry$Reference is 0
[11:55:01] [main/DEBUG] (cpw.mods.modlauncher.LaunchPluginHandler) LauncherPluginService mixin offering transform net.minecraft.registry.entry.RegistryEntry$Reference
[11:55:01] [main/DEBUG] (cpw.mods.modlauncher.LaunchPluginHandler) LauncherPluginService unprotect offering transform net.minecraft.registry.entry.RegistryEntry$Reference
[11:55:01] [main/DEBUG] (cpw.mods.modlauncher.LaunchPluginHandler) LauncherPluginService unprotect transformed net.minecraft.registry.entry.RegistryEntry$Reference with class compute flags 2
[11:55:01] [main/DEBUG] (cpw.mods.modlauncher.LaunchPluginHandler) LauncherPluginService runtimedistcleaner offering transform net.minecraft.registry.entry.RegistryEntry$Reference
[11:55:01] [main/DEBUG] (cpw.mods.modlauncher.LaunchPluginHandler) Final flags state for net.minecraft.registry.entry.RegistryEntry$Reference is 2
[11:55:01] [main/DEBUG] (mixin) Preparing mixinextras.init.mixins.json (0)
[11:55:01] [main/DEBUG] (cpw.mods.modlauncher.LaunchPluginHandler) LaunchPluginService {AFTER=[net.neoforged.fml.common.asm.RuntimeDistCleaner@10cae98c]}
[11:55:01] [main/DEBUG] (cpw.mods.modlauncher.LaunchPluginHandler) Final flags state for dev.architectury.event.events.common.PlayerEvent$FillBucket is 0
[11:55:01] [main/DEBUG] (cpw.mods.modlauncher.LaunchPluginHandler) LauncherPluginService runtimedistcleaner offering transform dev.architectury.event.events.common.PlayerEvent$FillBucket
[11:55:01] [main/DEBUG] (cpw.mods.modlauncher.LaunchPluginHandler) Final flags state for dev.architectury.event.events.common.PlayerEvent$FillBucket is 0
[11:55:01] [main/DEBUG] (cpw.mods.modlauncher.LaunchPluginHandler) LaunchPluginService {AFTER=[net.neoforged.fml.common.asm.RuntimeDistCleaner@10cae98c]}
[11:55:01] [main/DEBUG] (cpw.mods.modlauncher.LaunchPluginHandler) Final flags state for net.neoforged.neoforge.event.level.ChunkDataEvent$Load is 0
[11:55:01] [main/DEBUG] (cpw.mods.modlauncher.LaunchPluginHandler) LauncherPluginService runtimedistcleaner offering transform net.neoforged.neoforge.event.level.ChunkDataEvent$Load
[11:55:01] [main/DEBUG] (cpw.mods.modlauncher.LaunchPluginHandler) Final flags state for net.neoforged.neoforge.event.level.ChunkDataEvent$Load is 0
[11:55:01] [main/DEBUG] (cpw.mods.modlauncher.LaunchPluginHandler) LaunchPluginService {AFTER=[net.neoforged.fml.common.asm.RuntimeDistCleaner@10cae98c]}
[11:55:01] [main/DEBUG] (cpw.mods.modlauncher.LaunchPluginHandler) Final flags state for dev.architectury.event.forge.EventHandlerImplCommon$LevelEventAttachment is 0
[11:55:01] [main/DEBUG] (cpw.mods.modlauncher.LaunchPluginHandler) LauncherPluginService runtimedistcleaner offering transform dev.architectury.event.forge.EventHandlerImplCommon$LevelEventAttachment
[11:55:01] [main/DEBUG] (cpw.mods.modlauncher.LaunchPluginHandler) Final flags state for dev.architectury.event.forge.EventHandlerImplCommon$LevelEventAttachment is 0
[11:55:01] [main/DEBUG] (cpw.mods.modlauncher.LaunchPluginHandler) LaunchPluginService {AFTER=[net.neoforged.fml.common.asm.RuntimeDistCleaner@10cae98c]}
[11:55:01] [main/DEBUG] (cpw.mods.modlauncher.LaunchPluginHandler) Final flags state for dev.architectury.event.events.common.BlockEvent$FallingLand is 0
[11:55:01] [main/DEBUG] (cpw.mods.modlauncher.LaunchPluginHandler) LauncherPluginService runtimedistcleaner offering transform dev.architectury.event.events.common.BlockEvent$FallingLand
[11:55:01] [main/DEBUG] (cpw.mods.modlauncher.LaunchPluginHandler) Final flags state for dev.architectury.event.events.common.BlockEvent$FallingLand is 0
[11:55:01] [main/DEBUG] (cpw.mods.modlauncher.LaunchPluginHandler) LaunchPluginService {BEFORE=[net.neoforged.accesstransformer.ml.AccessTransformerService@5c1ecf52], AFTER=[juuxel.unprotect.UnprotectLaunchPlugin@59e7a6d8, net.neoforged.fml.common.asm.RuntimeDistCleaner@10cae98c]}
[11:55:01] [main/DEBUG] (cpw.mods.modlauncher.LaunchPluginHandler) LauncherPluginService accesstransformer offering transform net.minecraft.entity.Entity
[11:55:01] [main/DEBUG] (net.neoforged.accesstransformer.AccessTransformer) Transforming net.minecraft.entity.Entity METHOD getSavedEntityId()Ljava/lang/String; to access PUBLIC and LEAVE
[11:55:01] [main/DEBUG] (cpw.mods.modlauncher.LaunchPluginHandler) LauncherPluginService accesstransformer transformed net.minecraft.entity.Entity with class compute flags 256
[11:55:01] [main/DEBUG] (cpw.mods.modlauncher.LaunchPluginHandler) Final flags state for net.minecraft.entity.Entity is 256
[11:55:01] [main/DEBUG] (cpw.mods.modlauncher.LaunchPluginHandler) LauncherPluginService unprotect offering transform net.minecraft.entity.Entity
[11:55:01] [main/DEBUG] (cpw.mods.modlauncher.LaunchPluginHandler) LauncherPluginService unprotect transformed net.minecraft.entity.Entity with class compute flags 2
[11:55:01] [main/DEBUG] (cpw.mods.modlauncher.LaunchPluginHandler) LauncherPluginService runtimedistcleaner offering transform net.minecraft.entity.Entity
[11:55:01] [main/DEBUG] (cpw.mods.modlauncher.LaunchPluginHandler) Final flags state for net.minecraft.entity.Entity is 2
[11:55:01] [main/DEBUG] (cpw.mods.modlauncher.LaunchPluginHandler) LaunchPluginService {AFTER=[org.spongepowered.asm.launch.MixinLaunchPlugin@1a5df070, juuxel.unprotect.UnprotectLaunchPlugin@59e7a6d8, net.neoforged.fml.common.asm.RuntimeDistCleaner@10cae98c]}
[11:55:01] [main/DEBUG] (cpw.mods.modlauncher.LaunchPluginHandler) Final flags state for net.minecraft.world.World is 0
[11:55:01] [main/DEBUG] (cpw.mods.modlauncher.LaunchPluginHandler) LauncherPluginService mixin offering transform net.minecraft.world.World
[11:55:01] [main/DEBUG] (cpw.mods.modlauncher.LaunchPluginHandler) LauncherPluginService unprotect offering transform net.minecraft.world.World
[11:55:01] [main/DEBUG] (cpw.mods.modlauncher.LaunchPluginHandler) LauncherPluginService unprotect transformed net.minecraft.world.World with class compute flags 2
[11:55:01] [main/DEBUG] (cpw.mods.modlauncher.LaunchPluginHandler) LauncherPluginService runtimedistcleaner offering transform net.minecraft.world.World
[11:55:01] [main/DEBUG] (cpw.mods.modlauncher.LaunchPluginHandler) Final flags state for net.minecraft.world.World is 2
[11:55:01] [main/DEBUG] (cpw.mods.modlauncher.LaunchPluginHandler) LaunchPluginService {AFTER=[org.spongepowered.asm.launch.MixinLaunchPlugin@1a5df070, juuxel.unprotect.UnprotectLaunchPlugin@59e7a6d8, net.neoforged.fml.common.asm.RuntimeDistCleaner@10cae98c]}
[11:55:01] [main/DEBUG] (cpw.mods.modlauncher.LaunchPluginHandler) Final flags state for net.minecraft.world.WorldAccess is 0
[11:55:01] [main/DEBUG] (cpw.mods.modlauncher.LaunchPluginHandler) LauncherPluginService mixin offering transform net.minecraft.world.WorldAccess
[11:55:01] [main/DEBUG] (cpw.mods.modlauncher.LaunchPluginHandler) LauncherPluginService unprotect offering transform net.minecraft.world.WorldAccess
[11:55:01] [main/DEBUG] (cpw.mods.modlauncher.LaunchPluginHandler) LauncherPluginService runtimedistcleaner offering transform net.minecraft.world.WorldAccess
[11:55:01] [main/DEBUG] (cpw.mods.modlauncher.LaunchPluginHandler) Final flags state for net.minecraft.world.WorldAccess is 0
[11:55:01] [main/DEBUG] (cpw.mods.modlauncher.LaunchPluginHandler) LaunchPluginService {AFTER=[org.spongepowered.asm.launch.MixinLaunchPlugin@1a5df070, juuxel.unprotect.UnprotectLaunchPlugin@59e7a6d8, net.neoforged.fml.common.asm.RuntimeDistCleaner@10cae98c]}
[11:55:01] [main/DEBUG] (cpw.mods.modlauncher.LaunchPluginHandler) Final flags state for net.minecraft.world.RegistryWorldView is 0
[11:55:01] [main/DEBUG] (cpw.mods.modlauncher.LaunchPluginHandler) LauncherPluginService mixin offering transform net.minecraft.world.RegistryWorldView
[11:55:01] [main/DEBUG] (cpw.mods.modlauncher.LaunchPluginHandler) LauncherPluginService unprotect offering transform net.minecraft.world.RegistryWorldView
[11:55:01] [main/DEBUG] (cpw.mods.modlauncher.LaunchPluginHandler) LauncherPluginService runtimedistcleaner offering transform net.minecraft.world.RegistryWorldView
[11:55:01] [main/DEBUG] (cpw.mods.modlauncher.LaunchPluginHandler) Final flags state for net.minecraft.world.RegistryWorldView is 0
[11:55:01] [main/DEBUG] (cpw.mods.modlauncher.LaunchPluginHandler) LaunchPluginService {AFTER=[org.spongepowered.asm.launch.MixinLaunchPlugin@1a5df070, juuxel.unprotect.UnprotectLaunchPlugin@59e7a6d8, net.neoforged.fml.common.asm.RuntimeDistCleaner@10cae98c]}
[11:55:01] [main/DEBUG] (cpw.mods.modlauncher.LaunchPluginHandler) Final flags state for net.minecraft.world.EntityView is 0
[11:55:01] [main/DEBUG] (cpw.mods.modlauncher.LaunchPluginHandler) LauncherPluginService mixin offering transform net.minecraft.world.EntityView
[11:55:01] [main/DEBUG] (cpw.mods.modlauncher.LaunchPluginHandler) LauncherPluginService unprotect offering transform net.minecraft.world.EntityView
[11:55:01] [main/DEBUG] (cpw.mods.modlauncher.LaunchPluginHandler) LauncherPluginService runtimedistcleaner offering transform net.minecraft.world.EntityView
[11:55:01] [main/DEBUG] (cpw.mods.modlauncher.LaunchPluginHandler) Final flags state for net.minecraft.world.EntityView is 0
[11:55:01] [main/DEBUG] (cpw.mods.modlauncher.LaunchPluginHandler) LaunchPluginService {AFTER=[org.spongepowered.asm.launch.MixinLaunchPlugin@1a5df070, juuxel.unprotect.UnprotectLaunchPlugin@59e7a6d8, net.neoforged.fml.common.asm.RuntimeDistCleaner@10cae98c]}
[11:55:01] [main/DEBUG] (cpw.mods.modlauncher.LaunchPluginHandler) Final flags state for net.minecraft.world.WorldView is 0
[11:55:01] [main/DEBUG] (cpw.mods.modlauncher.LaunchPluginHandler) LauncherPluginService mixin offering transform net.minecraft.world.WorldView
[11:55:01] [main/DEBUG] (cpw.mods.modlauncher.LaunchPluginHandler) LauncherPluginService unprotect offering transform net.minecraft.world.WorldView
[11:55:01] [main/DEBUG] (cpw.mods.modlauncher.LaunchPluginHandler) LauncherPluginService runtimedistcleaner offering transform net.minecraft.world.WorldView
[11:55:01] [main/DEBUG] (cpw.mods.modlauncher.LaunchPluginHandler) Final flags state for net.minecraft.world.WorldView is 0
[11:55:01] [main/DEBUG] (cpw.mods.modlauncher.LaunchPluginHandler) LaunchPluginService {AFTER=[org.spongepowered.asm.launch.MixinLaunchPlugin@1a5df070, juuxel.unprotect.UnprotectLaunchPlugin@59e7a6d8, net.neoforged.fml.common.asm.RuntimeDistCleaner@10cae98c]}
[11:55:01] [main/DEBUG] (cpw.mods.modlauncher.LaunchPluginHandler) Final flags state for net.minecraft.world.BlockRenderView is 0
[11:55:01] [main/DEBUG] (cpw.mods.modlauncher.LaunchPluginHandler) LauncherPluginService mixin offering transform net.minecraft.world.BlockRenderView
[11:55:01] [main/DEBUG] (cpw.mods.modlauncher.LaunchPluginHandler) LauncherPluginService unprotect offering transform net.minecraft.world.BlockRenderView
[11:55:01] [main/DEBUG] (cpw.mods.modlauncher.LaunchPluginHandler) LauncherPluginService runtimedistcleaner offering transform net.minecraft.world.BlockRenderView
[11:55:01] [main/DEBUG] (cpw.mods.modlauncher.LaunchPluginHandler) Final flags state for net.minecraft.world.BlockRenderView is 0
[11:55:01] [main/DEBUG] (cpw.mods.modlauncher.LaunchPluginHandler) LaunchPluginService {AFTER=[org.spongepowered.asm.launch.MixinLaunchPlugin@1a5df070, net.neoforged.fml.common.asm.RuntimeDistCleaner@10cae98c]}
[11:55:01] [main/DEBUG] (cpw.mods.modlauncher.LaunchPluginHandler) Final flags state for net.neoforged.neoforge.common.extensions.IBlockAndTintGetterExtension is 0
[11:55:01] [main/DEBUG] (cpw.mods.modlauncher.LaunchPluginHandler) LauncherPluginService mixin offering transform net.neoforged.neoforge.common.extensions.IBlockAndTintGetterExtension
[11:55:01] [main/DEBUG] (cpw.mods.modlauncher.LaunchPluginHandler) LauncherPluginService runtimedistcleaner offering transform net.neoforged.neoforge.common.extensions.IBlockAndTintGetterExtension
[11:55:01] [main/DEBUG] (cpw.mods.modlauncher.LaunchPluginHandler) Final flags state for net.neoforged.neoforge.common.extensions.IBlockAndTintGetterExtension is 0
[11:55:01] [main/DEBUG] (cpw.mods.modlauncher.LaunchPluginHandler) LaunchPluginService {AFTER=[org.spongepowered.asm.launch.MixinLaunchPlugin@1a5df070, juuxel.unprotect.UnprotectLaunchPlugin@59e7a6d8, net.neoforged.fml.common.asm.RuntimeDistCleaner@10cae98c]}
[11:55:01] [main/DEBUG] (cpw.mods.modlauncher.LaunchPluginHandler) Final flags state for net.minecraft.world.CollisionView is 0
[11:55:01] [main/DEBUG] (cpw.mods.modlauncher.LaunchPluginHandler) LauncherPluginService mixin offering transform net.minecraft.world.CollisionView
[11:55:01] [main/DEBUG] (cpw.mods.modlauncher.LaunchPluginHandler) LauncherPluginService unprotect offering transform net.minecraft.world.CollisionView
[11:55:01] [main/DEBUG] (cpw.mods.modlauncher.LaunchPluginHandler) LauncherPluginService runtimedistcleaner offering transform net.minecraft.world.CollisionView
[11:55:01] [main/DEBUG] (cpw.mods.modlauncher.LaunchPluginHandler) Final flags state for net.minecraft.world.CollisionView is 0
[11:55:01] [main/DEBUG] (cpw.mods.modlauncher.LaunchPluginHandler) LaunchPluginService {AFTER=[org.spongepowered.asm.launch.MixinLaunchPlugin@1a5df070, juuxel.unprotect.UnprotectLaunchPlugin@59e7a6d8, net.neoforged.fml.common.asm.RuntimeDistCleaner@10cae98c]}
[11:55:01] [main/DEBUG] (cpw.mods.modlauncher.LaunchPluginHandler) Final flags state for net.minecraft.world.RedstoneView is 0
[11:55:01] [main/DEBUG] (cpw.mods.modlauncher.LaunchPluginHandler) LauncherPluginService mixin offering transform net.minecraft.world.RedstoneView
[11:55:01] [main/DEBUG] (cpw.mods.modlauncher.LaunchPluginHandler) LauncherPluginService unprotect offering transform net.minecraft.world.RedstoneView
[11:55:01] [main/DEBUG] (cpw.mods.modlauncher.LaunchPluginHandler) LauncherPluginService unprotect transformed net.minecraft.world.RedstoneView with class compute flags 2
[11:55:01] [main/DEBUG] (cpw.mods.modlauncher.LaunchPluginHandler) LauncherPluginService runtimedistcleaner offering transform net.minecraft.world.RedstoneView
[11:55:01] [main/DEBUG] (cpw.mods.modlauncher.LaunchPluginHandler) Final flags state for net.minecraft.world.RedstoneView is 2
[11:55:01] [main/DEBUG] (cpw.mods.modlauncher.LaunchPluginHandler) LaunchPluginService {AFTER=[org.spongepowered.asm.launch.MixinLaunchPlugin@1a5df070, net.neoforged.fml.common.asm.RuntimeDistCleaner@10cae98c]}
[11:55:01] [main/DEBUG] (cpw.mods.modlauncher.LaunchPluginHandler) Final flags state for net.neoforged.neoforge.common.extensions.ILevelReaderExtension is 0
[11:55:01] [main/DEBUG] (cpw.mods.modlauncher.LaunchPluginHandler) LauncherPluginService mixin offering transform net.neoforged.neoforge.common.extensions.ILevelReaderExtension
[11:55:01] [main/DEBUG] (cpw.mods.modlauncher.LaunchPluginHandler) LauncherPluginService runtimedistcleaner offering transform net.neoforged.neoforge.common.extensions.ILevelReaderExtension
[11:55:01] [main/DEBUG] (cpw.mods.modlauncher.LaunchPluginHandler) Final flags state for net.neoforged.neoforge.common.extensions.ILevelReaderExtension is 0
[11:55:01] [main/DEBUG] (cpw.mods.modlauncher.LaunchPluginHandler) LaunchPluginService {AFTER=[org.spongepowered.asm.launch.MixinLaunchPlugin@1a5df070, juuxel.unprotect.UnprotectLaunchPlugin@59e7a6d8, net.neoforged.fml.common.asm.RuntimeDistCleaner@10cae98c]}
[11:55:01] [main/DEBUG] (cpw.mods.modlauncher.LaunchPluginHandler) Final flags state for net.minecraft.world.ModifiableTestableWorld is 0
[11:55:01] [main/DEBUG] (cpw.mods.modlauncher.LaunchPluginHandler) LauncherPluginService mixin offering transform net.minecraft.world.ModifiableTestableWorld
[11:55:01] [main/DEBUG] (cpw.mods.modlauncher.LaunchPluginHandler) LauncherPluginService unprotect offering transform net.minecraft.world.ModifiableTestableWorld
[11:55:01] [main/DEBUG] (cpw.mods.modlauncher.LaunchPluginHandler) LauncherPluginService runtimedistcleaner offering transform net.minecraft.world.ModifiableTestableWorld
[11:55:01] [main/DEBUG] (cpw.mods.modlauncher.LaunchPluginHandler) Final flags state for net.minecraft.world.ModifiableTestableWorld is 0
[11:55:01] [main/DEBUG] (cpw.mods.modlauncher.LaunchPluginHandler) LaunchPluginService {AFTER=[org.spongepowered.asm.launch.MixinLaunchPlugin@1a5df070, juuxel.unprotect.UnprotectLaunchPlugin@59e7a6d8, net.neoforged.fml.common.asm.RuntimeDistCleaner@10cae98c]}
[11:55:01] [main/DEBUG] (cpw.mods.modlauncher.LaunchPluginHandler) Final flags state for net.minecraft.world.TestableWorld is 0
[11:55:01] [main/DEBUG] (cpw.mods.modlauncher.LaunchPluginHandler) LauncherPluginService mixin offering transform net.minecraft.world.TestableWorld
[11:55:01] [main/DEBUG] (cpw.mods.modlauncher.LaunchPluginHandler) LauncherPluginService unprotect offering transform net.minecraft.world.TestableWorld
[11:55:01] [main/DEBUG] (cpw.mods.modlauncher.LaunchPluginHandler) LauncherPluginService runtimedistcleaner offering transform net.minecraft.world.TestableWorld
[11:55:01] [main/DEBUG] (cpw.mods.modlauncher.LaunchPluginHandler) Final flags state for net.minecraft.world.TestableWorld is 0
[11:55:01] [main/DEBUG] (cpw.mods.modlauncher.LaunchPluginHandler) LaunchPluginService {AFTER=[org.spongepowered.asm.launch.MixinLaunchPlugin@1a5df070, juuxel.unprotect.UnprotectLaunchPlugin@59e7a6d8, net.neoforged.fml.common.asm.RuntimeDistCleaner@10cae98c]}
[11:55:01] [main/DEBUG] (cpw.mods.modlauncher.LaunchPluginHandler) Final flags state for net.minecraft.world.ModifiableWorld is 0
[11:55:01] [main/DEBUG] (cpw.mods.modlauncher.LaunchPluginHandler) LauncherPluginService mixin offering transform net.minecraft.world.ModifiableWorld
[11:55:01] [main/DEBUG] (cpw.mods.modlauncher.LaunchPluginHandler) LauncherPluginService unprotect offering transform net.minecraft.world.ModifiableWorld
[11:55:01] [main/DEBUG] (cpw.mods.modlauncher.LaunchPluginHandler) LauncherPluginService runtimedistcleaner offering transform net.minecraft.world.ModifiableWorld
[11:55:01] [main/DEBUG] (cpw.mods.modlauncher.LaunchPluginHandler) Final flags state for net.minecraft.world.ModifiableWorld is 0
[11:55:01] [main/DEBUG] (cpw.mods.modlauncher.LaunchPluginHandler) LaunchPluginService {AFTER=[org.spongepowered.asm.launch.MixinLaunchPlugin@1a5df070, juuxel.unprotect.UnprotectLaunchPlugin@59e7a6d8, net.neoforged.fml.common.asm.RuntimeDistCleaner@10cae98c]}
[11:55:01] [main/DEBUG] (cpw.mods.modlauncher.LaunchPluginHandler) Final flags state for net.minecraft.world.LunarWorldView is 0
[11:55:01] [main/DEBUG] (cpw.mods.modlauncher.LaunchPluginHandler) LauncherPluginService mixin offering transform net.minecraft.world.LunarWorldView
[11:55:01] [main/DEBUG] (cpw.mods.modlauncher.LaunchPluginHandler) LauncherPluginService unprotect offering transform net.minecraft.world.LunarWorldView
[11:55:01] [main/DEBUG] (cpw.mods.modlauncher.LaunchPluginHandler) LauncherPluginService runtimedistcleaner offering transform net.minecraft.world.LunarWorldView
[11:55:01] [main/DEBUG] (cpw.mods.modlauncher.LaunchPluginHandler) Final flags state for net.minecraft.world.LunarWorldView is 0
[11:55:01] [main/DEBUG] (cpw.mods.modlauncher.LaunchPluginHandler) LaunchPluginService {AFTER=[org.spongepowered.asm.launch.MixinLaunchPlugin@1a5df070, net.neoforged.fml.common.asm.RuntimeDistCleaner@10cae98c]}
[11:55:01] [main/DEBUG] (cpw.mods.modlauncher.LaunchPluginHandler) Final flags state for net.neoforged.neoforge.common.extensions.ILevelExtension is 0
[11:55:01] [main/DEBUG] (cpw.mods.modlauncher.LaunchPluginHandler) LauncherPluginService mixin offering transform net.neoforged.neoforge.common.extensions.ILevelExtension
[11:55:01] [main/DEBUG] (cpw.mods.modlauncher.LaunchPluginHandler) LauncherPluginService runtimedistcleaner offering transform net.neoforged.neoforge.common.extensions.ILevelExtension
[11:55:01] [main/DEBUG] (cpw.mods.modlauncher.LaunchPluginHandler) Final flags state for net.neoforged.neoforge.common.extensions.ILevelExtension is 0
[11:55:01] [main/DEBUG] (cpw.mods.modlauncher.LaunchPluginHandler) LaunchPluginService {AFTER=[org.spongepowered.asm.launch.MixinLaunchPlugin@1a5df070, juuxel.unprotect.UnprotectLaunchPlugin@59e7a6d8, net.neoforged.fml.common.asm.RuntimeDistCleaner@10cae98c]}
[11:55:01] [main/DEBUG] (cpw.mods.modlauncher.LaunchPluginHandler) Final flags state for net.minecraft.world.TeleportTarget is 0
[11:55:01] [main/DEBUG] (cpw.mods.modlauncher.LaunchPluginHandler) LauncherPluginService mixin offering transform net.minecraft.world.TeleportTarget
[11:55:01] [main/DEBUG] (cpw.mods.modlauncher.LaunchPluginHandler) LauncherPluginService unprotect offering transform net.minecraft.world.TeleportTarget
[11:55:01] [main/DEBUG] (cpw.mods.modlauncher.LaunchPluginHandler) LauncherPluginService unprotect transformed net.minecraft.world.TeleportTarget with class compute flags 2
[11:55:01] [main/DEBUG] (cpw.mods.modlauncher.LaunchPluginHandler) LauncherPluginService runtimedistcleaner offering transform net.minecraft.world.TeleportTarget
[11:55:01] [main/DEBUG] (cpw.mods.modlauncher.LaunchPluginHandler) Final flags state for net.minecraft.world.TeleportTarget is 2
[11:55:01] [main/DEBUG] (cpw.mods.modlauncher.LaunchPluginHandler) LaunchPluginService {AFTER=[org.spongepowered.asm.launch.MixinLaunchPlugin@1a5df070, net.neoforged.fml.common.asm.RuntimeDistCleaner@10cae98c]}
[11:55:01] [main/DEBUG] (cpw.mods.modlauncher.LaunchPluginHandler) Final flags state for java.lang.Record is 0
[11:55:01] [main/DEBUG] (cpw.mods.modlauncher.LaunchPluginHandler) LauncherPluginService mixin offering transform java.lang.Record
[11:55:01] [main/DEBUG] (cpw.mods.modlauncher.LaunchPluginHandler) LauncherPluginService runtimedistcleaner offering transform java.lang.Record
[11:55:01] [main/DEBUG] (cpw.mods.modlauncher.LaunchPluginHandler) Final flags state for java.lang.Record is 0
[11:55:01] [main/DEBUG] (cpw.mods.modlauncher.LaunchPluginHandler) LaunchPluginService {AFTER=[net.neoforged.fml.common.asm.RuntimeDistCleaner@10cae98c]}
[11:55:01] [main/DEBUG] (cpw.mods.modlauncher.LaunchPluginHandler) Final flags state for dev.architectury.event.events.client.ClientCommandRegistrationEvent$ClientCommandSourceStack is 0
[11:55:01] [main/DEBUG] (cpw.mods.modlauncher.LaunchPluginHandler) LauncherPluginService runtimedistcleaner offering transform dev.architectury.event.events.client.ClientCommandRegistrationEvent$ClientCommandSourceStack
[11:55:01] [main/DEBUG] (cpw.mods.modlauncher.LaunchPluginHandler) Final flags state for dev.architectury.event.events.client.ClientCommandRegistrationEvent$ClientCommandSourceStack is 0
[11:55:01] [main/DEBUG] (cpw.mods.modlauncher.LaunchPluginHandler) LaunchPluginService {AFTER=[net.neoforged.fml.common.asm.RuntimeDistCleaner@10cae98c]}
[11:55:01] [main/DEBUG] (cpw.mods.modlauncher.LaunchPluginHandler) Final flags state for dev.architectury.event.events.client.ClientTickEvent$ClientLevel is 0
[11:55:01] [main/DEBUG] (cpw.mods.modlauncher.LaunchPluginHandler) LauncherPluginService runtimedistcleaner offering transform dev.architectury.event.events.client.ClientTickEvent$ClientLevel
[11:55:01] [main/DEBUG] (net.neoforged.fml.common.asm.RuntimeDistCleaner) Removing Class Annotation: dev/architectury/event/events/client/ClientTickEvent$ClientLevel @Lnet/neoforged/api/distmarker/OnlyIn;
[11:55:01] [main/DEBUG] (cpw.mods.modlauncher.LaunchPluginHandler) LauncherPluginService runtimedistcleaner transformed dev.architectury.event.events.client.ClientTickEvent$ClientLevel with class compute flags 256
[11:55:01] [main/DEBUG] (cpw.mods.modlauncher.LaunchPluginHandler) Final flags state for dev.architectury.event.events.client.ClientTickEvent$ClientLevel is 256
[11:55:01] [main/DEBUG] (cpw.mods.modlauncher.LaunchPluginHandler) LaunchPluginService {AFTER=[juuxel.unprotect.UnprotectLaunchPlugin@59e7a6d8, net.neoforged.fml.common.asm.RuntimeDistCleaner@10cae98c]}
[11:55:01] [main/DEBUG] (cpw.mods.modlauncher.LaunchPluginHandler) Final flags state for net.minecraft.world.World is 0
[11:55:01] [main/DEBUG] (cpw.mods.modlauncher.LaunchPluginHandler) LauncherPluginService unprotect offering transform net.minecraft.world.World
[11:55:01] [main/DEBUG] (cpw.mods.modlauncher.LaunchPluginHandler) LauncherPluginService unprotect transformed net.minecraft.world.World with class compute flags 2
[11:55:01] [main/DEBUG] (cpw.mods.modlauncher.LaunchPluginHandler) LauncherPluginService runtimedistcleaner offering transform net.minecraft.world.World
[11:55:01] [main/DEBUG] (cpw.mods.modlauncher.LaunchPluginHandler) Final flags state for net.minecraft.world.World is 2
[11:55:01] [main/DEBUG] (cpw.mods.modlauncher.LaunchPluginHandler) LaunchPluginService {AFTER=[net.neoforged.fml.common.asm.RuntimeDistCleaner@10cae98c]}
[11:55:01] [main/DEBUG] (cpw.mods.modlauncher.LaunchPluginHandler) Final flags state for dev.architectury.event.events.client.ClientLifecycleEvent$ClientState is 0
[11:55:01] [main/DEBUG] (cpw.mods.modlauncher.LaunchPluginHandler) LauncherPluginService runtimedistcleaner offering transform dev.architectury.event.events.client.ClientLifecycleEvent$ClientState
[11:55:01] [main/DEBUG] (net.neoforged.fml.common.asm.RuntimeDistCleaner) Removing Class Annotation: dev/architectury/event/events/client/ClientLifecycleEvent$ClientState @Lnet/neoforged/api/distmarker/OnlyIn;
[11:55:01] [main/DEBUG] (cpw.mods.modlauncher.LaunchPluginHandler) LauncherPluginService runtimedistcleaner transformed dev.architectury.event.events.client.ClientLifecycleEvent$ClientState with class compute flags 256
[11:55:01] [main/DEBUG] (cpw.mods.modlauncher.LaunchPluginHandler) Final flags state for dev.architectury.event.events.client.ClientLifecycleEvent$ClientState is 256
[11:55:01] [main/DEBUG] (cpw.mods.modlauncher.LaunchPluginHandler) LaunchPluginService {AFTER=[net.neoforged.fml.common.asm.RuntimeDistCleaner@10cae98c]}
[11:55:01] [main/DEBUG] (cpw.mods.modlauncher.LaunchPluginHandler) Final flags state for org.spongepowered.asm.mixin.injection.At$Shift is 0
[11:55:01] [main/DEBUG] (cpw.mods.modlauncher.LaunchPluginHandler) LauncherPluginService runtimedistcleaner offering transform org.spongepowered.asm.mixin.injection.At$Shift
[11:55:01] [main/DEBUG] (cpw.mods.modlauncher.LaunchPluginHandler) Final flags state for org.spongepowered.asm.mixin.injection.At$Shift is 0
[11:55:01] [main/DEBUG] (cpw.mods.modlauncher.LaunchPluginHandler) LaunchPluginService {AFTER=[net.neoforged.fml.common.asm.RuntimeDistCleaner@10cae98c]}
[11:55:01] [main/DEBUG] (cpw.mods.modlauncher.LaunchPluginHandler) Final flags state for dev.architectury.event.events.common.LightningEvent$Strike is 0
[11:55:01] [main/DEBUG] (cpw.mods.modlauncher.LaunchPluginHandler) LauncherPluginService runtimedistcleaner offering transform dev.architectury.event.events.common.LightningEvent$Strike
[11:55:01] [main/DEBUG] (cpw.mods.modlauncher.LaunchPluginHandler) Final flags state for dev.architectury.event.events.common.LightningEvent$Strike is 0
[11:55:01] [main/DEBUG] (cpw.mods.modlauncher.LaunchPluginHandler) LaunchPluginService {AFTER=[juuxel.unprotect.UnprotectLaunchPlugin@59e7a6d8, net.neoforged.fml.common.asm.RuntimeDistCleaner@10cae98c]}
[11:55:01] [main/DEBUG] (cpw.mods.modlauncher.LaunchPluginHandler) Final flags state for net.minecraft.client.sound.SoundInstance$AttenuationType is 0
[11:55:01] [main/DEBUG] (cpw.mods.modlauncher.LaunchPluginHandler) LauncherPluginService unprotect offering transform net.minecraft.client.sound.SoundInstance$AttenuationType
[11:55:01] [main/DEBUG] (cpw.mods.modlauncher.LaunchPluginHandler) LauncherPluginService unprotect transformed net.minecraft.client.sound.SoundInstance$AttenuationType with class compute flags 2
[11:55:01] [main/DEBUG] (cpw.mods.modlauncher.LaunchPluginHandler) LauncherPluginService runtimedistcleaner offering transform net.minecraft.client.sound.SoundInstance$AttenuationType
[11:55:01] [main/DEBUG] (net.neoforged.fml.common.asm.RuntimeDistCleaner) Removing Class Annotation: net/minecraft/client/sound/SoundInstance$AttenuationType @Lnet/neoforged/api/distmarker/OnlyIn;
[11:55:01] [main/DEBUG] (cpw.mods.modlauncher.LaunchPluginHandler) LauncherPluginService runtimedistcleaner transformed net.minecraft.client.sound.SoundInstance$AttenuationType with class compute flags 256
[11:55:01] [main/DEBUG] (cpw.mods.modlauncher.LaunchPluginHandler) Final flags state for net.minecraft.client.sound.SoundInstance$AttenuationType is 258
[11:55:01] [main/DEBUG] (mixin) Prepared 23 mixins in 0.375 sec (16.3ms avg) (0ms load, 0ms transform, 0ms plugin)
[11:55:01] [main/DEBUG] (cpw.mods.modlauncher.LaunchPluginHandler) LauncherPluginService runtimedistcleaner offering transform net.neoforged.neoforge.client.loading.NeoForgeLoadingOverlay
[11:55:01] [main/DEBUG] (cpw.mods.modlauncher.LaunchPluginHandler) Final flags state for net.neoforged.neoforge.client.loading.NeoForgeLoadingOverlay is 0
[11:55:01] [main/DEBUG] (cpw.mods.modlauncher.LaunchPluginHandler) LaunchPluginService {AFTER=[org.spongepowered.asm.launch.MixinLaunchPlugin@1a5df070, juuxel.unprotect.UnprotectLaunchPlugin@59e7a6d8, net.neoforged.fml.common.asm.RuntimeDistCleaner@10cae98c]}
[11:55:01] [main/DEBUG] (cpw.mods.modlauncher.LaunchPluginHandler) Final flags state for net.minecraft.client.gui.screen.SplashOverlay is 0
[11:55:01] [main/DEBUG] (cpw.mods.modlauncher.LaunchPluginHandler) LauncherPluginService mixin offering transform net.minecraft.client.gui.screen.SplashOverlay
[11:55:01] [main/DEBUG] (cpw.mods.modlauncher.LaunchPluginHandler) LauncherPluginService unprotect offering transform net.minecraft.client.gui.screen.SplashOverlay
[11:55:01] [main/DEBUG] (cpw.mods.modlauncher.LaunchPluginHandler) LauncherPluginService unprotect transformed net.minecraft.client.gui.screen.SplashOverlay with class compute flags 2
[11:55:01] [main/DEBUG] (cpw.mods.modlauncher.LaunchPluginHandler) LauncherPluginService runtimedistcleaner offering transform net.minecraft.client.gui.screen.SplashOverlay
[11:55:01] [main/DEBUG] (net.neoforged.fml.common.asm.RuntimeDistCleaner) Removing Class Annotation: net/minecraft/client/gui/screen/SplashOverlay @Lnet/neoforged/api/distmarker/OnlyIn;
[11:55:01] [main/DEBUG] (cpw.mods.modlauncher.LaunchPluginHandler) LauncherPluginService runtimedistcleaner transformed net.minecraft.client.gui.screen.SplashOverlay with class compute flags 256
[11:55:01] [main/DEBUG] (cpw.mods.modlauncher.LaunchPluginHandler) Final flags state for net.minecraft.client.gui.screen.SplashOverlay is 258
[11:55:01] [main/DEBUG] (cpw.mods.modlauncher.LaunchPluginHandler) LaunchPluginService {AFTER=[org.spongepowered.asm.launch.MixinLaunchPlugin@1a5df070, juuxel.unprotect.UnprotectLaunchPlugin@59e7a6d8, net.neoforged.fml.common.asm.RuntimeDistCleaner@10cae98c]}
[11:55:01] [main/DEBUG] (cpw.mods.modlauncher.LaunchPluginHandler) Final flags state for net.minecraft.client.gui.screen.Overlay is 0
[11:55:01] [main/DEBUG] (cpw.mods.modlauncher.LaunchPluginHandler) LauncherPluginService mixin offering transform net.minecraft.client.gui.screen.Overlay
[11:55:01] [main/DEBUG] (cpw.mods.modlauncher.LaunchPluginHandler) LauncherPluginService unprotect offering transform net.minecraft.client.gui.screen.Overlay
[11:55:01] [main/DEBUG] (cpw.mods.modlauncher.LaunchPluginHandler) LauncherPluginService runtimedistcleaner offering transform net.minecraft.client.gui.screen.Overlay
[11:55:01] [main/DEBUG] (net.neoforged.fml.common.asm.RuntimeDistCleaner) Removing Class Annotation: net/minecraft/client/gui/screen/Overlay @Lnet/neoforged/api/distmarker/OnlyIn;
[11:55:01] [main/DEBUG] (cpw.mods.modlauncher.LaunchPluginHandler) LauncherPluginService runtimedistcleaner transformed net.minecraft.client.gui.screen.Overlay with class compute flags 256
[11:55:01] [main/DEBUG] (cpw.mods.modlauncher.LaunchPluginHandler) Final flags state for net.minecraft.client.gui.screen.Overlay is 256
[11:55:01] [main/DEBUG] (cpw.mods.modlauncher.LaunchPluginHandler) LaunchPluginService {AFTER=[org.spongepowered.asm.launch.MixinLaunchPlugin@1a5df070, juuxel.unprotect.UnprotectLaunchPlugin@59e7a6d8, net.neoforged.fml.common.asm.RuntimeDistCleaner@10cae98c]}
[11:55:01] [main/DEBUG] (cpw.mods.modlauncher.LaunchPluginHandler) Final flags state for net.minecraft.client.gui.Drawable is 0
[11:55:01] [main/DEBUG] (cpw.mods.modlauncher.LaunchPluginHandler) LauncherPluginService mixin offering transform net.minecraft.client.gui.Drawable
[11:55:01] [main/DEBUG] (cpw.mods.modlauncher.LaunchPluginHandler) LauncherPluginService unprotect offering transform net.minecraft.client.gui.Drawable
[11:55:01] [main/DEBUG] (cpw.mods.modlauncher.LaunchPluginHandler) LauncherPluginService runtimedistcleaner offering transform net.minecraft.client.gui.Drawable
[11:55:01] [main/DEBUG] (net.neoforged.fml.common.asm.RuntimeDistCleaner) Removing Class Annotation: net/minecraft/client/gui/Drawable @Lnet/neoforged/api/distmarker/OnlyIn;
[11:55:01] [main/DEBUG] (cpw.mods.modlauncher.LaunchPluginHandler) LauncherPluginService runtimedistcleaner transformed net.minecraft.client.gui.Drawable with class compute flags 256
[11:55:01] [main/DEBUG] (cpw.mods.modlauncher.LaunchPluginHandler) Final flags state for net.minecraft.client.gui.Drawable is 256
[11:55:01] [main/DEBUG] (cpw.mods.modlauncher.LaunchPluginHandler) LaunchPluginService {AFTER=[org.spongepowered.asm.launch.MixinLaunchPlugin@1a5df070, juuxel.unprotect.UnprotectLaunchPlugin@59e7a6d8, net.neoforged.fml.common.asm.RuntimeDistCleaner@10cae98c]}
[11:55:01] [main/DEBUG] (cpw.mods.modlauncher.LaunchPluginHandler) Final flags state for net.minecraft.client.texture.AbstractTexture is 0
[11:55:01] [main/DEBUG] (cpw.mods.modlauncher.LaunchPluginHandler) LauncherPluginService mixin offering transform net.minecraft.client.texture.AbstractTexture
[11:55:01] [main/DEBUG] (cpw.mods.modlauncher.LaunchPluginHandler) LauncherPluginService unprotect offering transform net.minecraft.client.texture.AbstractTexture
[11:55:01] [main/DEBUG] (cpw.mods.modlauncher.LaunchPluginHandler) LauncherPluginService unprotect transformed net.minecraft.client.texture.AbstractTexture with class compute flags 2
[11:55:01] [main/DEBUG] (cpw.mods.modlauncher.LaunchPluginHandler) LauncherPluginService runtimedistcleaner offering transform net.minecraft.client.texture.AbstractTexture
[11:55:01] [main/DEBUG] (net.neoforged.fml.common.asm.RuntimeDistCleaner) Removing Class Annotation: net/minecraft/client/texture/AbstractTexture @Lnet/neoforged/api/distmarker/OnlyIn;
[11:55:01] [main/DEBUG] (cpw.mods.modlauncher.LaunchPluginHandler) LauncherPluginService runtimedistcleaner transformed net.minecraft.client.texture.AbstractTexture with class compute flags 256
[11:55:01] [main/DEBUG] (cpw.mods.modlauncher.LaunchPluginHandler) Final flags state for net.minecraft.client.texture.AbstractTexture is 258
[11:55:01] [main/DEBUG] (cpw.mods.modlauncher.LaunchPluginHandler) LaunchPluginService {AFTER=[org.spongepowered.asm.launch.MixinLaunchPlugin@1a5df070, juuxel.unprotect.UnprotectLaunchPlugin@59e7a6d8, net.neoforged.fml.common.asm.RuntimeDistCleaner@10cae98c]}
[11:55:01] [main/DEBUG] (cpw.mods.modlauncher.LaunchPluginHandler) Final flags state for net.minecraft.client.gui.screen.SplashOverlay$LogoTexture is 0
[11:55:01] [main/DEBUG] (cpw.mods.modlauncher.LaunchPluginHandler) LauncherPluginService mixin offering transform net.minecraft.client.gui.screen.SplashOverlay$LogoTexture
[11:55:01] [main/DEBUG] (cpw.mods.modlauncher.LaunchPluginHandler) LauncherPluginService unprotect offering transform net.minecraft.client.gui.screen.SplashOverlay$LogoTexture
[11:55:01] [main/DEBUG] (cpw.mods.modlauncher.LaunchPluginHandler) LauncherPluginService unprotect transformed net.minecraft.client.gui.screen.SplashOverlay$LogoTexture with class compute flags 2
[11:55:01] [main/DEBUG] (cpw.mods.modlauncher.LaunchPluginHandler) LauncherPluginService runtimedistcleaner offering transform net.minecraft.client.gui.screen.SplashOverlay$LogoTexture
[11:55:01] [main/DEBUG] (net.neoforged.fml.common.asm.RuntimeDistCleaner) Removing Class Annotation: net/minecraft/client/gui/screen/SplashOverlay$LogoTexture @Lnet/neoforged/api/distmarker/OnlyIn;
[11:55:01] [main/DEBUG] (cpw.mods.modlauncher.LaunchPluginHandler) LauncherPluginService runtimedistcleaner transformed net.minecraft.client.gui.screen.SplashOverlay$LogoTexture with class compute flags 256
[11:55:01] [main/DEBUG] (cpw.mods.modlauncher.LaunchPluginHandler) Final flags state for net.minecraft.client.gui.screen.SplashOverlay$LogoTexture is 258
[11:55:01] [main/DEBUG] (cpw.mods.modlauncher.LaunchPluginHandler) LaunchPluginService {AFTER=[org.spongepowered.asm.launch.MixinLaunchPlugin@1a5df070, juuxel.unprotect.UnprotectLaunchPlugin@59e7a6d8, net.neoforged.fml.common.asm.RuntimeDistCleaner@10cae98c]}
[11:55:01] [main/DEBUG] (cpw.mods.modlauncher.LaunchPluginHandler) Final flags state for net.minecraft.client.texture.ResourceTexture is 0
[11:55:01] [main/DEBUG] (cpw.mods.modlauncher.LaunchPluginHandler) LauncherPluginService mixin offering transform net.minecraft.client.texture.ResourceTexture
[11:55:01] [main/DEBUG] (cpw.mods.modlauncher.LaunchPluginHandler) LauncherPluginService unprotect offering transform net.minecraft.client.texture.ResourceTexture
[11:55:01] [main/DEBUG] (cpw.mods.modlauncher.LaunchPluginHandler) LauncherPluginService unprotect transformed net.minecraft.client.texture.ResourceTexture with class compute flags 2
[11:55:01] [main/DEBUG] (cpw.mods.modlauncher.LaunchPluginHandler) LauncherPluginService runtimedistcleaner offering transform net.minecraft.client.texture.ResourceTexture
[11:55:01] [main/DEBUG] (net.neoforged.fml.common.asm.RuntimeDistCleaner) Removing Class Annotation: net/minecraft/client/texture/ResourceTexture @Lnet/neoforged/api/distmarker/OnlyIn;
[11:55:01] [main/DEBUG] (cpw.mods.modlauncher.LaunchPluginHandler) LauncherPluginService runtimedistcleaner transformed net.minecraft.client.texture.ResourceTexture with class compute flags 256
[11:55:01] [main/DEBUG] (cpw.mods.modlauncher.LaunchPluginHandler) Final flags state for net.minecraft.client.texture.ResourceTexture is 258
[11:55:01] [main/DEBUG] (cpw.mods.modlauncher.LaunchPluginHandler) LaunchPluginService {AFTER=[org.spongepowered.asm.launch.MixinLaunchPlugin@1a5df070, juuxel.unprotect.UnprotectLaunchPlugin@59e7a6d8, net.neoforged.fml.common.asm.RuntimeDistCleaner@10cae98c]}
[11:55:01] [main/DEBUG] (cpw.mods.modlauncher.LaunchPluginHandler) Final flags state for net.minecraft.client.render.VertexConsumer is 0
[11:55:01] [main/DEBUG] (cpw.mods.modlauncher.LaunchPluginHandler) LauncherPluginService mixin offering transform net.minecraft.client.render.VertexConsumer
[11:55:01] [main/DEBUG] (cpw.mods.modlauncher.LaunchPluginHandler) LauncherPluginService unprotect offering transform net.minecraft.client.render.VertexConsumer
[11:55:01] [main/DEBUG] (cpw.mods.modlauncher.LaunchPluginHandler) LauncherPluginService runtimedistcleaner offering transform net.minecraft.client.render.VertexConsumer
[11:55:01] [main/DEBUG] (net.neoforged.fml.common.asm.RuntimeDistCleaner) Removing Class Annotation: net/minecraft/client/render/VertexConsumer @Lnet/neoforged/api/distmarker/OnlyIn;
[11:55:01] [main/DEBUG] (cpw.mods.modlauncher.LaunchPluginHandler) LauncherPluginService runtimedistcleaner transformed net.minecraft.client.render.VertexConsumer with class compute flags 256
[11:55:01] [main/DEBUG] (cpw.mods.modlauncher.LaunchPluginHandler) Final flags state for net.minecraft.client.render.VertexConsumer is 256
[11:55:01] [main/DEBUG] (cpw.mods.modlauncher.LaunchPluginHandler) LaunchPluginService {AFTER=[org.spongepowered.asm.launch.MixinLaunchPlugin@1a5df070, net.neoforged.fml.common.asm.RuntimeDistCleaner@10cae98c]}
[11:55:01] [main/DEBUG] (cpw.mods.modlauncher.LaunchPluginHandler) Final flags state for net.neoforged.neoforge.client.extensions.IVertexConsumerExtension is 0
[11:55:01] [main/DEBUG] (cpw.mods.modlauncher.LaunchPluginHandler) LauncherPluginService mixin offering transform net.neoforged.neoforge.client.extensions.IVertexConsumerExtension
[11:55:01] [main/DEBUG] (cpw.mods.modlauncher.LaunchPluginHandler) LauncherPluginService runtimedistcleaner offering transform net.neoforged.neoforge.client.extensions.IVertexConsumerExtension
[11:55:01] [main/DEBUG] (cpw.mods.modlauncher.LaunchPluginHandler) Final flags state for net.neoforged.neoforge.client.extensions.IVertexConsumerExtension is 0
[11:55:01] [main/DEBUG] (cpw.mods.modlauncher.LaunchPluginHandler) LaunchPluginService {AFTER=[org.spongepowered.asm.launch.MixinLaunchPlugin@1a5df070, juuxel.unprotect.UnprotectLaunchPlugin@59e7a6d8, net.neoforged.fml.common.asm.RuntimeDistCleaner@10cae98c]}
[11:55:01] [main/DEBUG] (cpw.mods.modlauncher.LaunchPluginHandler) Final flags state for net.minecraft.client.gui.DrawContext is 0
[11:55:01] [main/DEBUG] (cpw.mods.modlauncher.LaunchPluginHandler) LauncherPluginService mixin offering transform net.minecraft.client.gui.DrawContext
[11:55:01] [main/DEBUG] (cpw.mods.modlauncher.LaunchPluginHandler) LauncherPluginService unprotect offering transform net.minecraft.client.gui.DrawContext
[11:55:01] [main/DEBUG] (cpw.mods.modlauncher.LaunchPluginHandler) LauncherPluginService unprotect transformed net.minecraft.client.gui.DrawContext with class compute flags 2
[11:55:01] [main/DEBUG] (cpw.mods.modlauncher.LaunchPluginHandler) LauncherPluginService runtimedistcleaner offering transform net.minecraft.client.gui.DrawContext
[11:55:01] [main/DEBUG] (net.neoforged.fml.common.asm.RuntimeDistCleaner) Removing Class Annotation: net/minecraft/client/gui/DrawContext @Lnet/neoforged/api/distmarker/OnlyIn;
[11:55:01] [main/DEBUG] (cpw.mods.modlauncher.LaunchPluginHandler) LauncherPluginService runtimedistcleaner transformed net.minecraft.client.gui.DrawContext with class compute flags 256
[11:55:01] [main/DEBUG] (cpw.mods.modlauncher.LaunchPluginHandler) Final flags state for net.minecraft.client.gui.DrawContext is 258
[11:55:01] [main/DEBUG] (cpw.mods.modlauncher.LaunchPluginHandler) LaunchPluginService {AFTER=[org.spongepowered.asm.launch.MixinLaunchPlugin@1a5df070, net.neoforged.fml.common.asm.RuntimeDistCleaner@10cae98c]}
[11:55:01] [main/DEBUG] (cpw.mods.modlauncher.LaunchPluginHandler) Final flags state for net.neoforged.neoforge.client.extensions.IGuiGraphicsExtension is 0
[11:55:01] [main/DEBUG] (cpw.mods.modlauncher.LaunchPluginHandler) LauncherPluginService mixin offering transform net.neoforged.neoforge.client.extensions.IGuiGraphicsExtension
[11:55:01] [main/DEBUG] (cpw.mods.modlauncher.LaunchPluginHandler) LauncherPluginService runtimedistcleaner offering transform net.neoforged.neoforge.client.extensions.IGuiGraphicsExtension
[11:55:01] [main/DEBUG] (cpw.mods.modlauncher.LaunchPluginHandler) Final flags state for net.neoforged.neoforge.client.extensions.IGuiGraphicsExtension is 0
[11:55:01] [main/DEBUG] (cpw.mods.modlauncher.LaunchPluginHandler) LaunchPluginService {AFTER=[org.spongepowered.asm.launch.MixinLaunchPlugin@1a5df070, juuxel.unprotect.UnprotectLaunchPlugin@59e7a6d8, net.neoforged.fml.common.asm.RuntimeDistCleaner@10cae98c]}
[11:55:01] [main/DEBUG] (cpw.mods.modlauncher.LaunchPluginHandler) Final flags state for net.minecraft.client.MinecraftClient is 0
[11:55:01] [main/DEBUG] (cpw.mods.modlauncher.LaunchPluginHandler) LauncherPluginService mixin offering transform net.minecraft.client.MinecraftClient
[11:55:01] [main/INFO] (MixinExtras|Service) Initializing MixinExtras via com.llamalad7.mixinextras.service.MixinExtrasServiceImpl(version=0.3.5).
[11:55:01] [main/DEBUG] (cpw.mods.modlauncher.LaunchPluginHandler) LaunchPluginService {AFTER=[org.spongepowered.asm.launch.MixinLaunchPlugin@1a5df070, net.neoforged.fml.common.asm.RuntimeDistCleaner@10cae98c]}
[11:55:01] [main/DEBUG] (cpw.mods.modlauncher.LaunchPluginHandler) Final flags state for com.llamalad7.mixinextras.sugar.impl.SugarWrapper is 0
[11:55:01] [main/DEBUG] (cpw.mods.modlauncher.LaunchPluginHandler) LauncherPluginService mixin offering transform com.llamalad7.mixinextras.sugar.impl.SugarWrapper
[11:55:01] [main/DEBUG] (cpw.mods.modlauncher.LaunchPluginHandler) LauncherPluginService runtimedistcleaner offering transform com.llamalad7.mixinextras.sugar.impl.SugarWrapper
[11:55:01] [main/DEBUG] (cpw.mods.modlauncher.LaunchPluginHandler) Final flags state for com.llamalad7.mixinextras.sugar.impl.SugarWrapper is 0
[11:55:01] [main/DEBUG] (mixin) Registering new injector for @SugarWrapper with com.llamalad7.mixinextras.sugar.impl.SugarWrapperInjectionInfo
[11:55:01] [main/DEBUG] (cpw.mods.modlauncher.LaunchPluginHandler) LaunchPluginService {AFTER=[org.spongepowered.asm.launch.MixinLaunchPlugin@1a5df070, net.neoforged.fml.common.asm.RuntimeDistCleaner@10cae98c]}
[11:55:01] [main/DEBUG] (cpw.mods.modlauncher.LaunchPluginHandler) Final flags state for com.llamalad7.mixinextras.wrapper.factory.FactoryRedirectWrapper is 0
[11:55:01] [main/DEBUG] (cpw.mods.modlauncher.LaunchPluginHandler) LauncherPluginService mixin offering transform com.llamalad7.mixinextras.wrapper.factory.FactoryRedirectWrapper
[11:55:01] [main/DEBUG] (cpw.mods.modlauncher.LaunchPluginHandler) LauncherPluginService runtimedistcleaner offering transform com.llamalad7.mixinextras.wrapper.factory.FactoryRedirectWrapper
[11:55:01] [main/DEBUG] (cpw.mods.modlauncher.LaunchPluginHandler) Final flags state for com.llamalad7.mixinextras.wrapper.factory.FactoryRedirectWrapper is 0
[11:55:01] [main/DEBUG] (mixin) Registering new injector for @FactoryRedirectWrapper with com.llamalad7.mixinextras.wrapper.factory.FactoryRedirectWrapperInjectionInfo
[11:55:01] [main/DEBUG] (cpw.mods.modlauncher.LaunchPluginHandler) LaunchPluginService {AFTER=[org.spongepowered.asm.launch.MixinLaunchPlugin@1a5df070, net.neoforged.fml.common.asm.RuntimeDistCleaner@10cae98c]}
[11:55:01] [main/DEBUG] (cpw.mods.modlauncher.LaunchPluginHandler) Final flags state for com.llamalad7.mixinextras.lib.apache.commons.tuple.Pair is 0
[11:55:01] [main/DEBUG] (cpw.mods.modlauncher.LaunchPluginHandler) LauncherPluginService mixin offering transform com.llamalad7.mixinextras.lib.apache.commons.tuple.Pair
[11:55:01] [main/DEBUG] (cpw.mods.modlauncher.LaunchPluginHandler) LauncherPluginService runtimedistcleaner offering transform com.llamalad7.mixinextras.lib.apache.commons.tuple.Pair
[11:55:01] [main/DEBUG] (cpw.mods.modlauncher.LaunchPluginHandler) Final flags state for com.llamalad7.mixinextras.lib.apache.commons.tuple.Pair is 0
[11:55:01] [main/DEBUG] (cpw.mods.modlauncher.LaunchPluginHandler) LaunchPluginService {AFTER=[org.spongepowered.asm.launch.MixinLaunchPlugin@1a5df070, net.neoforged.fml.common.asm.RuntimeDistCleaner@10cae98c]}
[11:55:01] [main/DEBUG] (cpw.mods.modlauncher.LaunchPluginHandler) Final flags state for com.llamalad7.mixinextras.lib.apache.commons.tuple.ImmutablePair is 0
[11:55:01] [main/DEBUG] (cpw.mods.modlauncher.LaunchPluginHandler) LauncherPluginService mixin offering transform com.llamalad7.mixinextras.lib.apache.commons.tuple.ImmutablePair
[11:55:01] [main/DEBUG] (cpw.mods.modlauncher.LaunchPluginHandler) LauncherPluginService runtimedistcleaner offering transform com.llamalad7.mixinextras.lib.apache.commons.tuple.ImmutablePair
[11:55:01] [main/DEBUG] (cpw.mods.modlauncher.LaunchPluginHandler) Final flags state for com.llamalad7.mixinextras.lib.apache.commons.tuple.ImmutablePair is 0
[11:55:01] [main/DEBUG] (cpw.mods.modlauncher.LaunchPluginHandler) LaunchPluginService {AFTER=[org.spongepowered.asm.launch.MixinLaunchPlugin@1a5df070, net.neoforged.fml.common.asm.RuntimeDistCleaner@10cae98c]}
[11:55:01] [main/DEBUG] (cpw.mods.modlauncher.LaunchPluginHandler) Final flags state for com.llamalad7.mixinextras.sugar.impl.SugarInjector is 0
[11:55:01] [main/DEBUG] (cpw.mods.modlauncher.LaunchPluginHandler) LauncherPluginService mixin offering transform com.llamalad7.mixinextras.sugar.impl.SugarInjector
[11:55:01] [main/DEBUG] (cpw.mods.modlauncher.LaunchPluginHandler) LauncherPluginService runtimedistcleaner offering transform com.llamalad7.mixinextras.sugar.impl.SugarInjector
[11:55:01] [main/DEBUG] (cpw.mods.modlauncher.LaunchPluginHandler) Final flags state for com.llamalad7.mixinextras.sugar.impl.SugarInjector is 0
[11:55:01] [main/DEBUG] (cpw.mods.modlauncher.LaunchPluginHandler) LaunchPluginService {AFTER=[org.spongepowered.asm.launch.MixinLaunchPlugin@1a5df070, net.neoforged.fml.common.asm.RuntimeDistCleaner@10cae98c]}
[11:55:01] [main/DEBUG] (cpw.mods.modlauncher.LaunchPluginHandler) Final flags state for com.llamalad7.mixinextras.sugar.impl.SugarApplicationException is 0
[11:55:01] [main/DEBUG] (cpw.mods.modlauncher.LaunchPluginHandler) LauncherPluginService mixin offering transform com.llamalad7.mixinextras.sugar.impl.SugarApplicationException
[11:55:01] [main/DEBUG] (cpw.mods.modlauncher.LaunchPluginHandler) LauncherPluginService runtimedistcleaner offering transform com.llamalad7.mixinextras.sugar.impl.SugarApplicationException
[11:55:01] [main/DEBUG] (cpw.mods.modlauncher.LaunchPluginHandler) Final flags state for com.llamalad7.mixinextras.sugar.impl.SugarApplicationException is 0
[11:55:01] [main/DEBUG] (mixin) Mixing MixinMinecraft from architectury.mixins.json into net.minecraft.client.MinecraftClient
[11:55:01] [main/DEBUG] (cpw.mods.modlauncher.LaunchPluginHandler) LaunchPluginService {AFTER=[juuxel.unprotect.UnprotectLaunchPlugin@59e7a6d8, net.neoforged.fml.common.asm.RuntimeDistCleaner@10cae98c]}
[11:55:01] [main/DEBUG] (cpw.mods.modlauncher.LaunchPluginHandler) Final flags state for net.minecraft.util.thread.ReentrantThreadExecutor is 0
[11:55:01] [main/DEBUG] (cpw.mods.modlauncher.LaunchPluginHandler) LauncherPluginService unprotect offering transform net.minecraft.util.thread.ReentrantThreadExecutor
[11:55:01] [main/DEBUG] (cpw.mods.modlauncher.LaunchPluginHandler) LauncherPluginService unprotect transformed net.minecraft.util.thread.ReentrantThreadExecutor with class compute flags 2
[11:55:01] [main/DEBUG] (cpw.mods.modlauncher.LaunchPluginHandler) LauncherPluginService runtimedistcleaner offering transform net.minecraft.util.thread.ReentrantThreadExecutor
[11:55:01] [main/DEBUG] (cpw.mods.modlauncher.LaunchPluginHandler) Final flags state for net.minecraft.util.thread.ReentrantThreadExecutor is 2
[11:55:01] [main/DEBUG] (cpw.mods.modlauncher.LaunchPluginHandler) LaunchPluginService {AFTER=[juuxel.unprotect.UnprotectLaunchPlugin@59e7a6d8, net.neoforged.fml.common.asm.RuntimeDistCleaner@10cae98c]}
[11:55:01] [main/DEBUG] (cpw.mods.modlauncher.LaunchPluginHandler) Final flags state for net.minecraft.util.thread.ThreadExecutor is 0
[11:55:01] [main/DEBUG] (cpw.mods.modlauncher.LaunchPluginHandler) LauncherPluginService unprotect offering transform net.minecraft.util.thread.ThreadExecutor
[11:55:01] [main/DEBUG] (cpw.mods.modlauncher.LaunchPluginHandler) LauncherPluginService unprotect transformed net.minecraft.util.thread.ThreadExecutor with class compute flags 2
[11:55:01] [main/DEBUG] (cpw.mods.modlauncher.LaunchPluginHandler) LauncherPluginService runtimedistcleaner offering transform net.minecraft.util.thread.ThreadExecutor
[11:55:01] [main/DEBUG] (cpw.mods.modlauncher.LaunchPluginHandler) Final flags state for net.minecraft.util.thread.ThreadExecutor is 2
[11:55:01] [main/DEBUG] (mixin) architectury.mixins.json:MixinMinecraft from mod architectury: Class version 65 required is higher than the class version supported by the current version of Mixin (JAVA_16 supports class version 60)
[11:55:01] [main/DEBUG] (cpw.mods.modlauncher.LaunchPluginHandler) LaunchPluginService {AFTER=[net.neoforged.fml.common.asm.RuntimeDistCleaner@10cae98c]}
[11:55:01] [main/DEBUG] (cpw.mods.modlauncher.LaunchPluginHandler) Final flags state for dev.architectury.event.events.client.ClientLifecycleEvent is 0
[11:55:01] [main/DEBUG] (cpw.mods.modlauncher.LaunchPluginHandler) LauncherPluginService runtimedistcleaner offering transform dev.architectury.event.events.client.ClientLifecycleEvent
[11:55:01] [main/DEBUG] (net.neoforged.fml.common.asm.RuntimeDistCleaner) Removing Class Annotation: dev/architectury/event/events/client/ClientLifecycleEvent @Lnet/neoforged/api/distmarker/OnlyIn;
[11:55:01] [main/DEBUG] (cpw.mods.modlauncher.LaunchPluginHandler) LauncherPluginService runtimedistcleaner transformed dev.architectury.event.events.client.ClientLifecycleEvent with class compute flags 256
[11:55:01] [main/DEBUG] (cpw.mods.modlauncher.LaunchPluginHandler) Final flags state for dev.architectury.event.events.client.ClientLifecycleEvent is 256
[11:55:01] [main/DEBUG] (cpw.mods.modlauncher.LaunchPluginHandler) LaunchPluginService {AFTER=[net.neoforged.fml.common.asm.RuntimeDistCleaner@10cae98c]}
[11:55:01] [main/DEBUG] (cpw.mods.modlauncher.LaunchPluginHandler) Final flags state for dev.architectury.event.Event is 0
[11:55:01] [main/DEBUG] (cpw.mods.modlauncher.LaunchPluginHandler) LauncherPluginService runtimedistcleaner offering transform dev.architectury.event.Event
[11:55:01] [main/DEBUG] (cpw.mods.modlauncher.LaunchPluginHandler) Final flags state for dev.architectury.event.Event is 0
[11:55:01] [main/DEBUG] (cpw.mods.modlauncher.LaunchPluginHandler) LaunchPluginService {AFTER=[net.neoforged.fml.common.asm.RuntimeDistCleaner@10cae98c]}
[11:55:01] [main/DEBUG] (cpw.mods.modlauncher.LaunchPluginHandler) Final flags state for dev.architectury.event.events.common.LifecycleEvent$InstanceState is 0
[11:55:01] [main/DEBUG] (cpw.mods.modlauncher.LaunchPluginHandler) LauncherPluginService runtimedistcleaner offering transform dev.architectury.event.events.common.LifecycleEvent$InstanceState
[11:55:01] [main/DEBUG] (cpw.mods.modlauncher.LaunchPluginHandler) Final flags state for dev.architectury.event.events.common.LifecycleEvent$InstanceState is 0
[11:55:01] [main/DEBUG] (cpw.mods.modlauncher.LaunchPluginHandler) LaunchPluginService {AFTER=[juuxel.unprotect.UnprotectLaunchPlugin@59e7a6d8, net.neoforged.fml.common.asm.RuntimeDistCleaner@10cae98c]}
[11:55:01] [main/DEBUG] (cpw.mods.modlauncher.LaunchPluginHandler) Final flags state for net.minecraft.util.thread.MessageListener is 0
[11:55:01] [main/DEBUG] (cpw.mods.modlauncher.LaunchPluginHandler) LauncherPluginService unprotect offering transform net.minecraft.util.thread.MessageListener
[11:55:01] [main/DEBUG] (cpw.mods.modlauncher.LaunchPluginHandler) LauncherPluginService unprotect transformed net.minecraft.util.thread.MessageListener with class compute flags 2
[11:55:01] [main/DEBUG] (cpw.mods.modlauncher.LaunchPluginHandler) LauncherPluginService runtimedistcleaner offering transform net.minecraft.util.thread.MessageListener
[11:55:01] [main/DEBUG] (cpw.mods.modlauncher.LaunchPluginHandler) Final flags state for net.minecraft.util.thread.MessageListener is 2
[11:55:01] [main/DEBUG] (cpw.mods.modlauncher.LaunchPluginHandler) LaunchPluginService {AFTER=[net.neoforged.fml.common.asm.RuntimeDistCleaner@10cae98c]}
[11:55:01] [main/DEBUG] (cpw.mods.modlauncher.LaunchPluginHandler) Final flags state for java.lang.AutoCloseable is 0
[11:55:01] [main/DEBUG] (cpw.mods.modlauncher.LaunchPluginHandler) LauncherPluginService runtimedistcleaner offering transform java.lang.AutoCloseable
[11:55:01] [main/DEBUG] (cpw.mods.modlauncher.LaunchPluginHandler) Final flags state for java.lang.AutoCloseable is 0
[11:55:01] [main/DEBUG] (cpw.mods.modlauncher.LaunchPluginHandler) LaunchPluginService {AFTER=[juuxel.unprotect.UnprotectLaunchPlugin@59e7a6d8, net.neoforged.fml.common.asm.RuntimeDistCleaner@10cae98c]}
[11:55:01] [main/DEBUG] (cpw.mods.modlauncher.LaunchPluginHandler) Final flags state for net.minecraft.util.thread.SampleableExecutor is 0
[11:55:01] [main/DEBUG] (cpw.mods.modlauncher.LaunchPluginHandler) LauncherPluginService unprotect offering transform net.minecraft.util.thread.SampleableExecutor
[11:55:01] [main/DEBUG] (cpw.mods.modlauncher.LaunchPluginHandler) LauncherPluginService runtimedistcleaner offering transform net.minecraft.util.thread.SampleableExecutor
[11:55:01] [main/DEBUG] (cpw.mods.modlauncher.LaunchPluginHandler) Final flags state for net.minecraft.util.thread.SampleableExecutor is 0
[11:55:01] [main/DEBUG] (cpw.mods.modlauncher.LaunchPluginHandler) LaunchPluginService {AFTER=[net.neoforged.fml.common.asm.RuntimeDistCleaner@10cae98c]}
[11:55:01] [main/DEBUG] (cpw.mods.modlauncher.LaunchPluginHandler) Final flags state for java.util.concurrent.Executor is 0
[11:55:01] [main/DEBUG] (cpw.mods.modlauncher.LaunchPluginHandler) LauncherPluginService runtimedistcleaner offering transform java.util.concurrent.Executor
[11:55:01] [main/DEBUG] (cpw.mods.modlauncher.LaunchPluginHandler) Final flags state for java.util.concurrent.Executor is 0
[11:55:01] [main/DEBUG] (cpw.mods.modlauncher.LaunchPluginHandler) LaunchPluginService {AFTER=[net.neoforged.fml.common.asm.RuntimeDistCleaner@10cae98c]}
[11:55:01] [main/DEBUG] (cpw.mods.modlauncher.LaunchPluginHandler) Final flags state for net.neoforged.neoforge.client.extensions.IMinecraftExtension is 0
[11:55:01] [main/DEBUG] (cpw.mods.modlauncher.LaunchPluginHandler) LauncherPluginService runtimedistcleaner offering transform net.neoforged.neoforge.client.extensions.IMinecraftExtension
[11:55:01] [main/DEBUG] (cpw.mods.modlauncher.LaunchPluginHandler) Final flags state for net.neoforged.neoforge.client.extensions.IMinecraftExtension is 0
[11:55:01] [main/DEBUG] (cpw.mods.modlauncher.LaunchPluginHandler) LaunchPluginService {AFTER=[juuxel.unprotect.UnprotectLaunchPlugin@59e7a6d8, net.neoforged.fml.common.asm.RuntimeDistCleaner@10cae98c]}
[11:55:01] [main/DEBUG] (cpw.mods.modlauncher.LaunchPluginHandler) Final flags state for net.minecraft.client.WindowEventHandler is 0
[11:55:01] [main/DEBUG] (cpw.mods.modlauncher.LaunchPluginHandler) LauncherPluginService unprotect offering transform net.minecraft.client.WindowEventHandler
[11:55:01] [main/DEBUG] (cpw.mods.modlauncher.LaunchPluginHandler) LauncherPluginService runtimedistcleaner offering transform net.minecraft.client.WindowEventHandler
[11:55:01] [main/DEBUG] (net.neoforged.fml.common.asm.RuntimeDistCleaner) Removing Class Annotation: net/minecraft/client/WindowEventHandler @Lnet/neoforged/api/distmarker/OnlyIn;
[11:55:01] [main/DEBUG] (cpw.mods.modlauncher.LaunchPluginHandler) LauncherPluginService runtimedistcleaner transformed net.minecraft.client.WindowEventHandler with class compute flags 256
[11:55:01] [main/DEBUG] (cpw.mods.modlauncher.LaunchPluginHandler) Final flags state for net.minecraft.client.WindowEventHandler is 256
[11:55:01] [main/DEBUG] (cpw.mods.modlauncher.LaunchPluginHandler) LaunchPluginService {AFTER=[net.neoforged.fml.common.asm.RuntimeDistCleaner@10cae98c]}
[11:55:01] [main/DEBUG] (cpw.mods.modlauncher.LaunchPluginHandler) Final flags state for org.spongepowered.asm.mixin.injection.callback.CallbackInfo is 0
[11:55:01] [main/DEBUG] (cpw.mods.modlauncher.LaunchPluginHandler) LauncherPluginService runtimedistcleaner offering transform org.spongepowered.asm.mixin.injection.callback.CallbackInfo
[11:55:01] [main/DEBUG] (cpw.mods.modlauncher.LaunchPluginHandler) Final flags state for org.spongepowered.asm.mixin.injection.callback.CallbackInfo is 0
[11:55:01] [main/DEBUG] (mixin) architectury.mixins.json:MixinMinecraft from mod architectury->@Inject::onStart(Lorg/spongepowered/asm/mixin/injection/callback/CallbackInfo;)V doesn't use it's CallbackInfo
[11:55:01] [main/DEBUG] (mixin) architectury.mixins.json:MixinMinecraft from mod architectury->@Inject::onStart(Lorg/spongepowered/asm/mixin/injection/callback/CallbackInfo;)V has 0 override(s) in child classes
[11:55:01] [main/DEBUG] (mixin) architectury.mixins.json:MixinMinecraft from mod architectury->@Inject::onStart(Lorg/spongepowered/asm/mixin/injection/callback/CallbackInfo;)V won't be passed a CallbackInfo as a result
[11:55:01] [main/DEBUG] (mixin) architectury.mixins.json:MixinMinecraft from mod architectury->@Inject::onStopping(Lorg/spongepowered/asm/mixin/injection/callback/CallbackInfo;)V doesn't use it's CallbackInfo
[11:55:01] [main/DEBUG] (mixin) architectury.mixins.json:MixinMinecraft from mod architectury->@Inject::onStopping(Lorg/spongepowered/asm/mixin/injection/callback/CallbackInfo;)V has 0 override(s) in child classes
[11:55:01] [main/DEBUG] (mixin) architectury.mixins.json:MixinMinecraft from mod architectury->@Inject::onStopping(Lorg/spongepowered/asm/mixin/injection/callback/CallbackInfo;)V won't be passed a CallbackInfo as a result
[11:55:01] [main/DEBUG] (cpw.mods.modlauncher.LaunchPluginHandler) LauncherPluginService mixin transformed net.minecraft.client.MinecraftClient with class compute flags 2
[11:55:01] [main/DEBUG] (cpw.mods.modlauncher.LaunchPluginHandler) LauncherPluginService unprotect offering transform net.minecraft.client.MinecraftClient
[11:55:01] [main/DEBUG] (cpw.mods.modlauncher.LaunchPluginHandler) LauncherPluginService unprotect transformed net.minecraft.client.MinecraftClient with class compute flags 2
[11:55:01] [main/DEBUG] (cpw.mods.modlauncher.LaunchPluginHandler) LauncherPluginService runtimedistcleaner offering transform net.minecraft.client.MinecraftClient
[11:55:01] [main/DEBUG] (net.neoforged.fml.common.asm.RuntimeDistCleaner) Removing Class Annotation: net/minecraft/client/MinecraftClient @Lnet/neoforged/api/distmarker/OnlyIn;
[11:55:01] [main/DEBUG] (cpw.mods.modlauncher.LaunchPluginHandler) LauncherPluginService runtimedistcleaner transformed net.minecraft.client.MinecraftClient with class compute flags 256
[11:55:01] [main/DEBUG] (cpw.mods.modlauncher.LaunchPluginHandler) Final flags state for net.minecraft.client.MinecraftClient is 258
[11:55:01] [main/DEBUG] (cpw.mods.modlauncher.LaunchPluginHandler) LaunchPluginService {AFTER=[org.spongepowered.asm.launch.MixinLaunchPlugin@1a5df070, juuxel.unprotect.UnprotectLaunchPlugin@59e7a6d8, net.neoforged.fml.common.asm.RuntimeDistCleaner@10cae98c]}
[11:55:01] [main/DEBUG] (cpw.mods.modlauncher.LaunchPluginHandler) Final flags state for net.minecraft.client.WindowEventHandler is 0
[11:55:01] [main/DEBUG] (cpw.mods.modlauncher.LaunchPluginHandler) LauncherPluginService mixin offering transform net.minecraft.client.WindowEventHandler
[11:55:01] [main/DEBUG] (cpw.mods.modlauncher.LaunchPluginHandler) LauncherPluginService unprotect offering transform net.minecraft.client.WindowEventHandler
[11:55:01] [main/DEBUG] (cpw.mods.modlauncher.LaunchPluginHandler) LauncherPluginService runtimedistcleaner offering transform net.minecraft.client.WindowEventHandler
[11:55:01] [main/DEBUG] (net.neoforged.fml.common.asm.RuntimeDistCleaner) Removing Class Annotation: net/minecraft/client/WindowEventHandler @Lnet/neoforged/api/distmarker/OnlyIn;
[11:55:01] [main/DEBUG] (cpw.mods.modlauncher.LaunchPluginHandler) LauncherPluginService runtimedistcleaner transformed net.minecraft.client.WindowEventHandler with class compute flags 256
[11:55:01] [main/DEBUG] (cpw.mods.modlauncher.LaunchPluginHandler) Final flags state for net.minecraft.client.WindowEventHandler is 256
[11:55:01] [main/DEBUG] (cpw.mods.modlauncher.LaunchPluginHandler) LaunchPluginService {AFTER=[org.spongepowered.asm.launch.MixinLaunchPlugin@1a5df070, net.neoforged.fml.common.asm.RuntimeDistCleaner@10cae98c]}
[11:55:01] [main/DEBUG] (cpw.mods.modlauncher.LaunchPluginHandler) Final flags state for net.neoforged.neoforge.client.extensions.IMinecraftExtension is 0
[11:55:01] [main/DEBUG] (cpw.mods.modlauncher.LaunchPluginHandler) LauncherPluginService mixin offering transform net.neoforged.neoforge.client.extensions.IMinecraftExtension
[11:55:01] [main/DEBUG] (cpw.mods.modlauncher.LaunchPluginHandler) LauncherPluginService runtimedistcleaner offering transform net.neoforged.neoforge.client.extensions.IMinecraftExtension
[11:55:01] [main/DEBUG] (cpw.mods.modlauncher.LaunchPluginHandler) Final flags state for net.neoforged.neoforge.client.extensions.IMinecraftExtension is 0
[11:55:01] [main/DEBUG] (cpw.mods.modlauncher.LaunchPluginHandler) LaunchPluginService {AFTER=[org.spongepowered.asm.launch.MixinLaunchPlugin@1a5df070, juuxel.unprotect.UnprotectLaunchPlugin@59e7a6d8, net.neoforged.fml.common.asm.RuntimeDistCleaner@10cae98c]}
[11:55:01] [main/DEBUG] (cpw.mods.modlauncher.LaunchPluginHandler) Final flags state for net.minecraft.util.thread.ReentrantThreadExecutor is 0
[11:55:01] [main/DEBUG] (cpw.mods.modlauncher.LaunchPluginHandler) LauncherPluginService mixin offering transform net.minecraft.util.thread.ReentrantThreadExecutor
[11:55:01] [main/DEBUG] (cpw.mods.modlauncher.LaunchPluginHandler) LauncherPluginService unprotect offering transform net.minecraft.util.thread.ReentrantThreadExecutor
[11:55:01] [main/DEBUG] (cpw.mods.modlauncher.LaunchPluginHandler) LauncherPluginService unprotect transformed net.minecraft.util.thread.ReentrantThreadExecutor with class compute flags 2
[11:55:01] [main/DEBUG] (cpw.mods.modlauncher.LaunchPluginHandler) LauncherPluginService runtimedistcleaner offering transform net.minecraft.util.thread.ReentrantThreadExecutor
[11:55:01] [main/DEBUG] (cpw.mods.modlauncher.LaunchPluginHandler) Final flags state for net.minecraft.util.thread.ReentrantThreadExecutor is 2
[11:55:01] [main/DEBUG] (cpw.mods.modlauncher.LaunchPluginHandler) LaunchPluginService {AFTER=[org.spongepowered.asm.launch.MixinLaunchPlugin@1a5df070, juuxel.unprotect.UnprotectLaunchPlugin@59e7a6d8, net.neoforged.fml.common.asm.RuntimeDistCleaner@10cae98c]}
[11:55:01] [main/DEBUG] (cpw.mods.modlauncher.LaunchPluginHandler) Final flags state for net.minecraft.util.thread.ThreadExecutor is 0
[11:55:01] [main/DEBUG] (cpw.mods.modlauncher.LaunchPluginHandler) LauncherPluginService mixin offering transform net.minecraft.util.thread.ThreadExecutor
[11:55:01] [main/DEBUG] (cpw.mods.modlauncher.LaunchPluginHandler) LauncherPluginService unprotect offering transform net.minecraft.util.thread.ThreadExecutor
[11:55:01] [main/DEBUG] (cpw.mods.modlauncher.LaunchPluginHandler) LauncherPluginService unprotect transformed net.minecraft.util.thread.ThreadExecutor with class compute flags 2
[11:55:01] [main/DEBUG] (cpw.mods.modlauncher.LaunchPluginHandler) LauncherPluginService runtimedistcleaner offering transform net.minecraft.util.thread.ThreadExecutor
[11:55:01] [main/DEBUG] (cpw.mods.modlauncher.LaunchPluginHandler) Final flags state for net.minecraft.util.thread.ThreadExecutor is 2
[11:55:01] [main/DEBUG] (cpw.mods.modlauncher.LaunchPluginHandler) LaunchPluginService {AFTER=[org.spongepowered.asm.launch.MixinLaunchPlugin@1a5df070, juuxel.unprotect.UnprotectLaunchPlugin@59e7a6d8, net.neoforged.fml.common.asm.RuntimeDistCleaner@10cae98c]}
[11:55:01] [main/DEBUG] (cpw.mods.modlauncher.LaunchPluginHandler) Final flags state for net.minecraft.util.thread.SampleableExecutor is 0
[11:55:01] [main/DEBUG] (cpw.mods.modlauncher.LaunchPluginHandler) LauncherPluginService mixin offering transform net.minecraft.util.thread.SampleableExecutor
[11:55:01] [main/DEBUG] (cpw.mods.modlauncher.LaunchPluginHandler) LauncherPluginService unprotect offering transform net.minecraft.util.thread.SampleableExecutor
[11:55:01] [main/DEBUG] (cpw.mods.modlauncher.LaunchPluginHandler) LauncherPluginService runtimedistcleaner offering transform net.minecraft.util.thread.SampleableExecutor
[11:55:01] [main/DEBUG] (cpw.mods.modlauncher.LaunchPluginHandler) Final flags state for net.minecraft.util.thread.SampleableExecutor is 0
[11:55:01] [main/DEBUG] (cpw.mods.modlauncher.LaunchPluginHandler) LaunchPluginService {AFTER=[org.spongepowered.asm.launch.MixinLaunchPlugin@1a5df070, juuxel.unprotect.UnprotectLaunchPlugin@59e7a6d8, net.neoforged.fml.common.asm.RuntimeDistCleaner@10cae98c]}
[11:55:01] [main/DEBUG] (cpw.mods.modlauncher.LaunchPluginHandler) Final flags state for net.minecraft.util.thread.MessageListener is 0
[11:55:01] [main/DEBUG] (cpw.mods.modlauncher.LaunchPluginHandler) LauncherPluginService mixin offering transform net.minecraft.util.thread.MessageListener
[11:55:01] [main/DEBUG] (cpw.mods.modlauncher.LaunchPluginHandler) LauncherPluginService unprotect offering transform net.minecraft.util.thread.MessageListener
[11:55:01] [main/DEBUG] (cpw.mods.modlauncher.LaunchPluginHandler) LauncherPluginService unprotect transformed net.minecraft.util.thread.MessageListener with class compute flags 2
[11:55:01] [main/DEBUG] (cpw.mods.modlauncher.LaunchPluginHandler) LauncherPluginService runtimedistcleaner offering transform net.minecraft.util.thread.MessageListener
[11:55:01] [main/DEBUG] (cpw.mods.modlauncher.LaunchPluginHandler) Final flags state for net.minecraft.util.thread.MessageListener is 2
[149月2025 11:55:01.912] [main/DEBUG] [io.netty.util.internal.logging.InternalLoggerFactory/]: Using SLF4J as the default logging framework
[149月2025 11:55:01.914] [main/DEBUG] [io.netty.util.ResourceLeakDetector/]: -Dio.netty.leakDetection.level: simple
[149月2025 11:55:01.914] [main/DEBUG] [io.netty.util.ResourceLeakDetector/]: -Dio.netty.leakDetection.targetRecords: 4
[149月2025 11:55:02.626] [main/DEBUG] [oshi.util.FileUtil/]: No oshi.properties file found from ClassLoader cpw.mods.modlauncher.TransformingClassLoader@79228440
[149月2025 11:55:02.993] [Datafixer Bootstrap/INFO] [com.mojang.datafixers.DataFixerBuilder/]: 229 Datafixer optimizations took 387 milliseconds
[149月2025 11:55:03.029] [main/DEBUG] [oshi.util.FileUtil/]: No oshi.architecture.properties file found from ClassLoader cpw.mods.modlauncher.TransformingClassLoader@79228440
[149月2025 11:55:03.108] [pool-13-thread-1/DEBUG] [mixin/]: Mixing MappedRegistryAccessor from neoforge.mixins.json into net.minecraft.registry.SimpleRegistry
[149月2025 11:55:03.185] [pool-13-thread-1/DEBUG] [mixin/]: Mixing inject.MixinBlock from architectury-common.mixins.json into net.minecraft.block.Block
[149月2025 11:55:03.187] [pool-13-thread-1/DEBUG] [mixin/]: architectury-common.mixins.json:inject.MixinBlock from mod architectury: Class version 65 required is higher than the class version supported by the current version of Mixin (JAVA_16 supports class version 60)
[149月2025 11:55:03.494] [pool-13-thread-1/DEBUG] [mixin/]: Mixing neoforge.LiquidBlockAccessor from architectury.mixins.json into net.minecraft.block.FluidBlock
[149月2025 11:55:03.494] [pool-13-thread-1/DEBUG] [mixin/]: architectury.mixins.json:neoforge.LiquidBlockAccessor from mod architectury: Class version 65 required is higher than the class version supported by the current version of Mixin (JAVA_16 supports class version 60)
[149月2025 11:55:03.494] [pool-13-thread-1/DEBUG] [mixin/]: Mixing inject.MixinLiquidBlock from architectury-common.mixins.json into net.minecraft.block.FluidBlock
[149月2025 11:55:03.494] [pool-13-thread-1/DEBUG] [mixin/]: architectury-common.mixins.json:inject.MixinLiquidBlock from mod architectury: Class version 65 required is higher than the class version supported by the current version of Mixin (JAVA_16 supports class version 60)
[149月2025 11:55:03.671] [pool-13-thread-1/DEBUG] [net.neoforged.coremod.transformer.CoreModBaseTransformer/COREMOD]: Transforming net/minecraft/block/FlowerPotBlock
[149月2025 11:55:03.710] [pool-13-thread-1/DEBUG] [mixin/]: Mixing inject.MixinEntityType from architectury-common.mixins.json into net.minecraft.entity.EntityType
[149月2025 11:55:03.710] [pool-13-thread-1/DEBUG] [mixin/]: architectury-common.mixins.json:inject.MixinEntityType from mod architectury: Class version 65 required is higher than the class version supported by the current version of Mixin (JAVA_16 supports class version 60)
[149月2025 11:55:03.732] [pool-13-thread-1/DEBUG] [mixin/]: Mixing inject.MixinFluid from architectury-common.mixins.json into net.minecraft.fluid.Fluid
[149月2025 11:55:03.732] [pool-13-thread-1/DEBUG] [mixin/]: architectury-common.mixins.json:inject.MixinFluid from mod architectury: Class version 65 required is higher than the class version supported by the current version of Mixin (JAVA_16 supports class version 60)
[149月2025 11:55:03.783] [pool-13-thread-1/DEBUG] [mixin/]: Mixing MixinFallingBlockEntity from architectury.mixins.json into net.minecraft.entity.FallingBlockEntity
[149月2025 11:55:03.784] [pool-13-thread-1/DEBUG] [mixin/]: architectury.mixins.json:MixinFallingBlockEntity from mod architectury: Class version 65 required is higher than the class version supported by the current version of Mixin (JAVA_16 supports class version 60)
[149月2025 11:55:03.804] [pool-13-thread-1/DEBUG] [mixin/]: architectury.mixins.json:MixinFallingBlockEntity from mod architectury->@Inject::handleLand(Lorg/spongepowered/asm/mixin/injection/callback/CallbackInfo;Lnet/minecraft/block/Block;Lnet/minecraft/util/math/BlockPos;ZZDLnet/minecraft/block/BlockState;)V doesn't use it's CallbackInfo
[149月2025 11:55:03.804] [pool-13-thread-1/DEBUG] [mixin/]: architectury.mixins.json:MixinFallingBlockEntity from mod architectury->@Inject::handleLand(Lorg/spongepowered/asm/mixin/injection/callback/CallbackInfo;Lnet/minecraft/block/Block;Lnet/minecraft/util/math/BlockPos;ZZDLnet/minecraft/block/BlockState;)V has 0 override(s) in child classes
[149月2025 11:55:03.804] [pool-13-thread-1/DEBUG] [mixin/]: architectury.mixins.json:MixinFallingBlockEntity from mod architectury->@Inject::handleLand(Lorg/spongepowered/asm/mixin/injection/callback/CallbackInfo;Lnet/minecraft/block/Block;Lnet/minecraft/util/math/BlockPos;ZZDLnet/minecraft/block/BlockState;)V won't be passed a CallbackInfo as a result
[149月2025 11:55:04.023] [pool-13-thread-1/DEBUG] [mixin/]: Mixing BlockEntityTypeAccessor from neoforge.mixins.json into net.minecraft.block.entity.BlockEntityType
[149月2025 11:55:04.168] [pool-13-thread-1/DEBUG] [net.neoforged.coremod.transformer.CoreModBaseTransformer/COREMOD]: Transforming net/minecraft/world/biome/Biome
[149月2025 11:55:05.083] [pool-13-thread-1/DEBUG] [mixin/]: Mixing inject.MixinItem from architectury-common.mixins.json into net.minecraft.item.Item
[149月2025 11:55:05.084] [pool-13-thread-1/DEBUG] [mixin/]: architectury-common.mixins.json:inject.MixinItem from mod architectury: Class version 65 required is higher than the class version supported by the current version of Mixin (JAVA_16 supports class version 60)
[149月2025 11:55:05.092] [pool-13-thread-1/DEBUG] [mixin/]: architectury-common.mixins.json:inject.MixinItem from mod architectury->@Inject::init(Lnet/minecraft/item/Item$Settings;Lorg/spongepowered/asm/mixin/injection/callback/CallbackInfo;)V doesn't use it's CallbackInfo
[149月2025 11:55:05.092] [pool-13-thread-1/DEBUG] [mixin/]: architectury-common.mixins.json:inject.MixinItem from mod architectury->@Inject::init(Lnet/minecraft/item/Item$Settings;Lorg/spongepowered/asm/mixin/injection/callback/CallbackInfo;)V has 0 override(s) in child classes
[149月2025 11:55:05.092] [pool-13-thread-1/DEBUG] [mixin/]: architectury-common.mixins.json:inject.MixinItem from mod architectury->@Inject::init(Lnet/minecraft/item/Item$Settings;Lorg/spongepowered/asm/mixin/injection/callback/CallbackInfo;)V won't be passed a CallbackInfo as a result
[149月2025 11:55:05.110] [pool-13-thread-1/DEBUG] [mixin/]: Mixing neoforge.MixinBucketItem from architectury.mixins.json into net.minecraft.item.BucketItem
[149月2025 11:55:05.110] [pool-13-thread-1/DEBUG] [mixin/]: architectury.mixins.json:neoforge.MixinBucketItem from mod architectury: Class version 65 required is higher than the class version supported by the current version of Mixin (JAVA_16 supports class version 60)
[149月2025 11:55:05.112] [pool-13-thread-1/DEBUG] [mixin/]: Mixing neoforge.BucketItemAccessor from architectury.mixins.json into net.minecraft.item.BucketItem
[149月2025 11:55:05.113] [pool-13-thread-1/DEBUG] [mixin/]: architectury.mixins.json:neoforge.BucketItemAccessor from mod architectury: Class version 65 required is higher than the class version supported by the current version of Mixin (JAVA_16 supports class version 60)
[149月2025 11:55:05.113] [pool-13-thread-1/DEBUG] [mixin/]: Mixing inject.MixinBucketItem from architectury-common.mixins.json into net.minecraft.item.BucketItem
[149月2025 11:55:05.113] [pool-13-thread-1/DEBUG] [mixin/]: architectury-common.mixins.json:inject.MixinBucketItem from mod architectury: Class version 65 required is higher than the class version supported by the current version of Mixin (JAVA_16 supports class version 60)
[149月2025 11:55:05.136] [pool-13-thread-1/DEBUG] [mixin/]: architectury.mixins.json:neoforge.MixinBucketItem from mod architectury->@Inject::fillBucket(Lnet/minecraft/world/World;Lnet/minecraft/entity/player/PlayerEntity;Lnet/minecraft/util/Hand;Lorg/spongepowered/asm/mixin/injection/callback/CallbackInfoReturnable;Lnet/minecraft/item/ItemStack;Lnet/minecraft/util/hit/BlockHitResult;)V does use it's CallbackInfoReturnable
[149月2025 11:55:05.189] [pool-13-thread-1/DEBUG] [mixin/]: Mixing inject.MixinItemProperties from architectury-common.mixins.json into net.minecraft.item.Item$Settings
[149月2025 11:55:05.189] [pool-13-thread-1/DEBUG] [mixin/]: architectury-common.mixins.json:inject.MixinItemProperties from mod architectury: Class version 65 required is higher than the class version supported by the current version of Mixin (JAVA_16 supports class version 60)
[149月2025 11:55:05.231] [pool-13-thread-1/DEBUG] [io.netty.util.internal.PlatformDependent0/]: -Dio.netty.noUnsafe: false
[149月2025 11:55:05.231] [pool-13-thread-1/DEBUG] [io.netty.util.internal.PlatformDependent0/]: Java version: 21
[149月2025 11:55:05.232] [pool-13-thread-1/DEBUG] [io.netty.util.internal.PlatformDependent0/]: sun.misc.Unsafe.theUnsafe: available
[149月2025 11:55:05.232] [pool-13-thread-1/DEBUG] [io.netty.util.internal.PlatformDependent0/]: sun.misc.Unsafe.copyMemory: available
[149月2025 11:55:05.232] [pool-13-thread-1/DEBUG] [io.netty.util.internal.PlatformDependent0/]: sun.misc.Unsafe.storeFence: available
[149月2025 11:55:05.232] [pool-13-thread-1/DEBUG] [io.netty.util.internal.PlatformDependent0/]: java.nio.Buffer.address: available
[149月2025 11:55:05.233] [pool-13-thread-1/DEBUG] [io.netty.util.internal.PlatformDependent0/]: java.nio.Bits.unaligned: available, true
[149月2025 11:55:05.234] [pool-13-thread-1/DEBUG] [io.netty.util.internal.PlatformDependent0/]: java.nio.DirectByteBuffer.<init>(long, {int,long}): unavailable
[149月2025 11:55:05.234] [pool-13-thread-1/DEBUG] [io.netty.util.internal.PlatformDependent/]: sun.misc.Unsafe: available
[149月2025 11:55:05.235] [pool-13-thread-1/DEBUG] [io.netty.util.internal.PlatformDependent/]: maxDirectMemory: 4280287232 bytes (maybe)
[149月2025 11:55:05.235] [pool-13-thread-1/DEBUG] [io.netty.util.internal.PlatformDependent/]: -Dio.netty.tmpdir: C:\Users\ADMINI~1\AppData\Local\Temp (java.io.tmpdir)
[149月2025 11:55:05.235] [pool-13-thread-1/DEBUG] [io.netty.util.internal.PlatformDependent/]: -Dio.netty.bitMode: 64 (sun.arch.data.model)
[149月2025 11:55:05.235] [pool-13-thread-1/DEBUG] [io.netty.util.internal.PlatformDependent/]: Platform: Windows
[149月2025 11:55:05.235] [pool-13-thread-1/DEBUG] [io.netty.util.internal.PlatformDependent/]: -Dio.netty.maxDirectMemory: -1 bytes
[149月2025 11:55:05.235] [pool-13-thread-1/DEBUG] [io.netty.util.internal.PlatformDependent/]: -Dio.netty.uninitializedArrayAllocationThreshold: -1
[149月2025 11:55:05.236] [pool-13-thread-1/DEBUG] [io.netty.util.internal.CleanerJava9/]: java.nio.ByteBuffer.cleaner(): available
[149月2025 11:55:05.237] [pool-13-thread-1/DEBUG] [io.netty.util.internal.PlatformDependent/]: -Dio.netty.noPreferDirect: false
[149月2025 11:55:05.734] [pool-13-thread-1/DEBUG] [mixin/]: Mixing MixinLightningBolt from architectury-common.mixins.json into net.minecraft.entity.LightningEntity
[149月2025 11:55:05.735] [pool-13-thread-1/DEBUG] [mixin/]: architectury-common.mixins.json:MixinLightningBolt from mod architectury: Class version 65 required is higher than the class version supported by the current version of Mixin (JAVA_16 supports class version 60)
[149月2025 11:55:05.749] [pool-13-thread-1/DEBUG] [mixin/]: architectury-common.mixins.json:MixinLightningBolt from mod architectury->@Inject::handleLightning(Lorg/spongepowered/asm/mixin/injection/callback/CallbackInfo;Ljava/util/List;)V doesn't use it's CallbackInfo
[149月2025 11:55:05.749] [pool-13-thread-1/DEBUG] [mixin/]: architectury-common.mixins.json:MixinLightningBolt from mod architectury->@Inject::handleLightning(Lorg/spongepowered/asm/mixin/injection/callback/CallbackInfo;Ljava/util/List;)V has 0 override(s) in child classes
[149月2025 11:55:05.749] [pool-13-thread-1/DEBUG] [mixin/]: architectury-common.mixins.json:MixinLightningBolt from mod architectury->@Inject::handleLightning(Lorg/spongepowered/asm/mixin/injection/callback/CallbackInfo;Ljava/util/List;)V won't be passed a CallbackInfo as a result
[149月2025 11:55:05.928] [pool-13-thread-1/DEBUG] [mixin/]: Mixing inject.MixinFoodPropertiesBuilder from architectury-common.mixins.json into net.minecraft.component.type.FoodComponent$Builder
[149月2025 11:55:05.928] [pool-13-thread-1/DEBUG] [mixin/]: architectury-common.mixins.json:inject.MixinFoodPropertiesBuilder from mod architectury: Class version 65 required is higher than the class version supported by the current version of Mixin (JAVA_16 supports class version 60)
[149月2025 11:55:06.379] [pool-13-thread-1/DEBUG] [mixin/]: Mixing MixinInventory from architectury.mixins.json into net.minecraft.entity.player.PlayerInventory
[149月2025 11:55:06.380] [pool-13-thread-1/DEBUG] [mixin/]: architectury.mixins.json:MixinInventory from mod architectury: Class version 65 required is higher than the class version supported by the current version of Mixin (JAVA_16 supports class version 60)
[149月2025 11:55:06.386] [pool-13-thread-1/DEBUG] [mixin/]: architectury.mixins.json:MixinInventory from mod architectury->@Inject::updateItems(Lorg/spongepowered/asm/mixin/injection/callback/CallbackInfo;)V doesn't use it's CallbackInfo
[149月2025 11:55:06.387] [pool-13-thread-1/DEBUG] [mixin/]: architectury.mixins.json:MixinInventory from mod architectury->@Inject::updateItems(Lorg/spongepowered/asm/mixin/injection/callback/CallbackInfo;)V has 0 override(s) in child classes
[149月2025 11:55:06.387] [pool-13-thread-1/DEBUG] [mixin/]: architectury.mixins.json:MixinInventory from mod architectury->@Inject::updateItems(Lorg/spongepowered/asm/mixin/injection/callback/CallbackInfo;)V won't be passed a CallbackInfo as a result
[149月2025 11:55:06.761] [pool-13-thread-1/DEBUG] [net.neoforged.coremod.transformer.CoreModBaseTransformer/COREMOD]: Transforming net/minecraft/world/gen/structure/Structure
[149月2025 11:55:07.235] [main/DEBUG] [mixin/]: Mixing MixinLevelEvent from architectury.mixins.json into net.neoforged.neoforge.event.level.LevelEvent
[149月2025 11:55:07.236] [main/DEBUG] [mixin/]: architectury.mixins.json:MixinLevelEvent from mod architectury: Class version 65 required is higher than the class version supported by the current version of Mixin (JAVA_16 supports class version 60)
[149月2025 11:55:07.530] [main/DEBUG] [mixin/]: Mixing client.MixinCommandSourceStack from architectury.mixins.json into net.minecraft.server.command.ServerCommandSource
[149月2025 11:55:07.530] [main/DEBUG] [mixin/]: architectury.mixins.json:client.MixinCommandSourceStack from mod architectury: Class version 65 required is higher than the class version supported by the current version of Mixin (JAVA_16 supports class version 60)
[149月2025 11:55:07.801] [main/WARN] [net.minecraft.server.command.CommandManager/]: Ambiguity between arguments [teleport, location] and [teleport, destination] with inputs: [0.1 -0.5 .9, 0 0 0]
[149月2025 11:55:07.802] [main/WARN] [net.minecraft.server.command.CommandManager/]: Ambiguity between arguments [teleport, location] and [teleport, targets] with inputs: [0.1 -0.5 .9, 0 0 0]
[149月2025 11:55:07.805] [main/WARN] [net.minecraft.server.command.CommandManager/]: Ambiguity between arguments [teleport, destination] and [teleport, targets] with inputs: [Player, 0123, @e, dd12be42-52a9-4a91-a8a1-11c01849e498]
[149月2025 11:55:07.807] [main/WARN] [net.minecraft.server.command.CommandManager/]: Ambiguity between arguments [teleport, targets] and [teleport, destination] with inputs: [Player, 0123, dd12be42-52a9-4a91-a8a1-11c01849e498]
[149月2025 11:55:07.808] [main/WARN] [net.minecraft.server.command.CommandManager/]: Ambiguity between arguments [teleport, targets, location] and [teleport, targets, destination] with inputs: [0.1 -0.5 .9, 0 0 0]
[149月2025 11:55:07.839] [Render thread/DEBUG] [mixin/]: Mixing MixinClientLevel from architectury.mixins.json into net.minecraft.client.world.ClientWorld
[149月2025 11:55:07.840] [Render thread/DEBUG] [mixin/]: architectury.mixins.json:MixinClientLevel from mod architectury: Class version 65 required is higher than the class version supported by the current version of Mixin (JAVA_16 supports class version 60)
[149月2025 11:55:07.844] [Render thread/DEBUG] [mixin/]: Mixing ClientWorldMixin from disc_jockey.mixins.json into net.minecraft.client.world.ClientWorld
[149月2025 11:55:07.869] [Render thread/DEBUG] [mixin/]: architectury.mixins.json:MixinClientLevel from mod architectury->@Inject::tickEntities(Lorg/spongepowered/asm/mixin/injection/callback/CallbackInfo;)V doesn't use it's CallbackInfo
[149月2025 11:55:07.870] [Render thread/DEBUG] [mixin/]: architectury.mixins.json:MixinClientLevel from mod architectury->@Inject::tickEntities(Lorg/spongepowered/asm/mixin/injection/callback/CallbackInfo;)V has 0 override(s) in child classes
[149月2025 11:55:07.870] [Render thread/DEBUG] [mixin/]: architectury.mixins.json:MixinClientLevel from mod architectury->@Inject::tickEntities(Lorg/spongepowered/asm/mixin/injection/callback/CallbackInfo;)V won't be passed a CallbackInfo as a result
[149月2025 11:55:07.870] [Render thread/DEBUG] [mixin/]: architectury.mixins.json:MixinClientLevel from mod architectury->@Inject::tickEntitiesPost(Lorg/spongepowered/asm/mixin/injection/callback/CallbackInfo;)V doesn't use it's CallbackInfo
[149月2025 11:55:07.870] [Render thread/DEBUG] [mixin/]: architectury.mixins.json:MixinClientLevel from mod architectury->@Inject::tickEntitiesPost(Lorg/spongepowered/asm/mixin/injection/callback/CallbackInfo;)V has 0 override(s) in child classes
[149月2025 11:55:07.870] [Render thread/DEBUG] [mixin/]: architectury.mixins.json:MixinClientLevel from mod architectury->@Inject::tickEntitiesPost(Lorg/spongepowered/asm/mixin/injection/callback/CallbackInfo;)V won't be passed a CallbackInfo as a result
[149月2025 11:55:07.870] [Render thread/DEBUG] [mixin/]: disc_jockey.mixins.json:ClientWorldMixin from mod disc_jockey->@Inject::makeNoteBlockSoundsOmnidirectional(DDDLnet/minecraft/sound/SoundEvent;Lnet/minecraft/sound/SoundCategory;FFZJLorg/spongepowered/asm/mixin/injection/callback/CallbackInfo;)V does use it's CallbackInfo
[149月2025 11:55:07.870] [Render thread/DEBUG] [mixin/]: disc_jockey.mixins.json:ClientWorldMixin from mod disc_jockey->@Inject::tick(Ljava/util/function/BooleanSupplier;Lorg/spongepowered/asm/mixin/injection/callback/CallbackInfo;)V doesn't use it's CallbackInfo
[149月2025 11:55:07.870] [Render thread/DEBUG] [mixin/]: disc_jockey.mixins.json:ClientWorldMixin from mod disc_jockey->@Inject::tick(Ljava/util/function/BooleanSupplier;Lorg/spongepowered/asm/mixin/injection/callback/CallbackInfo;)V has 0 override(s) in child classes
[149月2025 11:55:07.870] [Render thread/DEBUG] [mixin/]: disc_jockey.mixins.json:ClientWorldMixin from mod disc_jockey->@Inject::tick(Ljava/util/function/BooleanSupplier;Lorg/spongepowered/asm/mixin/injection/callback/CallbackInfo;)V won't be passed a CallbackInfo as a result
[149月2025 11:55:07.956] [Render thread/WARN] [net.minecraft.resource.DefaultResourcePackBuilder/]: Assets URL 'union:/F:/.gradle/caches/fabric-loom/minecraftMaven/net/minecraft/neoforge-21.0.167-minecraft-merged/1.21-loom.mappings.1_21.layered+hash.426444933-v2-neoforge-21.0.167/neoforge-21.0.167-minecraft-merged-1.21-loom.mappings.1_21.layered+hash.426444933-v2-neoforge-21.0.167.jar%23191!/assets/.mcassetsroot' uses unexpected schema
[149月2025 11:55:07.957] [Render thread/WARN] [net.minecraft.resource.DefaultResourcePackBuilder/]: Assets URL 'union:/F:/.gradle/caches/fabric-loom/minecraftMaven/net/minecraft/neoforge-21.0.167-minecraft-merged/1.21-loom.mappings.1_21.layered+hash.426444933-v2-neoforge-21.0.167/neoforge-21.0.167-minecraft-merged-1.21-loom.mappings.1_21.layered+hash.426444933-v2-neoforge-21.0.167.jar%23191!/data/.mcassetsroot' uses unexpected schema
[149月2025 11:55:07.979] [Render thread/INFO] [com.mojang.authlib.yggdrasil.YggdrasilAuthenticationService/]: Environment: Environment[sessionHost=https://sessionserver.mojang.com, servicesHost=https://api.minecraftservices.com, name=PROD]
[149月2025 11:55:07.988] [Render thread/INFO] [net.minecraft.client.MinecraftClient/]: Setting user: Dev
[149月2025 11:55:08.063] [Render thread/INFO] [net.minecraft.client.MinecraftClient/]: Backend library: LWJGL version 3.3.3+5
[149月2025 11:55:08.244] [Render thread/DEBUG] [net.neoforged.fml.ModWorkManager/LOADING]: Using 8 threads for parallel mod-loading
[149月2025 11:55:08.255] [Render thread/DEBUG] [net.neoforged.fml.javafmlmod.FMLModContainer/LOADING]: Creating FMLModContainer instance for [me.shedaniel.clothconfig.ClothConfigForge]
[149月2025 11:55:08.257] [Render thread/DEBUG] [net.neoforged.fml.javafmlmod.FMLModContainer/LOADING]: Creating FMLModContainer instance for [generatedgenerated_3b4e93c.generated_3b4e93c]
[149月2025 11:55:08.257] [Render thread/DEBUG] [net.neoforged.fml.javafmlmod.FMLModContainer/LOADING]: Creating FMLModContainer instance for [dev.architectury.neoforge.ArchitecturyNeoForge]
[149月2025 11:55:08.258] [Render thread/DEBUG] [net.neoforged.fml.javafmlmod.FMLModContainer/LOADING]: Creating FMLModContainer instance for [cn.ksmcbrigade.dj.neoforge.NeoDiscJockeyModNeo]
[149月2025 11:55:08.259] [Render thread/DEBUG] [net.neoforged.fml.javafmlmod.FMLModContainer/LOADING]: Creating FMLModContainer instance for [net.neoforged.neoforge.common.NeoForgeMod, net.neoforged.neoforge.client.ClientNeoForgeMod]
[149月2025 11:55:08.265] [modloading-worker-0/DEBUG] [net.neoforged.fml.javafmlmod.AutomaticEventSubscriber/LOADING]: Attempting to inject @EventBusSubscriber classes into the eventbus for generated_3b4e93c
[149月2025 11:55:08.267] [modloading-worker-0/DEBUG] [net.neoforged.fml.javafmlmod.AutomaticEventSubscriber/LOADING]: Attempting to inject @EventBusSubscriber classes into the eventbus for cloth_config
[149月2025 11:55:08.279] [modloading-worker-0/DEBUG] [net.neoforged.neoforge.internal.versions.neoforge.NeoForgeVersion/CORE]: Found NeoForge version 21.0.167
[149月2025 11:55:08.279] [modloading-worker-0/DEBUG] [net.neoforged.neoforge.internal.versions.neoforge.NeoForgeVersion/CORE]: Found FML version 4.0.23
[149月2025 11:55:08.279] [modloading-worker-0/INFO] [net.neoforged.neoforge.common.NeoForgeMod/NEOFORGE-MOD]: NeoForge mod loading, version 21.0.167, for MC 1.21
[149月2025 11:55:08.313] [modloading-worker-0/DEBUG] [net.neoforged.fml.config.ConfigTracker/CONFIG]: Config file neoforge-client.toml for neoforge tracking
[149月2025 11:55:08.313] [modloading-worker-0/DEBUG] [net.neoforged.fml.config.ConfigTracker/CONFIG]: Config file neoforge-server.toml for neoforge tracking
[149月2025 11:55:08.313] [modloading-worker-0/DEBUG] [net.neoforged.fml.config.ConfigTracker/CONFIG]: Config file neoforge-common.toml for neoforge tracking
[149月2025 11:55:08.320] [modloading-worker-0/DEBUG] [net.neoforged.fml.javafmlmod.AutomaticEventSubscriber/LOADING]: Attempting to inject @EventBusSubscriber classes into the eventbus for architectury
[149月2025 11:55:08.366] [modloading-worker-0/DEBUG] [net.neoforged.fml.javafmlmod.AutomaticEventSubscriber/LOADING]: Attempting to inject @EventBusSubscriber classes into the eventbus for neoforge
[149月2025 11:55:08.368] [modloading-worker-0/DEBUG] [net.neoforged.fml.javafmlmod.AutomaticEventSubscriber/LOADING]: Auto-subscribing net.neoforged.neoforge.attachment.AttachmentInternals to GAME
[149月2025 11:55:08.370] [modloading-worker-0/DEBUG] [net.neoforged.fml.javafmlmod.AutomaticEventSubscriber/LOADING]: Auto-subscribing net.neoforged.neoforge.server.command.ConfigCommand to GAME
[149月2025 11:55:08.371] [modloading-worker-0/DEBUG] [net.neoforged.fml.javafmlmod.AutomaticEventSubscriber/LOADING]: Auto-subscribing net.neoforged.neoforge.network.ConfigurationInitialization to MOD
[149月2025 11:55:08.374] [modloading-worker-0/DEBUG] [net.neoforged.fml.javafmlmod.AutomaticEventSubscriber/LOADING]: Auto-subscribing net.neoforged.neoforge.network.filters.GenericPacketSplitter to MOD
[149月2025 11:55:08.402] [modloading-worker-0/DEBUG] [io.netty.buffer.AbstractByteBuf/]: -Dio.netty.buffer.checkAccessible: true
[149月2025 11:55:08.402] [modloading-worker-0/DEBUG] [io.netty.buffer.AbstractByteBuf/]: -Dio.netty.buffer.checkBounds: true
[149月2025 11:55:08.403] [modloading-worker-0/DEBUG] [io.netty.util.ResourceLeakDetectorFactory/]: Loaded default ResourceLeakDetector: io.netty.util.ResourceLeakDetector@1df60f09
[149月2025 11:55:08.411] [modloading-worker-0/DEBUG] [io.netty.util.internal.InternalThreadLocalMap/]: -Dio.netty.threadLocalMap.stringBuilder.initialSize: 1024
[149月2025 11:55:08.411] [modloading-worker-0/DEBUG] [io.netty.util.internal.InternalThreadLocalMap/]: -Dio.netty.threadLocalMap.stringBuilder.maxSize: 4096
[149月2025 11:55:08.414] [modloading-worker-0/DEBUG] [io.netty.buffer.PooledByteBufAllocator/]: -Dio.netty.allocator.numHeapArenas: 16
[149月2025 11:55:08.414] [modloading-worker-0/DEBUG] [io.netty.buffer.PooledByteBufAllocator/]: -Dio.netty.allocator.numDirectArenas: 16
[149月2025 11:55:08.414] [modloading-worker-0/DEBUG] [io.netty.buffer.PooledByteBufAllocator/]: -Dio.netty.allocator.pageSize: 8192
[149月2025 11:55:08.414] [modloading-worker-0/DEBUG] [io.netty.buffer.PooledByteBufAllocator/]: -Dio.netty.allocator.maxOrder: 9
[149月2025 11:55:08.414] [modloading-worker-0/DEBUG] [io.netty.buffer.PooledByteBufAllocator/]: -Dio.netty.allocator.chunkSize: 4194304
[149月2025 11:55:08.415] [modloading-worker-0/DEBUG] [io.netty.buffer.PooledByteBufAllocator/]: -Dio.netty.allocator.smallCacheSize: 256
[149月2025 11:55:08.415] [modloading-worker-0/DEBUG] [io.netty.buffer.PooledByteBufAllocator/]: -Dio.netty.allocator.normalCacheSize: 64
[149月2025 11:55:08.415] [modloading-worker-0/DEBUG] [io.netty.buffer.PooledByteBufAllocator/]: -Dio.netty.allocator.maxCachedBufferCapacity: 32768
[149月2025 11:55:08.415] [modloading-worker-0/DEBUG] [io.netty.buffer.PooledByteBufAllocator/]: -Dio.netty.allocator.cacheTrimInterval: 8192
[149月2025 11:55:08.415] [modloading-worker-0/DEBUG] [io.netty.buffer.PooledByteBufAllocator/]: -Dio.netty.allocator.cacheTrimIntervalMillis: 0
[149月2025 11:55:08.415] [modloading-worker-0/DEBUG] [io.netty.buffer.PooledByteBufAllocator/]: -Dio.netty.allocator.useCacheForAllThreads: false
[149月2025 11:55:08.415] [modloading-worker-0/DEBUG] [io.netty.buffer.PooledByteBufAllocator/]: -Dio.netty.allocator.maxCachedByteBuffersPerChunk: 1023
[149月2025 11:55:08.423] [modloading-worker-0/DEBUG] [io.netty.buffer.ByteBufUtil/]: -Dio.netty.allocator.type: pooled
[149月2025 11:55:08.423] [modloading-worker-0/DEBUG] [io.netty.buffer.ByteBufUtil/]: -Dio.netty.threadLocalDirectBufferSize: 0
[149月2025 11:55:08.424] [modloading-worker-0/DEBUG] [io.netty.buffer.ByteBufUtil/]: -Dio.netty.maxThreadLocalCharBufferSize: 16384
[149月2025 11:55:08.436] [modloading-worker-0/DEBUG] [net.neoforged.fml.javafmlmod.AutomaticEventSubscriber/LOADING]: Auto-subscribing net.neoforged.neoforge.network.NetworkInitialization to MOD
[149月2025 11:55:08.437] [modloading-worker-0/DEBUG] [net.neoforged.fml.javafmlmod.AutomaticEventSubscriber/LOADING]: Auto-subscribing net.neoforged.neoforge.common.MonsterRoomHooks to GAME
[149月2025 11:55:08.438] [modloading-worker-0/DEBUG] [net.neoforged.fml.javafmlmod.AutomaticEventSubscriber/LOADING]: Auto-subscribing net.neoforged.neoforge.common.DeferredSpawnEggItem$CommonHandler to MOD
[149月2025 11:55:08.441] [modloading-worker-0/DEBUG] [net.neoforged.fml.javafmlmod.AutomaticEventSubscriber/LOADING]: Auto-subscribing net.neoforged.neoforge.common.DeferredSpawnEggItem$ColorRegisterHandler to MOD
[149月2025 11:55:08.442] [modloading-worker-0/DEBUG] [net.neoforged.fml.javafmlmod.AutomaticEventSubscriber/LOADING]: Auto-subscribing net.neoforged.neoforge.client.ParticleBoundsDebugRenderer to GAME
[149月2025 11:55:08.446] [modloading-worker-0/DEBUG] [net.neoforged.fml.javafmlmod.AutomaticEventSubscriber/LOADING]: Auto-subscribing net.neoforged.neoforge.client.BlockEntityRenderBoundsDebugRenderer to GAME
[149月2025 11:55:08.449] [modloading-worker-0/DEBUG] [net.neoforged.fml.javafmlmod.AutomaticEventSubscriber/LOADING]: Auto-subscribing net.neoforged.neoforge.client.ClientHooks$ClientEvents to MOD
[149月2025 11:55:08.453] [modloading-worker-0/DEBUG] [net.neoforged.fml.javafmlmod.AutomaticEventSubscriber/LOADING]: Auto-subscribing net.neoforged.neoforge.client.model.data.ModelDataManager to GAME
[149月2025 11:55:08.520] [modloading-worker-0/DEBUG] [net.neoforged.fml.javafmlmod.AutomaticEventSubscriber/LOADING]: Attempting to inject @EventBusSubscriber classes into the eventbus for disc_jockey
[149月2025 11:55:08.646] [modloading-sync-worker/DEBUG] [net.neoforged.fml.config.ConfigTracker/CONFIG]: Loading configs type CLIENT
[149月2025 11:55:08.654] [modloading-sync-worker/DEBUG] [net.neoforged.neoforge.common.NeoForgeConfig/FORGEMOD]: Loaded NeoForge config file neoforge-client.toml
[149月2025 11:55:08.654] [modloading-sync-worker/DEBUG] [net.neoforged.fml.config.ConfigTracker/CONFIG]: Loaded TOML config file F:\disc_jockey-1.21-fabric-quilt-neoforge-template\neoforge\run\config\neoforge-client.toml
[149月2025 11:55:08.657] [modloading-sync-worker/DEBUG] [net.neoforged.fml.config.ConfigTracker/CONFIG]: Watching TOML config file F:\disc_jockey-1.21-fabric-quilt-neoforge-template\neoforge\run\config\neoforge-client.toml for changes
[149月2025 11:55:08.658] [modloading-sync-worker/DEBUG] [net.neoforged.fml.config.ConfigTracker/CONFIG]: Loading configs type COMMON
[149月2025 11:55:08.660] [modloading-sync-worker/DEBUG] [net.neoforged.neoforge.common.NeoForgeConfig/FORGEMOD]: Loaded NeoForge config file neoforge-common.toml
[149月2025 11:55:08.660] [modloading-sync-worker/DEBUG] [net.neoforged.fml.config.ConfigTracker/CONFIG]: Loaded TOML config file F:\disc_jockey-1.21-fabric-quilt-neoforge-template\neoforge\run\config\neoforge-common.toml
[149月2025 11:55:08.661] [modloading-sync-worker/DEBUG] [net.neoforged.fml.config.ConfigTracker/CONFIG]: Watching TOML config file F:\disc_jockey-1.21-fabric-quilt-neoforge-template\neoforge\run\config\neoforge-common.toml for changes
[149月2025 11:55:09.024] [Render thread/INFO] [net.neoforged.neoforge.gametest.GameTestHooks/]: Enabled Gametest Namespaces: []
[149月2025 11:55:09.133] [Render thread/INFO] [net.minecraft.resource.ReloadableResourceManagerImpl/]: Reloading ResourceManager: vanilla, mod_resources, mod/cloth_config, mod/generated_3b4e93c, mod/architectury, mod/disc_jockey, mod/neoforge
[149月2025 11:55:09.194] [Render thread/DEBUG] [net.neoforged.fml.DeferredWorkQueue/LOADING]: Dispatching synchronous work for work queue Common setup: 1 jobs
[149月2025 11:55:09.195] [Render thread/DEBUG] [net.neoforged.fml.DeferredWorkQueue/LOADING]: Synchronous work queue completed in 686.3 μs
[149月2025 11:55:09.256] [Worker-Main-1/INFO] [net.minecraft.client.font.UnihexFont/]: Found unifont_all_no_pua-15.1.05.hex, loading
[149月2025 11:55:09.551] [Worker-Main-3/INFO] [net.minecraft.client.font.UnihexFont/]: Found unifont_jp_patch-15.1.05.hex, loading
[149月2025 11:55:10.923] [Render thread/WARN] [net.minecraft.client.sound.SoundSystem/]: Missing sound for event: minecraft:item.goat_horn.play
[149月2025 11:55:10.924] [Render thread/WARN] [net.minecraft.client.sound.SoundSystem/]: Missing sound for event: minecraft:entity.goat.screaming.horn_break
[149月2025 11:55:11.019] [Render thread/INFO] [net.minecraft.client.sound.SoundEngine/]: OpenAL initialized on device OpenAL Soft on 扬声器 (Realtek High Definition Audio)
[149月2025 11:55:11.020] [Render thread/INFO] [net.minecraft.client.sound.SoundSystem/SOUNDS]: Sound engine started
[149月2025 11:55:11.135] [Render thread/INFO] [net.minecraft.client.texture.SpriteAtlasTexture/]: Created: 1024x512x4 minecraft:textures/atlas/blocks.png-atlas
[149月2025 11:55:11.144] [Render thread/INFO] [net.minecraft.client.texture.SpriteAtlasTexture/]: Created: 256x256x4 minecraft:textures/atlas/signs.png-atlas
[149月2025 11:55:11.144] [Render thread/INFO] [net.minecraft.client.texture.SpriteAtlasTexture/]: Created: 512x512x4 minecraft:textures/atlas/shield_patterns.png-atlas
[149月2025 11:55:11.144] [Render thread/INFO] [net.minecraft.client.texture.SpriteAtlasTexture/]: Created: 512x512x4 minecraft:textures/atlas/banner_patterns.png-atlas
[149月2025 11:55:11.145] [Render thread/INFO] [net.minecraft.client.texture.SpriteAtlasTexture/]: Created: 1024x1024x4 minecraft:textures/atlas/armor_trims.png-atlas
[149月2025 11:55:11.147] [Render thread/INFO] [net.minecraft.client.texture.SpriteAtlasTexture/]: Created: 256x256x4 minecraft:textures/atlas/chest.png-atlas
[149月2025 11:55:11.148] [Render thread/INFO] [net.minecraft.client.texture.SpriteAtlasTexture/]: Created: 128x64x4 minecraft:textures/atlas/decorated_pot.png-atlas
[149月2025 11:55:11.149] [Render thread/INFO] [net.minecraft.client.texture.SpriteAtlasTexture/]: Created: 512x256x4 minecraft:textures/atlas/shulker_boxes.png-atlas
[149月2025 11:55:11.149] [Render thread/INFO] [net.minecraft.client.texture.SpriteAtlasTexture/]: Created: 512x256x4 minecraft:textures/atlas/beds.png-atlas
[149月2025 11:55:11.309] [Render thread/INFO] [net.minecraft.client.texture.SpriteAtlasTexture/]: Created: 512x256x0 minecraft:textures/atlas/particles.png-atlas
[149月2025 11:55:11.310] [Render thread/INFO] [net.minecraft.client.texture.SpriteAtlasTexture/]: Created: 512x256x0 minecraft:textures/atlas/paintings.png-atlas
[149月2025 11:55:11.311] [Render thread/INFO] [net.minecraft.client.texture.SpriteAtlasTexture/]: Created: 256x128x0 minecraft:textures/atlas/mob_effects.png-atlas
[149月2025 11:55:11.311] [Render thread/INFO] [net.minecraft.client.texture.SpriteAtlasTexture/]: Created: 64x64x0 minecraft:textures/atlas/map_decorations.png-atlas
[149月2025 11:55:11.311] [Render thread/INFO] [net.minecraft.client.texture.SpriteAtlasTexture/]: Created: 1024x512x0 minecraft:textures/atlas/gui.png-atlas
[149月2025 11:55:11.338] [Render thread/WARN] [net.minecraft.client.gl.ShaderProgram/]: Shader rendertype_entity_translucent_emissive could not find sampler named Sampler2 in the specified shader program.
[149月2025 11:55:35.347] [Render thread/INFO] [net.minecraft.client.MinecraftClient/]: Stopping!
